→ extension quick relaunch — production-like LavaMoat build · CDP :7661 (output streams below)
Extension live validation command:
  mm-harness runtime-launch --adapter extension --target /Users/deeeed/dev/metamask/metamask-extension-1 --cdp-port 7661 --build-lavamoat --preserve-profile 
Launch artifacts: /Users/deeeed/dev/metamask/metamask-extension-1/temp/recipe/harness/extension/live/20260909T044858Z/launch
Verify artifacts: /Users/deeeed/dev/metamask/metamask-extension-1/temp/recipe/harness/extension/live/20260909T044858Z/verify
[recipe-harness] phase 1/2: launch (prepare + CDP readiness)
[recipe-harness] running prepare pipeline (watch/build, dist snapshot, browser, fixture seed)...
mm-harness | extension prepare
mm-harness | full log: /Users/deeeed/dev/metamask/metamask-extension-1/temp/recipe/harness/extension/live/20260909T044858Z/launch/logs/launch.log
mm-harness | full stream: mm-harness logs --full

  * running prepare pipeline (watch/build, dist snapshot, browser, fixture seed)...
[env] node v24.13.0 from .tool-versions/.nvmrc via asdf (24.13.0)
[recipe-harness] clean non-test LavaMoat build
mm-harness | extension prepare
mm-harness | full log: /Users/deeeed/dev/metamask/metamask-extension-1/temp/recipe/harness/extension/live/20260909T044858Z/launch/logs/launch.log
mm-harness | full stream: mm-harness logs --full

  * running prepare pipeline (watch/build, dist snapshot, browser, fixture seed)...
  * clean non-test LavaMoat build
🦊 Running production build…
<s> [webpack.Progress] 0% 

<s> [webpack.Progress] 1% setup before run
<s> [webpack.Progress] 1% setup before run NodeEnvironmentPlugin
<s> [webpack.Progress] 1% setup before run LavaMoatPlugin
<s> [webpack.Progress] 1% setup before run
<s> [webpack.Progress] 2% setup run
<s> [webpack.Progress] 2% setup run
<s> [webpack.Progress] 4% setup normal module factory
<s> [webpack.Progress] 4% setup normal module factory
<s> [webpack.Progress] 5% setup context module factory
<s> [webpack.Progress] 5% setup context module factory
<s> [webpack.Progress] 6% setup before compile
<s> [webpack.Progress] 6% setup before compile ProgressPlugin
<s> [webpack.Progress] 6% setup before compile
<s> [webpack.Progress] 7% setup compile
<s> [webpack.Progress] 7% setup compile ExternalsPlugin
<s> [webpack.Progress] 7% setup compile
<s> [webpack.Progress] 8% setup compilation
<s> [webpack.Progress] 8% setup compilation html-bundler-webpack-plugin
<s> [webpack.Progress] 8% setup compilation CopyPlugin
<s> [webpack.Progress] 8% setup compilation LavaMoatPlugin
<s> [webpack.Progress] 8% setup compilation Layer
<s> [webpack.Progress] 8% setup compilation ArrayPushCallbackChunkFormatPlugin
<s> [webpack.Progress] 8% setup compilation JsonpChunkLoadingPlugin
<s> [webpack.Progress] 8% setup compilation StartupChunkDependenciesPlugin
<s> [webpack.Progress] 8% setup compilation ImportScriptsChunkLoadingPlugin
<s> [webpack.Progress] 8% setup compilation ExportPropertyLibraryPlugin
<s> [webpack.Progress] 8% setup compilation JsonpLibraryPlugin
<s> [webpack.Progress] 8% setup compilation WorkerPlugin
<s> [webpack.Progress] 8% setup compilation SplitChunksPlugin
<s> [webpack.Progress] 8% setup compilation RuntimeChunkPlugin
<s> [webpack.Progress] 8% setup compilation ResolverCachePlugin
<s> [webpack.Progress] 8% setup compilation
<s> [webpack.Progress] 9% setup compilation
<s> [webpack.Progress] 9% setup compilation ManifestPlugin
<s> [webpack.Progress] 9% setup compilation ProvidePlugin
<s> [webpack.Progress] 9% setup compilation ProgressPlugin
<s> [webpack.Progress] 9% setup compilation ExternalsPlugin
<s> [webpack.Progress] 9% setup compilation ChunkPrefetchPreloadPlugin
<s> [webpack.Progress] 9% setup compilation SourceMapDevToolPlugin
<s> [webpack.Progress] 9% setup compilation JavascriptModulesPlugin
<s> [webpack.Progress] 9% setup compilation JsonModulesPlugin
<s> [webpack.Progress] 9% setup compilation AssetModulesPlugin
<s> [webpack.Progress] 9% setup compilation EntryPlugin
<s> [webpack.Progress] 9% setup compilation EntryPlugin
<s> [webpack.Progress] 9% setup compilation EntryPlugin
<s> [webpack.Progress] 9% setup compilation EntryPlugin
<s> [webpack.Progress] 9% setup compilation EntryPlugin
<s> [webpack.Progress] 9% setup compilation EntryPlugin
<s> [webpack.Progress] 9% setup compilation EntryPlugin
<s> [webpack.Progress] 9% setup compilation EntryPlugin
<s> [webpack.Progress] 9% setup compilation EntryPlugin
<s> [webpack.Progress] 9% setup compilation EntryPlugin
<s> [webpack.Progress] 9% setup compilation EntryPlugin
<s> [webpack.Progress] 9% setup compilation EntryPlugin
<s> [webpack.Progress] 9% setup compilation RuntimePlugin
<s> [webpack.Progress] 9% setup compilation InferAsyncModulesPlugin
<s> [webpack.Progress] 9% setup compilation DataUriPlugin
<s> [webpack.Progress] 9% setup compilation FileUriPlugin
<s> [webpack.Progress] 9% setup compilation CompatibilityPlugin
<s> [webpack.Progress] 9% setup compilation HarmonyModulesPlugin
<s> [webpack.Progress] 9% setup compilation AMDPlugin
<s> [webpack.Progress] 9% setup compilation RequireJsStuffPlugin
<s> [webpack.Progress] 9% setup compilation CommonJsPlugin
<s> [webpack.Progress] 9% setup compilation LoaderPlugin
<s> [webpack.Progress] 9% setup compilation LoaderPlugin
<s> [webpack.Progress] 9% setup compilation NodeStuffPlugin
<s> [webpack.Progress] 9% setup compilation APIPlugin
<s> [webpack.Progress] 9% setup compilation ExportsInfoApiPlugin
<s> [webpack.Progress] 9% setup compilation WebpackIsIncludedPlugin
<s> [webpack.Progress] 9% setup compilation ConstPlugin
<s> [webpack.Progress] 9% setup compilation UseStrictPlugin
<s> [webpack.Progress] 9% setup compilation RequireIncludePlugin
<s> [webpack.Progress] 9% setup compilation RequireEnsurePlugin
<s> [webpack.Progress] 9% setup compilation RequireContextPlugin
<s> [webpack.Progress] 9% setup compilation ImportPlugin
<s> [webpack.Progress] 9% setup compilation ImportMetaContextPlugin
<s> [webpack.Progress] 9% setup compilation SystemPlugin
<s> [webpack.Progress] 9% setup compilation ImportMetaPlugin
<s> [webpack.Progress] 9% setup compilation URLPlugin
<s> [webpack.Progress] 9% setup compilation DefaultStatsFactoryPlugin
<s> [webpack.Progress] 9% setup compilation DefaultStatsPresetPlugin
<s> [webpack.Progress] 9% setup compilation DefaultStatsPrinterPlugin
<s> [webpack.Progress] 9% setup compilation JavascriptMetaInfoPlugin
<s> [webpack.Progress] 9% setup compilation EnsureChunkConditionsPlugin
<s> [webpack.Progress] 9% setup compilation RemoveParentModulesPlugin
<s> [webpack.Progress] 9% setup compilation RemoveEmptyChunksPlugin
<s> [webpack.Progress] 9% setup compilation MergeDuplicateChunksPlugin
<s> [webpack.Progress] 9% setup compilation FlagIncludedChunksPlugin
<s> [webpack.Progress] 9% setup compilation SideEffectsFlagPlugin
<s> [webpack.Progress] 9% setup compilation FlagDependencyExportsPlugin
<s> [webpack.Progress] 9% setup compilation FlagDependencyUsagePlugin
<s> [webpack.Progress] 9% setup compilation InnerGraphPlugin
<s> [webpack.Progress] 9% setup compilation MangleExportsPlugin
<s> [webpack.Progress] 9% setup compilation NoEmitOnErrorsPlugin
<s> [webpack.Progress] 9% setup compilation RealContentHashPlugin
<s> [webpack.Progress] 9% setup compilation WasmFinalizeExportsPlugin
<s> [webpack.Progress] 9% setup compilation DeterministicModuleIdsPlugin
<s> [webpack.Progress] 9% setup compilation DeterministicChunkIdsPlugin
<s> [webpack.Progress] 9% setup compilation DefinePlugin
<s> [webpack.Progress] 9% setup compilation TerserPlugin
<s> [webpack.Progress] 9% setup compilation TemplatedPathPlugin
<s> [webpack.Progress] 9% setup compilation RecordIdsPlugin
<s> [webpack.Progress] 9% setup compilation WarnCaseSensitiveModulesPlugin
<s> [webpack.Progress] 9% setup compilation IgnoreWarningsPlugin
<s> [webpack.Progress] 9% setup compilation
<s> [webpack.Progress] 10% building
<s> [webpack.Progress] 10% building 0/1 entries 0/0 dependencies 0/0 modules
<s> [webpack.Progress] 10% building import loader ../development/.webpack/utils/loaders/swcLoader.js
<s> [webpack.Progress] 10% building import loader ../development/.webpack/utils/loaders/envValidationLoader.js
<s> [webpack.Progress] 10% building 0/12 entries 10/12 dependencies 0/10 modules
<s> [webpack.Progress] 10% building import loader ../node_modules/html-bundler-webpack-plugin/src/Loader/index.js
<s> [webpack.Progress] 10% building 0/12 entries 10/12 dependencies 0/10 modules
<s> [webpack.Progress] 13% building 1/16 entries 12/51 dependencies 1/10 modules
<s> [webpack.Progress] 13% building import loader ../node_modules/@lavamoat/webpack/src/excludeLoader.js
<s> [webpack.Progress] 13% building 1/16 entries 20/51 dependencies 1/12 modules
<s> [webpack.Progress] 16% building 2/16 entries 20/56 dependencies 2/12 modules
<s> [webpack.Progress] 20% building 3/16 entries 44/71 dependencies 3/23 modules
<s> [webpack.Progress] 23% building 4/16 entries 44/71 dependencies 4/23 modules
<s> [webpack.Progress] 27% building 5/16 entries 44/71 dependencies 6/23 modules
<s> [webpack.Progress] 27% building import loader ../node_modules/css-loader/dist/cjs.js
<s> [webpack.Progress] 27% building import loader ../node_modules/postcss-loader/dist/cjs.js
<s> [webpack.Progress] 27% building import loader ../node_modules/sass-loader/dist/cjs/index.js
<s> [webpack.Progress] 27% building 5/16 entries 326/402 dependencies 57/212 modules
<s> [webpack.Progress] 27% building 5/16 entries 900/986 dependencies 124/574 modules
<s> [webpack.Progress] 27% building 5/16 entries 1000/1080 dependencies 128/637 modules
<s> [webpack.Progress] 27% building 5/16 entries 1200/1279 dependencies 131/710 modules
<s> [webpack.Progress] 27% building 5/16 entries 1417/1500 dependencies 151/748 modules
<s> [webpack.Progress] 27% building 5/16 entries 1628/1700 dependencies 177/878 modules
<s> [webpack.Progress] 27% building 5/16 entries 1944/2327 dependencies 206/1100 modules
<s> [webpack.Progress] 27% building 5/16 entries 2922/3000 dependencies 270/1786 modules
<s> [webpack.Progress] 27% building 5/16 entries 4300/4421 dependencies 437/2616 modules
<s> [webpack.Progress] 27% building import loader ../node_modules/thread-loader/dist/cjs.js
<s> [webpack.Progress] 27% building import loader ../development/.webpack/utils/loaders/reactCompilerLoaderWrapper.js
<s> [webpack.Progress] 27% building 5/16 entries 4839/4925 dependencies 509/2763 modules
<s> [webpack.Progress] 27% building 5/16 entries 5732/5800 dependencies 754/3043 modules
<s> [webpack.Progress] 27% building 5/16 entries 7300/7386 dependencies 1055/3566 modules
<s> [webpack.Progress] 27% building 5/16 entries 9160/9200 dependencies 1250/3871 modules
<s> [webpack.Progress] 27% building 5/16 entries 10100/10160 dependencies 1575/4112 modules
<s> [webpack.Progress] 28% building 5/16 entries 10523/10600 dependencies 1662/4250 modules
<s> [webpack.Progress] 29% building 5/16 entries 11000/11059 dependencies 1756/4369 modules
<s> [webpack.Progress] 30% building 5/16 entries 11494/11583 dependencies 1870/4500 modules
<s> [webpack.Progress] 32% building 5/16 entries 12268/12400 dependencies 2031/4771 modules
<s> [webpack.Progress] 37% building 5/16 entries 13515/13600 dependencies 2511/5050 modules
<s> [webpack.Progress] 39% building 5/16 entries 14631/14700 dependencies 2934/5433 modules
<s> [webpack.Progress] 40% building 5/16 entries 15347/15400 dependencies 3126/5618 modules
<s> [webpack.Progress] 40% building 5/16 entries 16123/16200 dependencies 3249/5924 modules
<s> [webpack.Progress] 40% building 5/16 entries 17285/17496 dependencies 3575/6500 modules
<s> [webpack.Progress] 41% building 5/16 entries 18466/18500 dependencies 3992/6956 modules
<s> [webpack.Progress] 43% building 5/16 entries 19436/19500 dependencies 4323/7188 modules
<s> [webpack.Progress] 43% building 5/16 entries 19616/19700 dependencies 4375/7239 modules
<s> [webpack.Progress] 43% building 5/16 entries 19712/19800 dependencies 4384/7276 modules
<s> [webpack.Progress] 42% building 5/16 entries 20000/20084 dependencies 4404/7364 modules
<s> [webpack.Progress] 42% building 5/16 entries 20226/20300 dependencies 4429/7452 modules
<s> [webpack.Progress] 42% building 5/16 entries 20976/21100 dependencies 4545/7638 modules
<s> [webpack.Progress] 42% building 5/16 entries 22045/22100 dependencies 4793/8052 modules
<s> [webpack.Progress] 41% building 5/16 entries 23477/23656 dependencies 4900/8457 modules
<s> [webpack.Progress] 42% building 5/16 entries 24734/24804 dependencies 5300/8875 modules
<s> [webpack.Progress] 42% building 6/16 entries 24734/24805 dependencies 5318/8875 modules
<s> [webpack.Progress] 42% building 6/16 entries 25389/25500 dependencies 5480/9203 modules
<s> [webpack.Progress] 42% building 6/16 entries 25844/25900 dependencies 5515/9458 modules
<s> [webpack.Progress] 41% building 6/16 entries 26388/26500 dependencies 5550/9616 modules
<s> [webpack.Progress] 41% building 6/16 entries 26778/26900 dependencies 5588/9708 modules
<s> [webpack.Progress] 41% building 6/16 entries 27220/27252 dependencies 5600/9824 modules
<s> [webpack.Progress] 41% building 6/16 entries 27600/27702 dependencies 5627/9878 modules
<s> [webpack.Progress] 42% building 6/16 entries 28452/28493 dependencies 5966/10100 modules
<s> [webpack.Progress] 42% building 6/16 entries 29096/29200 dependencies 6123/10284 modules
<s> [webpack.Progress] 43% building 6/16 entries 30379/30400 dependencies 6386/10526 modules
<s> [webpack.Progress] 44% building 6/16 entries 32032/32099 dependencies 6739/10900 modules
<s> [webpack.Progress] 43% building 6/16 entries 32900/33025 dependencies 6916/11210 modules
<s> [webpack.Progress] 43% building 6/16 entries 33508/33600 dependencies 6990/11322 modules
<s> [webpack.Progress] 43% building 6/16 entries 34316/34400 dependencies 7108/11539 modules
<s> [webpack.Progress] 44% building 6/16 entries 34700/34783 dependencies 7178/11587 modules
<s> [webpack.Progress] 44% building 6/16 entries 35100/35152 dependencies 7223/11679 modules
<s> [webpack.Progress] 44% building 6/16 entries 35234/35300 dependencies 7253/11705 modules
<s> [webpack.Progress] 43% building 6/16 entries 35638/35800 dependencies 7289/11805 modules
<s> [webpack.Progress] 43% building 6/16 entries 36160/36200 dependencies 7341/11890 modules
<s> [webpack.Progress] 43% building 6/16 entries 36554/36700 dependencies 7377/11948 modules
<s> [webpack.Progress] 44% building 6/16 entries 37069/37100 dependencies 7486/12040 modules
<s> [webpack.Progress] 44% building 6/16 entries 37640/37700 dependencies 7535/12166 modules
<s> [webpack.Progress] 44% building 6/16 entries 38700/38740 dependencies 7779/12356 modules
<s> [webpack.Progress] 45% building 6/16 entries 39900/39981 dependencies 8340/12755 modules
<s> [webpack.Progress] 47% building 6/16 entries 41235/41300 dependencies 8835/13123 modules
<s> [webpack.Progress] 47% building 6/16 entries 41800/41994 dependencies 9049/13182 modules
<s> [webpack.Progress] 47% building 6/16 entries 42697/42800 dependencies 9223/13371 modules
<s> [webpack.Progress] 48% building 6/16 entries 43393/43433 dependencies 9382/13500 modules
<s> [webpack.Progress] 48% building 6/16 entries 43696/43800 dependencies 9451/13548 modules
<s> [webpack.Progress] 48% building 6/16 entries 44485/44500 dependencies 9537/13645 modules
<s> [webpack.Progress] 48% building 6/16 entries 44752/44900 dependencies 9590/13673 modules
<s> [webpack.Progress] 48% building 6/16 entries 45153/45200 dependencies 9656/13723 modules
<s> [webpack.Progress] 49% building 6/16 entries 45700/45800 dependencies 9811/13836 modules
<s> [webpack.Progress] 49% building 6/16 entries 46300/46378 dependencies 9937/13914 modules
<s> [webpack.Progress] 49% building 6/16 entries 47846/48000 dependencies 10497/14450 modules
<s> [webpack.Progress] 50% building 6/16 entries 49100/49198 dependencies 11039/14890 modules
<s> [webpack.Progress] 51% building 6/16 entries 49882/49900 dependencies 11348/14964 modules
<s> [webpack.Progress] 51% building 6/16 entries 50500/50528 dependencies 11460/15135 modules
<s> [webpack.Progress] 51% building 6/16 entries 51091/51121 dependencies 11500/15242 modules
<s> [webpack.Progress] 51% building 6/16 entries 51710/51800 dependencies 11680/15395 modules
<s> [webpack.Progress] 52% building 6/16 entries 52168/52200 dependencies 11824/15455 modules
<s> [webpack.Progress] 53% building 6/16 entries 53180/53224 dependencies 12500/15749 modules
<s> [webpack.Progress] 55% building 6/16 entries 54743/54800 dependencies 13122/15992 modules
<s> [webpack.Progress] 55% building 6/16 entries 55365/55400 dependencies 13321/16081 modules
<s> [webpack.Progress] 55% building 6/16 entries 55700/55755 dependencies 13442/16121 modules
<s> [webpack.Progress] 55% building 6/16 entries 56506/56600 dependencies 13565/16260 modules
<s> [webpack.Progress] 55% building 6/16 entries 57153/57200 dependencies 13620/16298 modules
<s> [webpack.Progress] 56% building 6/16 entries 57720/57800 dependencies 13770/16423 modules
<s> [webpack.Progress] 56% building 6/16 entries 58006/58100 dependencies 13856/16448 modules
<s> [webpack.Progress] 56% building 7/16 entries 58411/58495 dependencies 13955/16610 modules
<s> [webpack.Progress] 56% building 7/16 entries 59796/59812 dependencies 14500/17070 modules
<s> [webpack.Progress] 57% building 7/16 entries 60300/60380 dependencies 14735/17114 modules
<s> [webpack.Progress] 57% building 7/16 entries 60842/60900 dependencies 14847/17240 modules
<s> [webpack.Progress] 57% building 7/16 entries 61539/61600 dependencies 15074/17314 modules
<s> [webpack.Progress] 57% building 7/16 entries 63057/63100 dependencies 15491/18079 modules
<s> [webpack.Progress] 58% building 7/16 entries 63858/63900 dependencies 15978/18282 modules
<s> [webpack.Progress] 58% building 7/16 entries 65041/65100 dependencies 16192/18388 modules
<s> [webpack.Progress] 58% building 7/16 entries 67151/67300 dependencies 16485/18527 modules
<s> [webpack.Progress] 59% building 7/16 entries 68264/68300 dependencies 16825/18784 modules
<s> [webpack.Progress] 60% building 7/16 entries 69300/69420 dependencies 17344/19033 modules
<s> [webpack.Progress] 61% building 7/16 entries 70356/70400 dependencies 17997/19189 modules
<s> [webpack.Progress] 62% building 7/16 entries 71661/71700 dependencies 18616/19506 modules
<s> [webpack.Progress] 62% building 8/16 entries 72037/72040 dependencies 18794/19587 modules
<s> [webpack.Progress] 64% building 9/16 entries 72903/73133 dependencies 19517/19778 modules
<s> [webpack.Progress] 64% building 10/16 entries 72903/73133 dependencies 19518/19778 modules
<s> [webpack.Progress] 64% building 11/16 entries 72903/73133 dependencies 19520/19778 modules
<s> [webpack.Progress] 64% building 12/16 entries 73374/73374 dependencies 19830/19834 modules
<s> [webpack.Progress] 64% building 13/16 entries 73374/73374 dependencies 19831/19834 modules
<s> [webpack.Progress] 64% building 14/16 entries 73374/73374 dependencies 19832/19834 modules
<s> [webpack.Progress] 64% building 15/16 entries 73374/73374 dependencies 19833/19834 modules
<s> [webpack.Progress] 65% building 16/16 entries 73374/73374 dependencies 19834/19834 modules
<s> [webpack.Progress] 65% building
<s> [webpack.Progress] 69% building finish
<s> [webpack.Progress] 69% building finish
<s> [webpack.Progress] 70% sealing finish module graph
<s> [webpack.Progress] 70% sealing finish module graph ResolverCachePlugin
<s> [webpack.Progress] 70% sealing finish module graph InferAsyncModulesPlugin
<s> [webpack.Progress] 70% sealing finish module graph FlagDependencyExportsPlugin
<s> [webpack.Progress] 70% sealing finish module graph InnerGraphPlugin
<s> [webpack.Progress] 70% sealing finish module graph WasmFinalizeExportsPlugin
<s> [webpack.Progress] 70% sealing finish module graph ExportPropertyLibraryPlugin
<s> [webpack.Progress] 70% sealing finish module graph JsonpLibraryPlugin
<s> [webpack.Progress] 70% sealing finish module graph
<s> [webpack.Progress] 70% sealing plugins
<s> [webpack.Progress] 70% sealing plugins WarnCaseSensitiveModulesPlugin
<s> [webpack.Progress] 70% sealing plugins
<s> [webpack.Progress] 71% sealing dependencies optimization
<s> [webpack.Progress] 71% sealing dependencies optimization SideEffectsFlagPlugin
<s> [webpack.Progress] 71% sealing dependencies optimization FlagDependencyUsagePlugin
<s> [webpack.Progress] 71% sealing dependencies optimization
<s> [webpack.Progress] 71% sealing after dependencies optimization
<s> [webpack.Progress] 71% sealing after dependencies optimization
<s> [webpack.Progress] 72% sealing chunk graph
<s> [webpack.Progress] 72% sealing chunk graph
<s> [webpack.Progress] 73% sealing after chunk graph
<s> [webpack.Progress] 73% sealing after chunk graph
<s> [webpack.Progress] 73% sealing optimizing
<s> [webpack.Progress] 73% sealing optimizing
<s> [webpack.Progress] 74% sealing module optimization
<s> [webpack.Progress] 74% sealing module optimization
<s> [webpack.Progress] 75% sealing after module optimization
<s> [webpack.Progress] 75% sealing after module optimization
<s> [webpack.Progress] 75% sealing chunk optimization
<s> [webpack.Progress] 75% sealing chunk optimization EnsureChunkConditionsPlugin
<s> [webpack.Progress] 75% sealing chunk optimization RemoveParentModulesPlugin
<s> [webpack.Progress] 75% sealing chunk optimization RemoveEmptyChunksPlugin
<s> [webpack.Progress] 75% sealing chunk optimization MergeDuplicateChunksPlugin
<s> [webpack.Progress] 75% sealing chunk optimization SplitChunksPlugin
<s> [webpack.Progress] 75% sealing chunk optimization RemoveEmptyChunksPlugin
<s> [webpack.Progress] 75% sealing chunk optimization
<s> [webpack.Progress] 76% sealing after chunk optimization
<s> [webpack.Progress] 76% sealing after chunk optimization
<s> [webpack.Progress] 77% sealing module and chunk tree optimization
<s> [webpack.Progress] 77% sealing module and chunk tree optimization
<s> [webpack.Progress] 77% sealing after module and chunk tree optimization
<s> [webpack.Progress] 77% sealing after module and chunk tree optimization
<s> [webpack.Progress] 78% sealing chunk modules optimization
<s> [webpack.Progress] 78% sealing chunk modules optimization
<s> [webpack.Progress] 78% sealing after chunk modules optimization
<s> [webpack.Progress] 78% sealing after chunk modules optimization
<s> [webpack.Progress] 79% sealing module reviving
<s> [webpack.Progress] 79% sealing module reviving RecordIdsPlugin
<s> [webpack.Progress] 79% sealing module reviving
<s> [webpack.Progress] 80% sealing before module ids
<s> [webpack.Progress] 80% sealing before module ids
<s> [webpack.Progress] 80% sealing module ids
<s> [webpack.Progress] 80% sealing module ids DeterministicModuleIdsPlugin
<s> [webpack.Progress] 80% sealing module ids
<s> [webpack.Progress] 81% sealing module id optimization
<s> [webpack.Progress] 81% sealing module id optimization
<s> [webpack.Progress] 82% sealing module id optimization
<s> [webpack.Progress] 82% sealing module id optimization
<s> [webpack.Progress] 82% sealing chunk reviving
<s> [webpack.Progress] 82% sealing chunk reviving RecordIdsPlugin
<s> [webpack.Progress] 82% sealing chunk reviving
<s> [webpack.Progress] 83% sealing before chunk ids
<s> [webpack.Progress] 83% sealing before chunk ids
<s> [webpack.Progress] 84% sealing chunk ids
<s> [webpack.Progress] 84% sealing chunk ids DeterministicChunkIdsPlugin
<s> [webpack.Progress] 84% sealing chunk ids
<s> [webpack.Progress] 84% sealing chunk id optimization
<s> [webpack.Progress] 84% sealing chunk id optimization FlagIncludedChunksPlugin
<s> [webpack.Progress] 84% sealing chunk id optimization
<s> [webpack.Progress] 85% sealing after chunk id optimization
<s> [webpack.Progress] 85% sealing after chunk id optimization LavaMoatPlugin
<s> [webpack.Progress] 85% sealing after chunk id optimization
<s> [webpack.Progress] 86% sealing record modules
<s> [webpack.Progress] 86% sealing record modules RecordIdsPlugin
<s> [webpack.Progress] 86% sealing record modules
<s> [webpack.Progress] 86% sealing record chunks
<s> [webpack.Progress] 86% sealing record chunks RecordIdsPlugin
<s> [webpack.Progress] 86% sealing record chunks
<s> [webpack.Progress] 87% sealing module hashing
<s> [webpack.Progress] 87% sealing module hashing
<s> [webpack.Progress] 87% sealing code generation
<s> [webpack.Progress] 87% sealing code generation
<s> [webpack.Progress] 88% sealing runtime requirements
<s> [webpack.Progress] 88% sealing runtime requirements
<s> [webpack.Progress] 89% sealing hashing
<s> [webpack.Progress] 89% sealing hashing
<s> [webpack.Progress] 89% sealing after hashing
<s> [webpack.Progress] 89% sealing after hashing
<s> [webpack.Progress] 90% sealing record hash
<s> [webpack.Progress] 90% sealing record hash
<s> [webpack.Progress] 91% sealing module assets processing
<s> [webpack.Progress] 91% sealing module assets processing
<s> [webpack.Progress] 91% sealing chunk assets processing
<s> [webpack.Progress] 91% sealing chunk assets processing
mm-harness | extension prepare
mm-harness | full log: /Users/deeeed/dev/metamask/metamask-extension-1/temp/recipe/harness/extension/live/20260909T044858Z/launch/logs/launch.log
mm-harness | full stream: mm-harness logs --full

  * running prepare pipeline (watch/build, dist snapshot, browser, fixture seed)...
  * clean non-test LavaMoat build
  * webpack 90% sealing record hash
  * webpack 91% sealing module assets processing
  * webpack 91% sealing chunk assets processing
<s> [webpack.Progress] 92% sealing asset processing
<s> [webpack.Progress] 92% sealing asset processing CopyPlugin
<s> [webpack.Progress] 92% sealing asset processing LavaMoatPlugin
<s> [webpack.Progress] 92% sealing asset processing TerserPlugin
mm-harness | extension prepare
mm-harness | full log: /Users/deeeed/dev/metamask/metamask-extension-1/temp/recipe/harness/extension/live/20260909T044858Z/launch/logs/launch.log
mm-harness | full stream: mm-harness logs --full

  * running prepare pipeline (watch/build, dist snapshot, browser, fixture seed)...
  * clean non-test LavaMoat build
  * webpack 90% sealing record hash
  * webpack 91% sealing module assets processing
  * webpack 91% sealing chunk assets processing
  * webpack 92% sealing asset processing
  * webpack 92% sealing asset processing CopyPlugin
  * webpack 92% sealing asset processing LavaMoatPlugin
  * webpack 92% sealing asset processing TerserPlugin
<s> [webpack.Progress] 92% sealing asset processing html-bundler-webpack-plugin
<s> [webpack.Progress] 92% sealing asset processing LavaMoatPlugin
<s> [webpack.Progress] 92% sealing asset processing SourceMapDevToolPlugin
<s> [webpack.Progress] 92% sealing asset processing SourceMapDevToolPlugin
<s> [webpack.Progress] 92% sealing asset processing SourceMapDevToolPlugin scripts/contentscript.js generate SourceMap
<s> [webpack.Progress] 92% sealing asset processing SourceMapDevToolPlugin scripts/contentscript.js generated SourceMap
<s> [webpack.Progress] 92% sealing asset processing SourceMapDevToolPlugin scripts/inpage.js generate SourceMap
<s> [webpack.Progress] 92% sealing asset processing SourceMapDevToolPlugin scripts/inpage.js generated SourceMap
<s> [webpack.Progress] 92% sealing asset processing SourceMapDevToolPlugin vendor/trezor/content-script.js generate SourceMap
mm-harness | extension prepare
mm-harness | full log: /Users/deeeed/dev/metamask/metamask-extension-1/temp/recipe/harness/extension/live/20260909T044858Z/launch/logs/launch.log
mm-harness | full stream: mm-harness logs --full

  * webpack 92% sealing asset processing LavaMoatPlugin
  * webpack 92% sealing asset processing TerserPlugin
  * webpack 92% sealing asset processing html-bundler-webpack-plugin
  * webpack 92% sealing asset processing LavaMoatPlugin
  * webpack 92% sealing asset processing SourceMapDevToolPlugin
  * webpack 92% sealing asset processing SourceMapDevToolPlugin scripts/contentscript.js generate SourceMap
  * webpack 92% sealing asset processing SourceMapDevToolPlugin scripts/contentscript.js generated SourceMap
  * webpack 92% sealing asset processing SourceMapDevToolPlugin scripts/inpage.js generate SourceMap
  * webpack 92% sealing asset processing SourceMapDevToolPlugin scripts/inpage.js generated SourceMap
  * webpack 92% sealing asset processing SourceMapDevToolPlugin vendor/trezor/content-script.js generate SourceMap
<s> [webpack.Progress] 92% sealing asset processing SourceMapDevToolPlugin vendor/trezor/content-script.js generated SourceMap
<s> [webpack.Progress] 92% sealing asset processing SourceMapDevToolPlugin service-worker.js generate SourceMap
<s> [webpack.Progress] 92% sealing asset processing SourceMapDevToolPlugin service-worker.js generated SourceMap
<s> [webpack.Progress] 92% sealing asset processing SourceMapDevToolPlugin index.css generate SourceMap
<s> [webpack.Progress] 92% sealing asset processing SourceMapDevToolPlugin index.css generated SourceMap
<s> [webpack.Progress] 92% sealing asset processing SourceMapDevToolPlugin bootstrap.73e8a169750c1d7fe3b9.js generate SourceMap
<s> [webpack.Progress] 92% sealing asset processing SourceMapDevToolPlugin bootstrap.73e8a169750c1d7fe3b9.js generated SourceMap
<s> [webpack.Progress] 92% sealing asset processing SourceMapDevToolPlugin ui.ed5164dd0db8f5f08df4.js generate SourceMap
<s> [webpack.Progress] 92% sealing asset processing SourceMapDevToolPlugin ui.ed5164dd0db8f5f08df4.js generated SourceMap
<s> [webpack.Progress] 92% sealing asset processing SourceMapDevToolPlugin offscreen.1.c55c2f2c3add73f13985.js generate SourceMap
<s> [webpack.Progress] 92% sealing asset processing SourceMapDevToolPlugin offscreen.1.c55c2f2c3add73f13985.js generated SourceMap
<s> [webpack.Progress] 92% sealing asset processing SourceMapDevToolPlugin usb-permissions.da619cdb9898966043f5.js generate SourceMap
<s> [webpack.Progress] 92% sealing asset processing SourceMapDevToolPlugin usb-permissions.da619cdb9898966043f5.js generated SourceMap
<s> [webpack.Progress] 92% sealing asset processing SourceMapDevToolPlugin runtime.9a0fe3ca648ec1294d8c.js generate SourceMap
<s> [webpack.Progress] 92% sealing asset processing SourceMapDevToolPlugin runtime.9a0fe3ca648ec1294d8c.js generated SourceMap
<s> [webpack.Progress] 92% sealing asset processing SourceMapDevToolPlugin 9380.f7db18faea6f2d840e1e.js generate SourceMap
mm-harness | extension prepare
mm-harness | full log: /Users/deeeed/dev/metamask/metamask-extension-1/temp/recipe/harness/extension/live/20260909T044858Z/launch/logs/launch.log
mm-harness | full stream: mm-harness logs --full

  * webpack 92% sealing asset processing SourceMapDevToolPlugin bootstrap.73e8a169750c1d7fe3b9.js generated SourceMap
  * webpack 92% sealing asset processing SourceMapDevToolPlugin ui.ed5164dd0db8f5f08df4.js generate SourceMap
  * webpack 92% sealing asset processing SourceMapDevToolPlugin ui.ed5164dd0db8f5f08df4.js generated SourceMap
  * webpack 92% sealing asset processing SourceMapDevToolPlugin offscreen.1.c55c2f2c3add73f13985.js generate SourceMap
  * webpack 92% sealing asset processing SourceMapDevToolPlugin offscreen.1.c55c2f2c3add73f13985.js generated SourceMap
  * webpack 92% sealing asset processing SourceMapDevToolPlugin usb-permissions.da619cdb9898966043f5.js generate SourceMap
  * webpack 92% sealing asset processing SourceMapDevToolPlugin usb-permissions.da619cdb9898966043f5.js generated SourceMap
  * webpack 92% sealing asset processing SourceMapDevToolPlugin runtime.9a0fe3ca648ec1294d8c.js generate SourceMap
  * webpack 92% sealing asset processing SourceMapDevToolPlugin runtime.9a0fe3ca648ec1294d8c.js generated SourceMap
  * webpack 92% sealing asset processing SourceMapDevToolPlugin 9380.f7db18faea6f2d840e1e.js generate SourceMap
<s> [webpack.Progress] 92% sealing asset processing SourceMapDevToolPlugin 9380.f7db18faea6f2d840e1e.js generated SourceMap
<s> [webpack.Progress] 92% sealing asset processing SourceMapDevToolPlugin 1122.7b5a00910cae4f47d5e8.js generate SourceMap
<s> [webpack.Progress] 92% sealing asset processing SourceMapDevToolPlugin 1122.7b5a00910cae4f47d5e8.js generated SourceMap
<s> [webpack.Progress] 92% sealing asset processing SourceMapDevToolPlugin 2721.becc20539dc5a7dc5ba8.js generate SourceMap
<s> [webpack.Progress] 92% sealing asset processing SourceMapDevToolPlugin 2721.becc20539dc5a7dc5ba8.js generated SourceMap
<s> [webpack.Progress] 92% sealing asset processing SourceMapDevToolPlugin 7160.91dd0784d89945bd1dab.js generate SourceMap
<s> [webpack.Progress] 92% sealing asset processing SourceMapDevToolPlugin 7160.91dd0784d89945bd1dab.js generated SourceMap
<s> [webpack.Progress] 92% sealing asset processing SourceMapDevToolPlugin 8792.dcfa07f41b5d3b4cb06d.js generate SourceMap
<s> [webpack.Progress] 92% sealing asset processing SourceMapDevToolPlugin 8792.dcfa07f41b5d3b4cb06d.js generated SourceMap
<s> [webpack.Progress] 92% sealing asset processing SourceMapDevToolPlugin 5657.46bbe2be4cb8088dad60.js generate SourceMap
<s> [webpack.Progress] 92% sealing asset processing SourceMapDevToolPlugin 5657.46bbe2be4cb8088dad60.js generated SourceMap
<s> [webpack.Progress] 92% sealing asset processing SourceMapDevToolPlugin 2962.06a079739a7bbfb153b2.js generate SourceMap
<s> [webpack.Progress] 92% sealing asset processing SourceMapDevToolPlugin 2962.06a079739a7bbfb153b2.js generated SourceMap
<s> [webpack.Progress] 92% sealing asset processing SourceMapDevToolPlugin 5671.58c21003e2a330eaf759.js generate SourceMap
<s> [webpack.Progress] 92% sealing asset processing SourceMapDevToolPlugin 5671.58c21003e2a330eaf759.js generated SourceMap
<s> [webpack.Progress] 92% sealing asset processing SourceMapDevToolPlugin 6565.4eb185e80dd5aa5f059b.js generate SourceMap
<s> [webpack.Progress] 92% sealing asset processing SourceMapDevToolPlugin 6565.4eb185e80dd5aa5f059b.js generated SourceMap
<s> [webpack.Progress] 92% sealing asset processing SourceMapDevToolPlugin 4593.3ff40c54561bc2daed61.js generate SourceMap
<s> [webpack.Progress] 92% sealing asset processing SourceMapDevToolPlugin 4593.3ff40c54561bc2daed61.js generated SourceMap
<s> [webpack.Progress] 92% sealing asset processing SourceMapDevToolPlugin 2213.bd04ab64cbc78168ef9c.js generate SourceMap
<s> [webpack.Progress] 92% sealing asset processing SourceMapDevToolPlugin 2213.bd04ab64cbc78168ef9c.js generated SourceMap
<s> [webpack.Progress] 92% sealing asset processing SourceMapDevToolPlugin 7356.eccdc6f70710e68cc4a8.js generate SourceMap
<s> [webpack.Progress] 92% sealing asset processing SourceMapDevToolPlugin 7356.eccdc6f70710e68cc4a8.js generated SourceMap
<s> [webpack.Progress] 92% sealing asset processing SourceMapDevToolPlugin 2445.ebc1833418b14276524e.js generate SourceMap
<s> [webpack.Progress] 92% sealing asset processing SourceMapDevToolPlugin 2445.ebc1833418b14276524e.js generated SourceMap
<s> [webpack.Progress] 92% sealing asset processing SourceMapDevToolPlugin 891.94d4404b712fd53a72f6.js generate SourceMap
<s> [webpack.Progress] 92% sealing asset processing SourceMapDevToolPlugin 891.94d4404b712fd53a72f6.js generated SourceMap
<s> [webpack.Progress] 92% sealing asset processing SourceMapDevToolPlugin 4073.a0a47952952893b2e6e7.js generate SourceMap
<s> [webpack.Progress] 92% sealing asset processing SourceMapDevToolPlugin 4073.a0a47952952893b2e6e7.js generated SourceMap
<s> [webpack.Progress] 92% sealing asset processing SourceMapDevToolPlugin 9949.4c258d7311cd9ee2b89d.js generate SourceMap
<s> [webpack.Progress] 92% sealing asset processing SourceMapDevToolPlugin 9949.4c258d7311cd9ee2b89d.js generated SourceMap
<s> [webpack.Progress] 92% sealing asset processing SourceMapDevToolPlugin 4781.6a0e09b7ee38061ae664.js generate SourceMap
<s> [webpack.Progress] 92% sealing asset processing SourceMapDevToolPlugin 4781.6a0e09b7ee38061ae664.js generated SourceMap
<s> [webpack.Progress] 92% sealing asset processing SourceMapDevToolPlugin 343.40bb4d30116e829870f0.js generate SourceMap
<s> [webpack.Progress] 92% sealing asset processing SourceMapDevToolPlugin 343.40bb4d30116e829870f0.js generated SourceMap
<s> [webpack.Progress] 92% sealing asset processing SourceMapDevToolPlugin 1331.1c18e57a32d72e233e37.js generate SourceMap
<s> [webpack.Progress] 92% sealing asset processing SourceMapDevToolPlugin 1331.1c18e57a32d72e233e37.js generated SourceMap
<s> [webpack.Progress] 92% sealing asset processing SourceMapDevToolPlugin 133.a36d307179ff66933859.js generate SourceMap
<s> [webpack.Progress] 92% sealing asset processing SourceMapDevToolPlugin 133.a36d307179ff66933859.js generated SourceMap
<s> [webpack.Progress] 92% sealing asset processing SourceMapDevToolPlugin 483.8faa155b5d5d01459ef2.js generate SourceMap
<s> [webpack.Progress] 92% sealing asset processing SourceMapDevToolPlugin 483.8faa155b5d5d01459ef2.js generated SourceMap
<s> [webpack.Progress] 92% sealing asset processing SourceMapDevToolPlugin 6053.51e750c5b6eea9534e1f.js generate SourceMap
<s> [webpack.Progress] 92% sealing asset processing SourceMapDevToolPlugin 6053.51e750c5b6eea9534e1f.js generated SourceMap
<s> [webpack.Progress] 92% sealing asset processing SourceMapDevToolPlugin 5337.e8c6f311d6e2ca281caf.js generate SourceMap
<s> [webpack.Progress] 92% sealing asset processing SourceMapDevToolPlugin 5337.e8c6f311d6e2ca281caf.js generated SourceMap
<s> [webpack.Progress] 92% sealing asset processing SourceMapDevToolPlugin 1598.1d5ebda26ea8566939ce.js generate SourceMap
<s> [webpack.Progress] 92% sealing asset processing SourceMapDevToolPlugin 1598.1d5ebda26ea8566939ce.js generated SourceMap
<s> [webpack.Progress] 92% sealing asset processing SourceMapDevToolPlugin 9165.5abeb98fb31f19437f57.js generate SourceMap
<s> [webpack.Progress] 92% sealing asset processing SourceMapDevToolPlugin 9165.5abeb98fb31f19437f57.js generated SourceMap
<s> [webpack.Progress] 92% sealing asset processing SourceMapDevToolPlugin 7064.791e3741955923f44536.js generate SourceMap
<s> [webpack.Progress] 92% sealing asset processing SourceMapDevToolPlugin 7064.791e3741955923f44536.js generated SourceMap
<s> [webpack.Progress] 92% sealing asset processing SourceMapDevToolPlugin 6401.6f9eabba283c77972cdc.js generate SourceMap
<s> [webpack.Progress] 92% sealing asset processing SourceMapDevToolPlugin 6401.6f9eabba283c77972cdc.js generated SourceMap
<s> [webpack.Progress] 92% sealing asset processing SourceMapDevToolPlugin 1826.5369206db82691b7e18d.js generate SourceMap
<s> [webpack.Progress] 92% sealing asset processing SourceMapDevToolPlugin 1826.5369206db82691b7e18d.js generated SourceMap
<s> [webpack.Progress] 92% sealing asset processing SourceMapDevToolPlugin 2747.8e264e5d7fda0245a35e.js generate SourceMap
<s> [webpack.Progress] 92% sealing asset processing SourceMapDevToolPlugin 2747.8e264e5d7fda0245a35e.js generated SourceMap
<s> [webpack.Progress] 92% sealing asset processing SourceMapDevToolPlugin 2449.198974ec14f87826c693.js generate SourceMap
<s> [webpack.Progress] 92% sealing asset processing SourceMapDevToolPlugin 2449.198974ec14f87826c693.js generated SourceMap
<s> [webpack.Progress] 92% sealing asset processing SourceMapDevToolPlugin 2222.04d2d3b93693c95a6f9c.js generate SourceMap
<s> [webpack.Progress] 92% sealing asset processing SourceMapDevToolPlugin 2222.04d2d3b93693c95a6f9c.js generated SourceMap
<s> [webpack.Progress] 92% sealing asset processing SourceMapDevToolPlugin 1822.04c15daa24c62b84b485.js generate SourceMap
<s> [webpack.Progress] 92% sealing asset processing SourceMapDevToolPlugin 1822.04c15daa24c62b84b485.js generated SourceMap
<s> [webpack.Progress] 92% sealing asset processing SourceMapDevToolPlugin 305.5b017c9ea12ab2ecc5db.js generate SourceMap
<s> [webpack.Progress] 92% sealing asset processing SourceMapDevToolPlugin 305.5b017c9ea12ab2ecc5db.js generated SourceMap
<s> [webpack.Progress] 92% sealing asset processing SourceMapDevToolPlugin 2598.0223c138f017c27df3a1.js generate SourceMap
<s> [webpack.Progress] 92% sealing asset processing SourceMapDevToolPlugin 2598.0223c138f017c27df3a1.js generated SourceMap
<s> [webpack.Progress] 92% sealing asset processing SourceMapDevToolPlugin 3756.c54e9b2a5c3623716165.js generate SourceMap
<s> [webpack.Progress] 92% sealing asset processing SourceMapDevToolPlugin 3756.c54e9b2a5c3623716165.js generated SourceMap
<s> [webpack.Progress] 92% sealing asset processing SourceMapDevToolPlugin 4666.14d33f5059fe075ae7c5.js generate SourceMap
<s> [webpack.Progress] 92% sealing asset processing SourceMapDevToolPlugin 4666.14d33f5059fe075ae7c5.js generated SourceMap
<s> [webpack.Progress] 92% sealing asset processing SourceMapDevToolPlugin 4579.23b89764237cc268f333.js generate SourceMap
<s> [webpack.Progress] 92% sealing asset processing SourceMapDevToolPlugin 4579.23b89764237cc268f333.js generated SourceMap
<s> [webpack.Progress] 92% sealing asset processing SourceMapDevToolPlugin 4520.90049d21a6ccb3a931ea.js generate SourceMap
<s> [webpack.Progress] 92% sealing asset processing SourceMapDevToolPlugin 4520.90049d21a6ccb3a931ea.js generated SourceMap
<s> [webpack.Progress] 92% sealing asset processing SourceMapDevToolPlugin 339.e8510d7f2d09b6d54a30.js generate SourceMap
<s> [webpack.Progress] 92% sealing asset processing SourceMapDevToolPlugin 339.e8510d7f2d09b6d54a30.js generated SourceMap
<s> [webpack.Progress] 92% sealing asset processing SourceMapDevToolPlugin 8063.b7ae3ef40f4b8c630e04.js generate SourceMap
<s> [webpack.Progress] 92% sealing asset processing SourceMapDevToolPlugin 8063.b7ae3ef40f4b8c630e04.js generated SourceMap
<s> [webpack.Progress] 92% sealing asset processing SourceMapDevToolPlugin 9737.0c84ddf0117e0b321563.js generate SourceMap
<s> [webpack.Progress] 92% sealing asset processing SourceMapDevToolPlugin 9737.0c84ddf0117e0b321563.js generated SourceMap
<s> [webpack.Progress] 92% sealing asset processing SourceMapDevToolPlugin 4052.4b066fcf8fefa93e0e5a.js generate SourceMap
<s> [webpack.Progress] 92% sealing asset processing SourceMapDevToolPlugin 4052.4b066fcf8fefa93e0e5a.js generated SourceMap
<s> [webpack.Progress] 92% sealing asset processing SourceMapDevToolPlugin 3885.3ca736e6f6b35f5c566a.js generate SourceMap
<s> [webpack.Progress] 92% sealing asset processing SourceMapDevToolPlugin 3885.3ca736e6f6b35f5c566a.js generated SourceMap
<s> [webpack.Progress] 92% sealing asset processing SourceMapDevToolPlugin 5297.90033d7cc12e14327da7.js generate SourceMap
<s> [webpack.Progress] 92% sealing asset processing SourceMapDevToolPlugin 5297.90033d7cc12e14327da7.js generated SourceMap
<s> [webpack.Progress] 92% sealing asset processing SourceMapDevToolPlugin 9600.8784b9e06c058e3a7ddf.js generate SourceMap
<s> [webpack.Progress] 92% sealing asset processing SourceMapDevToolPlugin 9600.8784b9e06c058e3a7ddf.js generated SourceMap
<s> [webpack.Progress] 92% sealing asset processing SourceMapDevToolPlugin 8927.e5decb4fb6a49d6ed7cb.js generate SourceMap
<s> [webpack.Progress] 92% sealing asset processing SourceMapDevToolPlugin 8927.e5decb4fb6a49d6ed7cb.js generated SourceMap
<s> [webpack.Progress] 92% sealing asset processing SourceMapDevToolPlugin 3740.e479aecde29f67ccef00.js generate SourceMap
<s> [webpack.Progress] 92% sealing asset processing SourceMapDevToolPlugin 3740.e479aecde29f67ccef00.js generated SourceMap
<s> [webpack.Progress] 92% sealing asset processing SourceMapDevToolPlugin 1864.bfae41ed6e94ea2383c5.js generate SourceMap
<s> [webpack.Progress] 92% sealing asset processing SourceMapDevToolPlugin 1864.bfae41ed6e94ea2383c5.js generated SourceMap
<s> [webpack.Progress] 92% sealing asset processing SourceMapDevToolPlugin 5454.5857b61dc596b1582800.js generate SourceMap
<s> [webpack.Progress] 92% sealing asset processing SourceMapDevToolPlugin 5454.5857b61dc596b1582800.js generated SourceMap
<s> [webpack.Progress] 92% sealing asset processing SourceMapDevToolPlugin 5964.f6cb3beaa4575189a909.js generate SourceMap
<s> [webpack.Progress] 92% sealing asset processing SourceMapDevToolPlugin 5964.f6cb3beaa4575189a909.js generated SourceMap
<s> [webpack.Progress] 92% sealing asset processing SourceMapDevToolPlugin 5762.4aeb58a19e6bbdfa13a0.js generate SourceMap
<s> [webpack.Progress] 92% sealing asset processing SourceMapDevToolPlugin 5762.4aeb58a19e6bbdfa13a0.js generated SourceMap
<s> [webpack.Progress] 92% sealing asset processing SourceMapDevToolPlugin 2370.13462bfab1b0dc446368.js generate SourceMap
<s> [webpack.Progress] 92% sealing asset processing SourceMapDevToolPlugin 2370.13462bfab1b0dc446368.js generated SourceMap
<s> [webpack.Progress] 92% sealing asset processing SourceMapDevToolPlugin 1608.c8f0057ff3dbed7506fc.js generate SourceMap
<s> [webpack.Progress] 92% sealing asset processing SourceMapDevToolPlugin 1608.c8f0057ff3dbed7506fc.js generated SourceMap
<s> [webpack.Progress] 92% sealing asset processing SourceMapDevToolPlugin 5566.68873f9b582d04420ea9.js generate SourceMap
<s> [webpack.Progress] 92% sealing asset processing SourceMapDevToolPlugin 5566.68873f9b582d04420ea9.js generated SourceMap
<s> [webpack.Progress] 92% sealing asset processing SourceMapDevToolPlugin 4323.9b80a0ff284cdcfa9652.js generate SourceMap
<s> [webpack.Progress] 92% sealing asset processing SourceMapDevToolPlugin 4323.9b80a0ff284cdcfa9652.js generated SourceMap
<s> [webpack.Progress] 92% sealing asset processing SourceMapDevToolPlugin 3404.94840e60e5186aa6e626.js generate SourceMap
<s> [webpack.Progress] 92% sealing asset processing SourceMapDevToolPlugin 3404.94840e60e5186aa6e626.js generated SourceMap
<s> [webpack.Progress] 92% sealing asset processing SourceMapDevToolPlugin 6649.771fde35bd53cb1b1006.js generate SourceMap
<s> [webpack.Progress] 92% sealing asset processing SourceMapDevToolPlugin 6649.771fde35bd53cb1b1006.js generated SourceMap
<s> [webpack.Progress] 92% sealing asset processing SourceMapDevToolPlugin 2203.a6381a8e17d906fe7154.js generate SourceMap
<s> [webpack.Progress] 92% sealing asset processing SourceMapDevToolPlugin 2203.a6381a8e17d906fe7154.js generated SourceMap
<s> [webpack.Progress] 92% sealing asset processing SourceMapDevToolPlugin 5458.7af490f5a47261e03b60.js generate SourceMap
<s> [webpack.Progress] 92% sealing asset processing SourceMapDevToolPlugin 5458.7af490f5a47261e03b60.js generated SourceMap
<s> [webpack.Progress] 92% sealing asset processing SourceMapDevToolPlugin 229.7ca2dcf17f130685cdc5.js generate SourceMap
<s> [webpack.Progress] 92% sealing asset processing SourceMapDevToolPlugin 229.7ca2dcf17f130685cdc5.js generated SourceMap
<s> [webpack.Progress] 92% sealing asset processing SourceMapDevToolPlugin 8117.e35db4eeaba80b0b86c0.js generate SourceMap
<s> [webpack.Progress] 92% sealing asset processing SourceMapDevToolPlugin 8117.e35db4eeaba80b0b86c0.js generated SourceMap
<s> [webpack.Progress] 92% sealing asset processing SourceMapDevToolPlugin 1309.47b9e5d520629d3e1ef0.js generate SourceMap
<s> [webpack.Progress] 92% sealing asset processing SourceMapDevToolPlugin 1309.47b9e5d520629d3e1ef0.js generated SourceMap
<s> [webpack.Progress] 92% sealing asset processing SourceMapDevToolPlugin 8093.c3da9fbd456afc16d0d5.js generate SourceMap
<s> [webpack.Progress] 92% sealing asset processing SourceMapDevToolPlugin 8093.c3da9fbd456afc16d0d5.js generated SourceMap
<s> [webpack.Progress] 92% sealing asset processing SourceMapDevToolPlugin 3785.0e193a66e46ee856ef9f.js generate SourceMap
<s> [webpack.Progress] 92% sealing asset processing SourceMapDevToolPlugin 3785.0e193a66e46ee856ef9f.js generated SourceMap
<s> [webpack.Progress] 92% sealing asset processing SourceMapDevToolPlugin 7651.c1bcc3468615b524901d.js generate SourceMap
<s> [webpack.Progress] 92% sealing asset processing SourceMapDevToolPlugin 7651.c1bcc3468615b524901d.js generated SourceMap
<s> [webpack.Progress] 92% sealing asset processing SourceMapDevToolPlugin 7755.ae2db1d792adfde09bb6.js generate SourceMap
<s> [webpack.Progress] 92% sealing asset processing SourceMapDevToolPlugin 7755.ae2db1d792adfde09bb6.js generated SourceMap
<s> [webpack.Progress] 92% sealing asset processing SourceMapDevToolPlugin 3956.397d160ab39d3e0153f3.js generate SourceMap
<s> [webpack.Progress] 92% sealing asset processing SourceMapDevToolPlugin 3956.397d160ab39d3e0153f3.js generated SourceMap
<s> [webpack.Progress] 92% sealing asset processing SourceMapDevToolPlugin 5175.21b3250ec245595bd5b9.js generate SourceMap
<s> [webpack.Progress] 92% sealing asset processing SourceMapDevToolPlugin 5175.21b3250ec245595bd5b9.js generated SourceMap
<s> [webpack.Progress] 92% sealing asset processing SourceMapDevToolPlugin 461.616e565a85ce4c373a46.js generate SourceMap
<s> [webpack.Progress] 92% sealing asset processing SourceMapDevToolPlugin 461.616e565a85ce4c373a46.js generated SourceMap
<s> [webpack.Progress] 92% sealing asset processing SourceMapDevToolPlugin 2186.2fb46e625a7271fad729.js generate SourceMap
<s> [webpack.Progress] 92% sealing asset processing SourceMapDevToolPlugin 2186.2fb46e625a7271fad729.js generated SourceMap
<s> [webpack.Progress] 92% sealing asset processing SourceMapDevToolPlugin 2638.49dffdddb459a978d447.js generate SourceMap
<s> [webpack.Progress] 92% sealing asset processing SourceMapDevToolPlugin 2638.49dffdddb459a978d447.js generated SourceMap
<s> [webpack.Progress] 92% sealing asset processing SourceMapDevToolPlugin 9957.38796893cafb08d7d670.js generate SourceMap
<s> [webpack.Progress] 92% sealing asset processing SourceMapDevToolPlugin 9957.38796893cafb08d7d670.js generated SourceMap
<s> [webpack.Progress] 92% sealing asset processing SourceMapDevToolPlugin 1507.dd024d5592531534b5e3.js generate SourceMap
<s> [webpack.Progress] 92% sealing asset processing SourceMapDevToolPlugin 1507.dd024d5592531534b5e3.js generated SourceMap
<s> [webpack.Progress] 92% sealing asset processing SourceMapDevToolPlugin 425.86b3f2546733ff02a7f7.js generate SourceMap
<s> [webpack.Progress] 92% sealing asset processing SourceMapDevToolPlugin 425.86b3f2546733ff02a7f7.js generated SourceMap
<s> [webpack.Progress] 92% sealing asset processing SourceMapDevToolPlugin 6622.e52bfa12b1bf8fb1060f.js generate SourceMap
<s> [webpack.Progress] 92% sealing asset processing SourceMapDevToolPlugin 6622.e52bfa12b1bf8fb1060f.js generated SourceMap
<s> [webpack.Progress] 92% sealing asset processing SourceMapDevToolPlugin 9038.b63f13c900ba6b54cd52.js generate SourceMap
<s> [webpack.Progress] 92% sealing asset processing SourceMapDevToolPlugin 9038.b63f13c900ba6b54cd52.js generated SourceMap
<s> [webpack.Progress] 92% sealing asset processing SourceMapDevToolPlugin 2584.e9e61a85bba76221f06e.js generate SourceMap
<s> [webpack.Progress] 92% sealing asset processing SourceMapDevToolPlugin 2584.e9e61a85bba76221f06e.js generated SourceMap
<s> [webpack.Progress] 92% sealing asset processing SourceMapDevToolPlugin 6828.50fec138243ed6f00474.js generate SourceMap
<s> [webpack.Progress] 92% sealing asset processing SourceMapDevToolPlugin 6828.50fec138243ed6f00474.js generated SourceMap
<s> [webpack.Progress] 92% sealing asset processing SourceMapDevToolPlugin 407.23cf483d9f9cf266e08d.js generate SourceMap
<s> [webpack.Progress] 92% sealing asset processing SourceMapDevToolPlugin 407.23cf483d9f9cf266e08d.js generated SourceMap
<s> [webpack.Progress] 92% sealing asset processing SourceMapDevToolPlugin 9689.286259fb84cb182a9560.js generate SourceMap
<s> [webpack.Progress] 92% sealing asset processing SourceMapDevToolPlugin 9689.286259fb84cb182a9560.js generated SourceMap
<s> [webpack.Progress] 92% sealing asset processing SourceMapDevToolPlugin 670.8a3dd0a0a1104c4ee800.js generate SourceMap
<s> [webpack.Progress] 92% sealing asset processing SourceMapDevToolPlugin 670.8a3dd0a0a1104c4ee800.js generated SourceMap
<s> [webpack.Progress] 92% sealing asset processing SourceMapDevToolPlugin 8935.76f7d18ec2db1116472c.js generate SourceMap
<s> [webpack.Progress] 92% sealing asset processing SourceMapDevToolPlugin 8935.76f7d18ec2db1116472c.js generated SourceMap
<s> [webpack.Progress] 92% sealing asset processing SourceMapDevToolPlugin 9060.8c14b991ad6ad088c65e.js generate SourceMap
<s> [webpack.Progress] 92% sealing asset processing SourceMapDevToolPlugin 9060.8c14b991ad6ad088c65e.js generated SourceMap
<s> [webpack.Progress] 92% sealing asset processing SourceMapDevToolPlugin 4274.717a62df2a936e0d0796.js generate SourceMap
<s> [webpack.Progress] 92% sealing asset processing SourceMapDevToolPlugin 4274.717a62df2a936e0d0796.js generated SourceMap
<s> [webpack.Progress] 92% sealing asset processing SourceMapDevToolPlugin 2160.99f346ae2fcd65bd1ab3.js generate SourceMap
<s> [webpack.Progress] 92% sealing asset processing SourceMapDevToolPlugin 2160.99f346ae2fcd65bd1ab3.js generated SourceMap
<s> [webpack.Progress] 92% sealing asset processing SourceMapDevToolPlugin 7449.26dd398625f0ae6b6e91.js generate SourceMap
<s> [webpack.Progress] 92% sealing asset processing SourceMapDevToolPlugin 7449.26dd398625f0ae6b6e91.js generated SourceMap
<s> [webpack.Progress] 92% sealing asset processing SourceMapDevToolPlugin 904.ce4e51fea115b479b536.js generate SourceMap
<s> [webpack.Progress] 92% sealing asset processing SourceMapDevToolPlugin 904.ce4e51fea115b479b536.js generated SourceMap
<s> [webpack.Progress] 92% sealing asset processing SourceMapDevToolPlugin 659.556e417887174e764e0a.js generate SourceMap
<s> [webpack.Progress] 92% sealing asset processing SourceMapDevToolPlugin 659.556e417887174e764e0a.js generated SourceMap
<s> [webpack.Progress] 92% sealing asset processing SourceMapDevToolPlugin 7899.7bd59964da163d2433c5.js generate SourceMap
<s> [webpack.Progress] 92% sealing asset processing SourceMapDevToolPlugin 7899.7bd59964da163d2433c5.js generated SourceMap
<s> [webpack.Progress] 92% sealing asset processing SourceMapDevToolPlugin 8994.832035807bead8eee918.js generate SourceMap
<s> [webpack.Progress] 92% sealing asset processing SourceMapDevToolPlugin 8994.832035807bead8eee918.js generated SourceMap
<s> [webpack.Progress] 92% sealing asset processing SourceMapDevToolPlugin 2189.978d22f2bc84c669878f.js generate SourceMap
<s> [webpack.Progress] 92% sealing asset processing SourceMapDevToolPlugin 2189.978d22f2bc84c669878f.js generated SourceMap
<s> [webpack.Progress] 92% sealing asset processing SourceMapDevToolPlugin 6358.8fad22f2b4a12fd704df.js generate SourceMap
<s> [webpack.Progress] 92% sealing asset processing SourceMapDevToolPlugin 6358.8fad22f2b4a12fd704df.js generated SourceMap
<s> [webpack.Progress] 92% sealing asset processing SourceMapDevToolPlugin 3375.e7078b067afe373c1af8.js generate SourceMap
<s> [webpack.Progress] 92% sealing asset processing SourceMapDevToolPlugin 3375.e7078b067afe373c1af8.js generated SourceMap
<s> [webpack.Progress] 92% sealing asset processing SourceMapDevToolPlugin js-de2d6f9a.26c8871ef1694594a36a.js generate SourceMap
<s> [webpack.Progress] 92% sealing asset processing SourceMapDevToolPlugin js-de2d6f9a.26c8871ef1694594a36a.js generated SourceMap
<s> [webpack.Progress] 92% sealing asset processing SourceMapDevToolPlugin vendor-a5ce148e.ca5c3de6e081b438933e.js generate SourceMap
<s> [webpack.Progress] 92% sealing asset processing SourceMapDevToolPlugin vendor-a5ce148e.ca5c3de6e081b438933e.js generated SourceMap
<s> [webpack.Progress] 92% sealing asset processing SourceMapDevToolPlugin 1290.951fb81c1588228ca00a.js generate SourceMap
<s> [webpack.Progress] 92% sealing asset processing SourceMapDevToolPlugin 1290.951fb81c1588228ca00a.js generated SourceMap
<s> [webpack.Progress] 92% sealing asset processing SourceMapDevToolPlugin 868.3bf655100b12d90295ec.js generate SourceMap
<s> [webpack.Progress] 92% sealing asset processing SourceMapDevToolPlugin 868.3bf655100b12d90295ec.js generated SourceMap
<s> [webpack.Progress] 92% sealing asset processing SourceMapDevToolPlugin 427.b3bdd5d830acae36066d.js generate SourceMap
<s> [webpack.Progress] 92% sealing asset processing SourceMapDevToolPlugin 427.b3bdd5d830acae36066d.js generated SourceMap
<s> [webpack.Progress] 92% sealing asset processing SourceMapDevToolPlugin 9289.39551e4d8fe3ffd8412c.js generate SourceMap
<s> [webpack.Progress] 92% sealing asset processing SourceMapDevToolPlugin 9289.39551e4d8fe3ffd8412c.js generated SourceMap
<s> [webpack.Progress] 92% sealing asset processing SourceMapDevToolPlugin 2335.244e8378c2dc3b637b99.js generate SourceMap
<s> [webpack.Progress] 92% sealing asset processing SourceMapDevToolPlugin 2335.244e8378c2dc3b637b99.js generated SourceMap
<s> [webpack.Progress] 92% sealing asset processing SourceMapDevToolPlugin 9232.72b594a8ed982746306a.js generate SourceMap
<s> [webpack.Progress] 92% sealing asset processing SourceMapDevToolPlugin 9232.72b594a8ed982746306a.js generated SourceMap
<s> [webpack.Progress] 92% sealing asset processing SourceMapDevToolPlugin 418.51da2d19923c87178d9c.js generate SourceMap
<s> [webpack.Progress] 92% sealing asset processing SourceMapDevToolPlugin 418.51da2d19923c87178d9c.js generated SourceMap
<s> [webpack.Progress] 92% sealing asset processing SourceMapDevToolPlugin 2710.a6ba1bc4d4d2fd9c3e4b.js generate SourceMap
<s> [webpack.Progress] 92% sealing asset processing SourceMapDevToolPlugin 2710.a6ba1bc4d4d2fd9c3e4b.js generated SourceMap
<s> [webpack.Progress] 92% sealing asset processing SourceMapDevToolPlugin 989.8896e1b64e2901dc9de1.js generate SourceMap
<s> [webpack.Progress] 92% sealing asset processing SourceMapDevToolPlugin 989.8896e1b64e2901dc9de1.js generated SourceMap
<s> [webpack.Progress] 92% sealing asset processing SourceMapDevToolPlugin 8734.dd20a4395888014ccb8e.js generate SourceMap
<s> [webpack.Progress] 92% sealing asset processing SourceMapDevToolPlugin 8734.dd20a4395888014ccb8e.js generated SourceMap
<s> [webpack.Progress] 92% sealing asset processing SourceMapDevToolPlugin 6802.e89bbe7d98fd7ccdb08f.js generate SourceMap
<s> [webpack.Progress] 92% sealing asset processing SourceMapDevToolPlugin 6802.e89bbe7d98fd7ccdb08f.js generated SourceMap
<s> [webpack.Progress] 92% sealing asset processing SourceMapDevToolPlugin 7202.d33c520592c83214c153.js generate SourceMap
<s> [webpack.Progress] 92% sealing asset processing SourceMapDevToolPlugin 7202.d33c520592c83214c153.js generated SourceMap
<s> [webpack.Progress] 92% sealing asset processing SourceMapDevToolPlugin 1523.3cc4b6aa1f65298010a8.js generate SourceMap
<s> [webpack.Progress] 92% sealing asset processing SourceMapDevToolPlugin 1523.3cc4b6aa1f65298010a8.js generated SourceMap
<s> [webpack.Progress] 92% sealing asset processing SourceMapDevToolPlugin 8650.be281ea33afd3f6e91d0.js generate SourceMap
<s> [webpack.Progress] 92% sealing asset processing SourceMapDevToolPlugin 8650.be281ea33afd3f6e91d0.js generated SourceMap
<s> [webpack.Progress] 92% sealing asset processing SourceMapDevToolPlugin 5087.b024ed1057df2fe8b2be.js generate SourceMap
<s> [webpack.Progress] 92% sealing asset processing SourceMapDevToolPlugin 5087.b024ed1057df2fe8b2be.js generated SourceMap
<s> [webpack.Progress] 92% sealing asset processing SourceMapDevToolPlugin 9887.7ca56acc573873375645.js generate SourceMap
<s> [webpack.Progress] 92% sealing asset processing SourceMapDevToolPlugin 9887.7ca56acc573873375645.js generated SourceMap
<s> [webpack.Progress] 92% sealing asset processing SourceMapDevToolPlugin 2664.328825aa042147e8e696.js generate SourceMap
<s> [webpack.Progress] 92% sealing asset processing SourceMapDevToolPlugin 2664.328825aa042147e8e696.js generated SourceMap
<s> [webpack.Progress] 92% sealing asset processing SourceMapDevToolPlugin 1719.366898fb7ae2a3ff3a65.js generate SourceMap
<s> [webpack.Progress] 92% sealing asset processing SourceMapDevToolPlugin 1719.366898fb7ae2a3ff3a65.js generated SourceMap
<s> [webpack.Progress] 92% sealing asset processing SourceMapDevToolPlugin 7679.f7a42aa64823d152c30d.js generate SourceMap
<s> [webpack.Progress] 92% sealing asset processing SourceMapDevToolPlugin 7679.f7a42aa64823d152c30d.js generated SourceMap
<s> [webpack.Progress] 92% sealing asset processing SourceMapDevToolPlugin 8811.fe865bb1afa3a9e1a0d2.js generate SourceMap
<s> [webpack.Progress] 92% sealing asset processing SourceMapDevToolPlugin 8811.fe865bb1afa3a9e1a0d2.js generated SourceMap
<s> [webpack.Progress] 92% sealing asset processing SourceMapDevToolPlugin 6141.94df711f4d24ff0d0ca2.js generate SourceMap
<s> [webpack.Progress] 92% sealing asset processing SourceMapDevToolPlugin 6141.94df711f4d24ff0d0ca2.js generated SourceMap
<s> [webpack.Progress] 92% sealing asset processing SourceMapDevToolPlugin 4753.2bad3b00366f86033609.js generate SourceMap
<s> [webpack.Progress] 92% sealing asset processing SourceMapDevToolPlugin 4753.2bad3b00366f86033609.js generated SourceMap
<s> [webpack.Progress] 92% sealing asset processing SourceMapDevToolPlugin 1768.1b3f5673a5cb6bfe1c65.js generate SourceMap
<s> [webpack.Progress] 92% sealing asset processing SourceMapDevToolPlugin 1768.1b3f5673a5cb6bfe1c65.js generated SourceMap
<s> [webpack.Progress] 92% sealing asset processing SourceMapDevToolPlugin 9597.f380024c06693e2044d4.js generate SourceMap
<s> [webpack.Progress] 92% sealing asset processing SourceMapDevToolPlugin 9597.f380024c06693e2044d4.js generated SourceMap
<s> [webpack.Progress] 92% sealing asset processing SourceMapDevToolPlugin 8620.be0718a58064e983c476.js generate SourceMap
<s> [webpack.Progress] 92% sealing asset processing SourceMapDevToolPlugin 8620.be0718a58064e983c476.js generated SourceMap
<s> [webpack.Progress] 92% sealing asset processing SourceMapDevToolPlugin 9354.6dc8a0eada16bd8c74de.js generate SourceMap
<s> [webpack.Progress] 92% sealing asset processing SourceMapDevToolPlugin 9354.6dc8a0eada16bd8c74de.js generated SourceMap
<s> [webpack.Progress] 92% sealing asset processing SourceMapDevToolPlugin 5593.48e1de970d15fb5591ba.js generate SourceMap
<s> [webpack.Progress] 92% sealing asset processing SourceMapDevToolPlugin 5593.48e1de970d15fb5591ba.js generated SourceMap
<s> [webpack.Progress] 92% sealing asset processing SourceMapDevToolPlugin 7115.85ad59498ee60ac61f3c.js generate SourceMap
<s> [webpack.Progress] 92% sealing asset processing SourceMapDevToolPlugin 7115.85ad59498ee60ac61f3c.js generated SourceMap
<s> [webpack.Progress] 92% sealing asset processing SourceMapDevToolPlugin 1391.9130ebca0d5c68b22e4f.js generate SourceMap
<s> [webpack.Progress] 92% sealing asset processing SourceMapDevToolPlugin 1391.9130ebca0d5c68b22e4f.js generated SourceMap
<s> [webpack.Progress] 92% sealing asset processing SourceMapDevToolPlugin 8015.71952a189ab0065ecbad.js generate SourceMap
<s> [webpack.Progress] 92% sealing asset processing SourceMapDevToolPlugin 8015.71952a189ab0065ecbad.js generated SourceMap
<s> [webpack.Progress] 92% sealing asset processing SourceMapDevToolPlugin 110.3c937abac099ee93d0ae.js generate SourceMap
<s> [webpack.Progress] 92% sealing asset processing SourceMapDevToolPlugin 110.3c937abac099ee93d0ae.js generated SourceMap
<s> [webpack.Progress] 92% sealing asset processing SourceMapDevToolPlugin 4473.379a98e30f903f4d1f4a.js generate SourceMap
<s> [webpack.Progress] 92% sealing asset processing SourceMapDevToolPlugin 4473.379a98e30f903f4d1f4a.js generated SourceMap
<s> [webpack.Progress] 92% sealing asset processing SourceMapDevToolPlugin 3139.06c46528c7e9e81dc3eb.js generate SourceMap
<s> [webpack.Progress] 92% sealing asset processing SourceMapDevToolPlugin 3139.06c46528c7e9e81dc3eb.js generated SourceMap
<s> [webpack.Progress] 92% sealing asset processing SourceMapDevToolPlugin 3931.f5a7ef427a54cb861f3a.js generate SourceMap
<s> [webpack.Progress] 92% sealing asset processing SourceMapDevToolPlugin 3931.f5a7ef427a54cb861f3a.js generated SourceMap
<s> [webpack.Progress] 92% sealing asset processing SourceMapDevToolPlugin 3809.f0edcd9b73d56ec726aa.js generate SourceMap
<s> [webpack.Progress] 92% sealing asset processing SourceMapDevToolPlugin 3809.f0edcd9b73d56ec726aa.js generated SourceMap
<s> [webpack.Progress] 92% sealing asset processing SourceMapDevToolPlugin 9984.c08336abbc264b614c72.js generate SourceMap
<s> [webpack.Progress] 92% sealing asset processing SourceMapDevToolPlugin 9984.c08336abbc264b614c72.js generated SourceMap
<s> [webpack.Progress] 92% sealing asset processing SourceMapDevToolPlugin 5925.3a222b6e2e860ca14288.js generate SourceMap
<s> [webpack.Progress] 92% sealing asset processing SourceMapDevToolPlugin 5925.3a222b6e2e860ca14288.js generated SourceMap
<s> [webpack.Progress] 92% sealing asset processing SourceMapDevToolPlugin 6091.741017fb70f209ae4ef5.js generate SourceMap
<s> [webpack.Progress] 92% sealing asset processing SourceMapDevToolPlugin 6091.741017fb70f209ae4ef5.js generated SourceMap
<s> [webpack.Progress] 92% sealing asset processing SourceMapDevToolPlugin 4910.b5af0ca19aeb0f161f3f.js generate SourceMap
<s> [webpack.Progress] 92% sealing asset processing SourceMapDevToolPlugin 4910.b5af0ca19aeb0f161f3f.js generated SourceMap
<s> [webpack.Progress] 92% sealing asset processing SourceMapDevToolPlugin 8946.1b5b98f715e0f83d4b38.js generate SourceMap
<s> [webpack.Progress] 92% sealing asset processing SourceMapDevToolPlugin 8946.1b5b98f715e0f83d4b38.js generated SourceMap
<s> [webpack.Progress] 92% sealing asset processing SourceMapDevToolPlugin 5151.564c0f8700b36d9d0788.js generate SourceMap
<s> [webpack.Progress] 92% sealing asset processing SourceMapDevToolPlugin 5151.564c0f8700b36d9d0788.js generated SourceMap
<s> [webpack.Progress] 92% sealing asset processing SourceMapDevToolPlugin 463.7073eb4a57071adb37d5.js generate SourceMap
<s> [webpack.Progress] 92% sealing asset processing SourceMapDevToolPlugin 463.7073eb4a57071adb37d5.js generated SourceMap
<s> [webpack.Progress] 92% sealing asset processing SourceMapDevToolPlugin 1791.c6596692aacffe4f1783.js generate SourceMap
<s> [webpack.Progress] 92% sealing asset processing SourceMapDevToolPlugin 1791.c6596692aacffe4f1783.js generated SourceMap
<s> [webpack.Progress] 92% sealing asset processing SourceMapDevToolPlugin 1474.25bc45b05a321a65ea14.js generate SourceMap
<s> [webpack.Progress] 92% sealing asset processing SourceMapDevToolPlugin 1474.25bc45b05a321a65ea14.js generated SourceMap
<s> [webpack.Progress] 92% sealing asset processing SourceMapDevToolPlugin 3306.33e8e0b40a93f145e67b.js generate SourceMap
<s> [webpack.Progress] 92% sealing asset processing SourceMapDevToolPlugin 3306.33e8e0b40a93f145e67b.js generated SourceMap
<s> [webpack.Progress] 92% sealing asset processing SourceMapDevToolPlugin 9743.0d99166403883b338a35.js generate SourceMap
<s> [webpack.Progress] 92% sealing asset processing SourceMapDevToolPlugin 9743.0d99166403883b338a35.js generated SourceMap
<s> [webpack.Progress] 92% sealing asset processing SourceMapDevToolPlugin 5404.4343e7a07b76e3d14596.js generate SourceMap
<s> [webpack.Progress] 92% sealing asset processing SourceMapDevToolPlugin 5404.4343e7a07b76e3d14596.js generated SourceMap
<s> [webpack.Progress] 92% sealing asset processing SourceMapDevToolPlugin 1105.864c014b3ae23d04359e.js generate SourceMap
<s> [webpack.Progress] 92% sealing asset processing SourceMapDevToolPlugin 1105.864c014b3ae23d04359e.js generated SourceMap
<s> [webpack.Progress] 92% sealing asset processing SourceMapDevToolPlugin 308.633f0a52a25f8a4aab2d.js generate SourceMap
<s> [webpack.Progress] 92% sealing asset processing SourceMapDevToolPlugin 308.633f0a52a25f8a4aab2d.js generated SourceMap
<s> [webpack.Progress] 92% sealing asset processing SourceMapDevToolPlugin 3701.5553cf4c766e21395257.js generate SourceMap
<s> [webpack.Progress] 92% sealing asset processing SourceMapDevToolPlugin 3701.5553cf4c766e21395257.js generated SourceMap
<s> [webpack.Progress] 92% sealing asset processing SourceMapDevToolPlugin 5098.d593c7f0469b58803654.js generate SourceMap
<s> [webpack.Progress] 92% sealing asset processing SourceMapDevToolPlugin 5098.d593c7f0469b58803654.js generated SourceMap
<s> [webpack.Progress] 92% sealing asset processing SourceMapDevToolPlugin 4603.2f239ba57921e28d1924.js generate SourceMap
<s> [webpack.Progress] 92% sealing asset processing SourceMapDevToolPlugin 4603.2f239ba57921e28d1924.js generated SourceMap
<s> [webpack.Progress] 92% sealing asset processing SourceMapDevToolPlugin 4655.a0f77a1eb09a19433fac.js generate SourceMap
<s> [webpack.Progress] 92% sealing asset processing SourceMapDevToolPlugin 4655.a0f77a1eb09a19433fac.js generated SourceMap
<s> [webpack.Progress] 92% sealing asset processing SourceMapDevToolPlugin 1887.7df369ce8790a4754258.js generate SourceMap
<s> [webpack.Progress] 92% sealing asset processing SourceMapDevToolPlugin 1887.7df369ce8790a4754258.js generated SourceMap
<s> [webpack.Progress] 92% sealing asset processing SourceMapDevToolPlugin 7133.7e2226ca624aac9d7f59.js generate SourceMap
<s> [webpack.Progress] 92% sealing asset processing SourceMapDevToolPlugin 7133.7e2226ca624aac9d7f59.js generated SourceMap
<s> [webpack.Progress] 92% sealing asset processing SourceMapDevToolPlugin 46.b83faa3d5da15aef2a8c.js generate SourceMap
<s> [webpack.Progress] 92% sealing asset processing SourceMapDevToolPlugin 46.b83faa3d5da15aef2a8c.js generated SourceMap
<s> [webpack.Progress] 92% sealing asset processing SourceMapDevToolPlugin 6906.8745e137149bfafc163e.js generate SourceMap
<s> [webpack.Progress] 92% sealing asset processing SourceMapDevToolPlugin 6906.8745e137149bfafc163e.js generated SourceMap
<s> [webpack.Progress] 92% sealing asset processing SourceMapDevToolPlugin 2514.d760cba2897db44f4628.js generate SourceMap
<s> [webpack.Progress] 92% sealing asset processing SourceMapDevToolPlugin 2514.d760cba2897db44f4628.js generated SourceMap
<s> [webpack.Progress] 92% sealing asset processing SourceMapDevToolPlugin 7378.7ea8eedad174ddf271d0.js generate SourceMap
<s> [webpack.Progress] 92% sealing asset processing SourceMapDevToolPlugin 7378.7ea8eedad174ddf271d0.js generated SourceMap
<s> [webpack.Progress] 92% sealing asset processing SourceMapDevToolPlugin 5609.9683e381bf98a8f14744.js generate SourceMap
<s> [webpack.Progress] 92% sealing asset processing SourceMapDevToolPlugin 5609.9683e381bf98a8f14744.js generated SourceMap
<s> [webpack.Progress] 92% sealing asset processing SourceMapDevToolPlugin 4113.0aa39c5b240c73da0dbb.js generate SourceMap
<s> [webpack.Progress] 92% sealing asset processing SourceMapDevToolPlugin 4113.0aa39c5b240c73da0dbb.js generated SourceMap
<s> [webpack.Progress] 92% sealing asset processing SourceMapDevToolPlugin 4859.acc75fd3dbaf325a718f.js generate SourceMap
<s> [webpack.Progress] 92% sealing asset processing SourceMapDevToolPlugin 4859.acc75fd3dbaf325a718f.js generated SourceMap
<s> [webpack.Progress] 92% sealing asset processing SourceMapDevToolPlugin 836.d88d350a9191af86e09d.js generate SourceMap
<s> [webpack.Progress] 92% sealing asset processing SourceMapDevToolPlugin 836.d88d350a9191af86e09d.js generated SourceMap
<s> [webpack.Progress] 92% sealing asset processing SourceMapDevToolPlugin 1476.5aafc55fa3d5f1738552.js generate SourceMap
<s> [webpack.Progress] 92% sealing asset processing SourceMapDevToolPlugin 1476.5aafc55fa3d5f1738552.js generated SourceMap
<s> [webpack.Progress] 92% sealing asset processing SourceMapDevToolPlugin 2317.b03c1ff7c974c04cf43e.js generate SourceMap
<s> [webpack.Progress] 92% sealing asset processing SourceMapDevToolPlugin 2317.b03c1ff7c974c04cf43e.js generated SourceMap
<s> [webpack.Progress] 92% sealing asset processing SourceMapDevToolPlugin 4939.bb41c4c4294db9c65c4f.js generate SourceMap
<s> [webpack.Progress] 92% sealing asset processing SourceMapDevToolPlugin 4939.bb41c4c4294db9c65c4f.js generated SourceMap
<s> [webpack.Progress] 92% sealing asset processing SourceMapDevToolPlugin 4162.5d671f33c383a7a81147.js generate SourceMap
<s> [webpack.Progress] 92% sealing asset processing SourceMapDevToolPlugin 4162.5d671f33c383a7a81147.js generated SourceMap
<s> [webpack.Progress] 92% sealing asset processing SourceMapDevToolPlugin 5466.a812166d75b4518e04b6.js generate SourceMap
<s> [webpack.Progress] 92% sealing asset processing SourceMapDevToolPlugin 5466.a812166d75b4518e04b6.js generated SourceMap
<s> [webpack.Progress] 92% sealing asset processing SourceMapDevToolPlugin 7219.b5d828153d854be8ddae.js generate SourceMap
<s> [webpack.Progress] 92% sealing asset processing SourceMapDevToolPlugin 7219.b5d828153d854be8ddae.js generated SourceMap
<s> [webpack.Progress] 92% sealing asset processing SourceMapDevToolPlugin js-5fa74877.a979560a0bc977c529ea.js generate SourceMap
<s> [webpack.Progress] 92% sealing asset processing SourceMapDevToolPlugin js-5fa74877.a979560a0bc977c529ea.js generated SourceMap
<s> [webpack.Progress] 92% sealing asset processing SourceMapDevToolPlugin js-2c7117ce.b5df8fa1c2312bf5e2db.js generate SourceMap
<s> [webpack.Progress] 92% sealing asset processing SourceMapDevToolPlugin js-2c7117ce.b5df8fa1c2312bf5e2db.js generated SourceMap
<s> [webpack.Progress] 92% sealing asset processing SourceMapDevToolPlugin js-84e32abe.ef85825cd857b90d27c4.js generate SourceMap
mm-harness | extension prepare
mm-harness | full log: /Users/deeeed/dev/metamask/metamask-extension-1/temp/recipe/harness/extension/live/20260909T044858Z/launch/logs/launch.log
mm-harness | full stream: mm-harness logs --full

  * webpack 92% sealing asset processing SourceMapDevToolPlugin 4162.5d671f33c383a7a81147.js generated SourceMap
  * webpack 92% sealing asset processing SourceMapDevToolPlugin 5466.a812166d75b4518e04b6.js generate SourceMap
  * webpack 92% sealing asset processing SourceMapDevToolPlugin 5466.a812166d75b4518e04b6.js generated SourceMap
  * webpack 92% sealing asset processing SourceMapDevToolPlugin 7219.b5d828153d854be8ddae.js generate SourceMap
  * webpack 92% sealing asset processing SourceMapDevToolPlugin 7219.b5d828153d854be8ddae.js generated SourceMap
  * webpack 92% sealing asset processing SourceMapDevToolPlugin js-5fa74877.a979560a0bc977c529ea.js generate SourceMap
  * webpack 92% sealing asset processing SourceMapDevToolPlugin js-5fa74877.a979560a0bc977c529ea.js generated SourceMap
  * webpack 92% sealing asset processing SourceMapDevToolPlugin js-2c7117ce.b5df8fa1c2312bf5e2db.js generate SourceMap
  * webpack 92% sealing asset processing SourceMapDevToolPlugin js-2c7117ce.b5df8fa1c2312bf5e2db.js generated SourceMap
  * webpack 92% sealing asset processing SourceMapDevToolPlugin js-84e32abe.ef85825cd857b90d27c4.js generate SourceMap
<s> [webpack.Progress] 92% sealing asset processing SourceMapDevToolPlugin js-84e32abe.ef85825cd857b90d27c4.js generated SourceMap
<s> [webpack.Progress] 92% sealing asset processing SourceMapDevToolPlugin js-71051298.9e8aab43c2ed2b3aa40c.js generate SourceMap
<s> [webpack.Progress] 92% sealing asset processing SourceMapDevToolPlugin js-71051298.9e8aab43c2ed2b3aa40c.js generated SourceMap
<s> [webpack.Progress] 92% sealing asset processing SourceMapDevToolPlugin js-319e4a23.f6dc02f820b63d9cbfba.js generate SourceMap
<s> [webpack.Progress] 92% sealing asset processing SourceMapDevToolPlugin js-319e4a23.f6dc02f820b63d9cbfba.js generated SourceMap
<s> [webpack.Progress] 92% sealing asset processing SourceMapDevToolPlugin vendor-cdd60c62.99bf8381c619825283e0.js generate SourceMap
<s> [webpack.Progress] 92% sealing asset processing SourceMapDevToolPlugin vendor-cdd60c62.99bf8381c619825283e0.js generated SourceMap
<s> [webpack.Progress] 92% sealing asset processing SourceMapDevToolPlugin vendor-d2eb5610.0193a0168c8aeb08b8ed.js generate SourceMap
mm-harness | extension prepare
mm-harness | full log: /Users/deeeed/dev/metamask/metamask-extension-1/temp/recipe/harness/extension/live/20260909T044858Z/launch/logs/launch.log
mm-harness | full stream: mm-harness logs --full

  * webpack 92% sealing asset processing SourceMapDevToolPlugin js-2c7117ce.b5df8fa1c2312bf5e2db.js generated SourceMap
  * webpack 92% sealing asset processing SourceMapDevToolPlugin js-84e32abe.ef85825cd857b90d27c4.js generate SourceMap
  * webpack 92% sealing asset processing SourceMapDevToolPlugin js-84e32abe.ef85825cd857b90d27c4.js generated SourceMap
  * webpack 92% sealing asset processing SourceMapDevToolPlugin js-71051298.9e8aab43c2ed2b3aa40c.js generate SourceMap
  * webpack 92% sealing asset processing SourceMapDevToolPlugin js-71051298.9e8aab43c2ed2b3aa40c.js generated SourceMap
  * webpack 92% sealing asset processing SourceMapDevToolPlugin js-319e4a23.f6dc02f820b63d9cbfba.js generate SourceMap
  * webpack 92% sealing asset processing SourceMapDevToolPlugin js-319e4a23.f6dc02f820b63d9cbfba.js generated SourceMap
  * webpack 92% sealing asset processing SourceMapDevToolPlugin vendor-cdd60c62.99bf8381c619825283e0.js generate SourceMap
  * webpack 92% sealing asset processing SourceMapDevToolPlugin vendor-cdd60c62.99bf8381c619825283e0.js generated SourceMap
  * webpack 92% sealing asset processing SourceMapDevToolPlugin vendor-d2eb5610.0193a0168c8aeb08b8ed.js generate SourceMap
<s> [webpack.Progress] 92% sealing asset processing SourceMapDevToolPlugin vendor-d2eb5610.0193a0168c8aeb08b8ed.js generated SourceMap
<s> [webpack.Progress] 92% sealing asset processing SourceMapDevToolPlugin vendor-efdee510.6e23ab7bf438a76407ad.js generate SourceMap
<s> [webpack.Progress] 92% sealing asset processing SourceMapDevToolPlugin vendor-efdee510.6e23ab7bf438a76407ad.js generated SourceMap
<s> [webpack.Progress] 92% sealing asset processing SourceMapDevToolPlugin vendor-24e2b4df.d68d64e92c761ac0d0b5.js generate SourceMap
<s> [webpack.Progress] 92% sealing asset processing SourceMapDevToolPlugin vendor-24e2b4df.d68d64e92c761ac0d0b5.js generated SourceMap
<s> [webpack.Progress] 92% sealing asset processing SourceMapDevToolPlugin vendor-6fff978b.5021dfe8769b936389e2.js generate SourceMap
<s> [webpack.Progress] 92% sealing asset processing SourceMapDevToolPlugin vendor-6fff978b.5021dfe8769b936389e2.js generated SourceMap
<s> [webpack.Progress] 92% sealing asset processing SourceMapDevToolPlugin vendor-9241dc7c.bd8dcf0c5a226f934fb7.js generate SourceMap
<s> [webpack.Progress] 92% sealing asset processing SourceMapDevToolPlugin vendor-9241dc7c.bd8dcf0c5a226f934fb7.js generated SourceMap
<s> [webpack.Progress] 92% sealing asset processing SourceMapDevToolPlugin vendor-059be3de.596e5383ad27ba9bb548.js generate SourceMap
<s> [webpack.Progress] 92% sealing asset processing SourceMapDevToolPlugin vendor-059be3de.596e5383ad27ba9bb548.js generated SourceMap
<s> [webpack.Progress] 92% sealing asset processing SourceMapDevToolPlugin vendor-2dee8ca3.f7ed6010faf63102ef3d.js generate SourceMap
<s> [webpack.Progress] 92% sealing asset processing SourceMapDevToolPlugin vendor-2dee8ca3.f7ed6010faf63102ef3d.js generated SourceMap
<s> [webpack.Progress] 92% sealing asset processing SourceMapDevToolPlugin vendor-9fdd03a1.cf0c991f376c4bb78c02.js generate SourceMap
<s> [webpack.Progress] 92% sealing asset processing SourceMapDevToolPlugin vendor-9fdd03a1.cf0c991f376c4bb78c02.js generated SourceMap
<s> [webpack.Progress] 92% sealing asset processing SourceMapDevToolPlugin vendor-d55b92e6.76d1916b2125f18e2ed9.js generate SourceMap
<s> [webpack.Progress] 92% sealing asset processing SourceMapDevToolPlugin vendor-d55b92e6.76d1916b2125f18e2ed9.js generated SourceMap
<s> [webpack.Progress] 92% sealing asset processing SourceMapDevToolPlugin vendor-631f4c9e.20d8397b5f2ff1e4a1d3.js generate SourceMap
<s> [webpack.Progress] 92% sealing asset processing SourceMapDevToolPlugin vendor-631f4c9e.20d8397b5f2ff1e4a1d3.js generated SourceMap
<s> [webpack.Progress] 92% sealing asset processing SourceMapDevToolPlugin vendor-0c1fb56a.d3f19a82688aab33d0fd.js generate SourceMap
<s> [webpack.Progress] 92% sealing asset processing SourceMapDevToolPlugin vendor-0c1fb56a.d3f19a82688aab33d0fd.js generated SourceMap
<s> [webpack.Progress] 92% sealing asset processing SourceMapDevToolPlugin vendor-a58ebfdb.976c4c851519f0c01188.js generate SourceMap
<s> [webpack.Progress] 92% sealing asset processing SourceMapDevToolPlugin vendor-a58ebfdb.976c4c851519f0c01188.js generated SourceMap
<s> [webpack.Progress] 92% sealing asset processing SourceMapDevToolPlugin vendor-da2abae2.c32606d0899b123b0b5a.js generate SourceMap
<s> [webpack.Progress] 92% sealing asset processing SourceMapDevToolPlugin vendor-da2abae2.c32606d0899b123b0b5a.js generated SourceMap
<s> [webpack.Progress] 92% sealing asset processing SourceMapDevToolPlugin vendor-0bc0478e.574d0a052159cfa877c7.js generate SourceMap
<s> [webpack.Progress] 92% sealing asset processing SourceMapDevToolPlugin vendor-0bc0478e.574d0a052159cfa877c7.js generated SourceMap
<s> [webpack.Progress] 92% sealing asset processing SourceMapDevToolPlugin vendor-d96105ec.ce6a417b51c3b321b043.js generate SourceMap
<s> [webpack.Progress] 92% sealing asset processing SourceMapDevToolPlugin vendor-d96105ec.ce6a417b51c3b321b043.js generated SourceMap
<s> [webpack.Progress] 92% sealing asset processing SourceMapDevToolPlugin vendor-eaa8b4e8.07dbbf931bb70191bde5.js generate SourceMap
mm-harness | extension prepare
mm-harness | full log: /Users/deeeed/dev/metamask/metamask-extension-1/temp/recipe/harness/extension/live/20260909T044858Z/launch/logs/launch.log
mm-harness | full stream: mm-harness logs --full

  * webpack 92% sealing asset processing SourceMapDevToolPlugin vendor-0c1fb56a.d3f19a82688aab33d0fd.js generated SourceMap
  * webpack 92% sealing asset processing SourceMapDevToolPlugin vendor-a58ebfdb.976c4c851519f0c01188.js generate SourceMap
  * webpack 92% sealing asset processing SourceMapDevToolPlugin vendor-a58ebfdb.976c4c851519f0c01188.js generated SourceMap
  * webpack 92% sealing asset processing SourceMapDevToolPlugin vendor-da2abae2.c32606d0899b123b0b5a.js generate SourceMap
  * webpack 92% sealing asset processing SourceMapDevToolPlugin vendor-da2abae2.c32606d0899b123b0b5a.js generated SourceMap
  * webpack 92% sealing asset processing SourceMapDevToolPlugin vendor-0bc0478e.574d0a052159cfa877c7.js generate SourceMap
  * webpack 92% sealing asset processing SourceMapDevToolPlugin vendor-0bc0478e.574d0a052159cfa877c7.js generated SourceMap
  * webpack 92% sealing asset processing SourceMapDevToolPlugin vendor-d96105ec.ce6a417b51c3b321b043.js generate SourceMap
  * webpack 92% sealing asset processing SourceMapDevToolPlugin vendor-d96105ec.ce6a417b51c3b321b043.js generated SourceMap
  * webpack 92% sealing asset processing SourceMapDevToolPlugin vendor-eaa8b4e8.07dbbf931bb70191bde5.js generate SourceMap
<s> [webpack.Progress] 92% sealing asset processing SourceMapDevToolPlugin vendor-eaa8b4e8.07dbbf931bb70191bde5.js generated SourceMap
<s> [webpack.Progress] 92% sealing asset processing SourceMapDevToolPlugin vendor-229eafb5.fe334aae05af1617983f.js generate SourceMap
<s> [webpack.Progress] 92% sealing asset processing SourceMapDevToolPlugin vendor-229eafb5.fe334aae05af1617983f.js generated SourceMap
<s> [webpack.Progress] 92% sealing asset processing SourceMapDevToolPlugin 8554.1c9ea9308187c84ba3e2.js generate SourceMap
<s> [webpack.Progress] 92% sealing asset processing SourceMapDevToolPlugin 8554.1c9ea9308187c84ba3e2.js generated SourceMap
<s> [webpack.Progress] 92% sealing asset processing SourceMapDevToolPlugin 1245.8075c1d688ad30c82e99.js generate SourceMap
<s> [webpack.Progress] 92% sealing asset processing SourceMapDevToolPlugin 1245.8075c1d688ad30c82e99.js generated SourceMap
<s> [webpack.Progress] 92% sealing asset processing SourceMapDevToolPlugin 1089.440aeb8bd82290e85333.js generate SourceMap
<s> [webpack.Progress] 92% sealing asset processing SourceMapDevToolPlugin 1089.440aeb8bd82290e85333.js generated SourceMap
<s> [webpack.Progress] 92% sealing asset processing SourceMapDevToolPlugin 3527.2a6f190c9dff35391f4b.js generate SourceMap
<s> [webpack.Progress] 92% sealing asset processing SourceMapDevToolPlugin 3527.2a6f190c9dff35391f4b.js generated SourceMap
<s> [webpack.Progress] 92% sealing asset processing SourceMapDevToolPlugin 4305.688fc1d04bae7bed8bdb.js generate SourceMap
<s> [webpack.Progress] 92% sealing asset processing SourceMapDevToolPlugin 4305.688fc1d04bae7bed8bdb.js generated SourceMap
<s> [webpack.Progress] 92% sealing asset processing SourceMapDevToolPlugin 9523.f1731cc8bbfdb5854efc.js generate SourceMap
<s> [webpack.Progress] 92% sealing asset processing SourceMapDevToolPlugin 9523.f1731cc8bbfdb5854efc.js generated SourceMap
<s> [webpack.Progress] 92% sealing asset processing SourceMapDevToolPlugin 9525.ffcdffc7f67d3ddbcd3c.js generate SourceMap
<s> [webpack.Progress] 92% sealing asset processing SourceMapDevToolPlugin 9525.ffcdffc7f67d3ddbcd3c.js generated SourceMap
<s> [webpack.Progress] 92% sealing asset processing SourceMapDevToolPlugin 782.30539d47d49a433c20a7.js generate SourceMap
<s> [webpack.Progress] 92% sealing asset processing SourceMapDevToolPlugin 782.30539d47d49a433c20a7.js generated SourceMap
<s> [webpack.Progress] 92% sealing asset processing SourceMapDevToolPlugin 2913.6b7d99671ad736d46db2.js generate SourceMap
<s> [webpack.Progress] 92% sealing asset processing SourceMapDevToolPlugin 2913.6b7d99671ad736d46db2.js generated SourceMap
<s> [webpack.Progress] 92% sealing asset processing SourceMapDevToolPlugin 1189.afa0c31d6eae66c2db57.js generate SourceMap
<s> [webpack.Progress] 92% sealing asset processing SourceMapDevToolPlugin 1189.afa0c31d6eae66c2db57.js generated SourceMap
<s> [webpack.Progress] 92% sealing asset processing SourceMapDevToolPlugin 7786.e3670129cbffdc1bf1e6.js generate SourceMap
<s> [webpack.Progress] 92% sealing asset processing SourceMapDevToolPlugin 7786.e3670129cbffdc1bf1e6.js generated SourceMap
<s> [webpack.Progress] 92% sealing asset processing SourceMapDevToolPlugin 4065.e99cf508fcaf5c5ac52e.js generate SourceMap
<s> [webpack.Progress] 92% sealing asset processing SourceMapDevToolPlugin 4065.e99cf508fcaf5c5ac52e.js generated SourceMap
<s> [webpack.Progress] 92% sealing asset processing SourceMapDevToolPlugin 8945.d98c9db188c2f311551d.js generate SourceMap
<s> [webpack.Progress] 92% sealing asset processing SourceMapDevToolPlugin 8945.d98c9db188c2f311551d.js generated SourceMap
<s> [webpack.Progress] 92% sealing asset processing SourceMapDevToolPlugin 4439.27bb8db0ad37f7af304d.js generate SourceMap
<s> [webpack.Progress] 92% sealing asset processing SourceMapDevToolPlugin 4439.27bb8db0ad37f7af304d.js generated SourceMap
<s> [webpack.Progress] 92% sealing asset processing SourceMapDevToolPlugin 8381.2e19ad873bb3dbfd322f.js generate SourceMap
mm-harness | extension prepare
mm-harness | full log: /Users/deeeed/dev/metamask/metamask-extension-1/temp/recipe/harness/extension/live/20260909T044858Z/launch/logs/launch.log
mm-harness | full stream: mm-harness logs --full

  * webpack 92% sealing asset processing SourceMapDevToolPlugin 1189.afa0c31d6eae66c2db57.js generated SourceMap
  * webpack 92% sealing asset processing SourceMapDevToolPlugin 7786.e3670129cbffdc1bf1e6.js generate SourceMap
  * webpack 92% sealing asset processing SourceMapDevToolPlugin 7786.e3670129cbffdc1bf1e6.js generated SourceMap
  * webpack 92% sealing asset processing SourceMapDevToolPlugin 4065.e99cf508fcaf5c5ac52e.js generate SourceMap
  * webpack 92% sealing asset processing SourceMapDevToolPlugin 4065.e99cf508fcaf5c5ac52e.js generated SourceMap
  * webpack 92% sealing asset processing SourceMapDevToolPlugin 8945.d98c9db188c2f311551d.js generate SourceMap
  * webpack 92% sealing asset processing SourceMapDevToolPlugin 8945.d98c9db188c2f311551d.js generated SourceMap
  * webpack 92% sealing asset processing SourceMapDevToolPlugin 4439.27bb8db0ad37f7af304d.js generate SourceMap
  * webpack 92% sealing asset processing SourceMapDevToolPlugin 4439.27bb8db0ad37f7af304d.js generated SourceMap
  * webpack 92% sealing asset processing SourceMapDevToolPlugin 8381.2e19ad873bb3dbfd322f.js generate SourceMap
<s> [webpack.Progress] 92% sealing asset processing SourceMapDevToolPlugin 8381.2e19ad873bb3dbfd322f.js generated SourceMap
<s> [webpack.Progress] 92% sealing asset processing SourceMapDevToolPlugin 388.3b4f0dd4414fd87b2c62.js generate SourceMap
<s> [webpack.Progress] 92% sealing asset processing SourceMapDevToolPlugin 388.3b4f0dd4414fd87b2c62.js generated SourceMap
<s> [webpack.Progress] 92% sealing asset processing SourceMapDevToolPlugin 9754.dee8bd36dd483b6113f3.js generate SourceMap
<s> [webpack.Progress] 92% sealing asset processing SourceMapDevToolPlugin 9754.dee8bd36dd483b6113f3.js generated SourceMap
<s> [webpack.Progress] 92% sealing asset processing SourceMapDevToolPlugin snaps/bundle.js generate SourceMap
<s> [webpack.Progress] 92% sealing asset processing SourceMapDevToolPlugin snaps/bundle.js generated SourceMap
<s> [webpack.Progress] 92% sealing asset processing SourceMapDevToolPlugin resolve sources
<s> [webpack.Progress] 92% sealing asset processing SourceMapDevToolPlugin scripts/contentscript.js attach SourceMap
<s> [webpack.Progress] 92% sealing asset processing SourceMapDevToolPlugin scripts/contentscript.js attached SourceMap
<s> [webpack.Progress] 92% sealing asset processing SourceMapDevToolPlugin scripts/inpage.js attach SourceMap
<s> [webpack.Progress] 92% sealing asset processing SourceMapDevToolPlugin scripts/inpage.js attached SourceMap
<s> [webpack.Progress] 92% sealing asset processing SourceMapDevToolPlugin vendor/trezor/content-script.js attach SourceMap
<s> [webpack.Progress] 92% sealing asset processing SourceMapDevToolPlugin vendor/trezor/content-script.js attached SourceMap
<s> [webpack.Progress] 92% sealing asset processing SourceMapDevToolPlugin service-worker.js attach SourceMap
<s> [webpack.Progress] 92% sealing asset processing SourceMapDevToolPlugin service-worker.js attached SourceMap
<s> [webpack.Progress] 92% sealing asset processing SourceMapDevToolPlugin index.css attach SourceMap
<s> [webpack.Progress] 92% sealing asset processing SourceMapDevToolPlugin index.css attached SourceMap
<s> [webpack.Progress] 92% sealing asset processing SourceMapDevToolPlugin bootstrap.73e8a169750c1d7fe3b9.js attach SourceMap
<s> [webpack.Progress] 92% sealing asset processing SourceMapDevToolPlugin bootstrap.73e8a169750c1d7fe3b9.js attached SourceMap
<s> [webpack.Progress] 92% sealing asset processing SourceMapDevToolPlugin ui.ed5164dd0db8f5f08df4.js attach SourceMap
<s> [webpack.Progress] 92% sealing asset processing SourceMapDevToolPlugin ui.ed5164dd0db8f5f08df4.js attached SourceMap
<s> [webpack.Progress] 92% sealing asset processing SourceMapDevToolPlugin offscreen.1.c55c2f2c3add73f13985.js attach SourceMap
<s> [webpack.Progress] 92% sealing asset processing SourceMapDevToolPlugin offscreen.1.c55c2f2c3add73f13985.js attached SourceMap
<s> [webpack.Progress] 92% sealing asset processing SourceMapDevToolPlugin runtime.9a0fe3ca648ec1294d8c.js attach SourceMap
<s> [webpack.Progress] 92% sealing asset processing SourceMapDevToolPlugin runtime.9a0fe3ca648ec1294d8c.js attached SourceMap
<s> [webpack.Progress] 92% sealing asset processing SourceMapDevToolPlugin 9380.f7db18faea6f2d840e1e.js attach SourceMap
<s> [webpack.Progress] 92% sealing asset processing SourceMapDevToolPlugin 9380.f7db18faea6f2d840e1e.js attached SourceMap
<s> [webpack.Progress] 92% sealing asset processing SourceMapDevToolPlugin 1122.7b5a00910cae4f47d5e8.js attach SourceMap
<s> [webpack.Progress] 92% sealing asset processing SourceMapDevToolPlugin 1122.7b5a00910cae4f47d5e8.js attached SourceMap
<s> [webpack.Progress] 92% sealing asset processing SourceMapDevToolPlugin 2721.becc20539dc5a7dc5ba8.js attach SourceMap
<s> [webpack.Progress] 92% sealing asset processing SourceMapDevToolPlugin 2721.becc20539dc5a7dc5ba8.js attached SourceMap
<s> [webpack.Progress] 92% sealing asset processing SourceMapDevToolPlugin 7160.91dd0784d89945bd1dab.js attach SourceMap
<s> [webpack.Progress] 92% sealing asset processing SourceMapDevToolPlugin 7160.91dd0784d89945bd1dab.js attached SourceMap
<s> [webpack.Progress] 92% sealing asset processing SourceMapDevToolPlugin 8792.dcfa07f41b5d3b4cb06d.js attach SourceMap
<s> [webpack.Progress] 92% sealing asset processing SourceMapDevToolPlugin 8792.dcfa07f41b5d3b4cb06d.js attached SourceMap
<s> [webpack.Progress] 92% sealing asset processing SourceMapDevToolPlugin 5657.46bbe2be4cb8088dad60.js attach SourceMap
<s> [webpack.Progress] 92% sealing asset processing SourceMapDevToolPlugin 5657.46bbe2be4cb8088dad60.js attached SourceMap
<s> [webpack.Progress] 92% sealing asset processing SourceMapDevToolPlugin 2962.06a079739a7bbfb153b2.js attach SourceMap
<s> [webpack.Progress] 92% sealing asset processing SourceMapDevToolPlugin 2962.06a079739a7bbfb153b2.js attached SourceMap
<s> [webpack.Progress] 92% sealing asset processing SourceMapDevToolPlugin 5671.58c21003e2a330eaf759.js attach SourceMap
<s> [webpack.Progress] 92% sealing asset processing SourceMapDevToolPlugin 5671.58c21003e2a330eaf759.js attached SourceMap
<s> [webpack.Progress] 92% sealing asset processing SourceMapDevToolPlugin 6565.4eb185e80dd5aa5f059b.js attach SourceMap
<s> [webpack.Progress] 92% sealing asset processing SourceMapDevToolPlugin 6565.4eb185e80dd5aa5f059b.js attached SourceMap
<s> [webpack.Progress] 92% sealing asset processing SourceMapDevToolPlugin 4593.3ff40c54561bc2daed61.js attach SourceMap
<s> [webpack.Progress] 92% sealing asset processing SourceMapDevToolPlugin 4593.3ff40c54561bc2daed61.js attached SourceMap
<s> [webpack.Progress] 92% sealing asset processing SourceMapDevToolPlugin 2213.bd04ab64cbc78168ef9c.js attach SourceMap
<s> [webpack.Progress] 92% sealing asset processing SourceMapDevToolPlugin 2213.bd04ab64cbc78168ef9c.js attached SourceMap
<s> [webpack.Progress] 92% sealing asset processing SourceMapDevToolPlugin 7356.eccdc6f70710e68cc4a8.js attach SourceMap
<s> [webpack.Progress] 92% sealing asset processing SourceMapDevToolPlugin 7356.eccdc6f70710e68cc4a8.js attached SourceMap
<s> [webpack.Progress] 92% sealing asset processing SourceMapDevToolPlugin 2445.ebc1833418b14276524e.js attach SourceMap
<s> [webpack.Progress] 92% sealing asset processing SourceMapDevToolPlugin 2445.ebc1833418b14276524e.js attached SourceMap
<s> [webpack.Progress] 92% sealing asset processing SourceMapDevToolPlugin 891.94d4404b712fd53a72f6.js attach SourceMap
<s> [webpack.Progress] 92% sealing asset processing SourceMapDevToolPlugin 891.94d4404b712fd53a72f6.js attached SourceMap
<s> [webpack.Progress] 92% sealing asset processing SourceMapDevToolPlugin 4073.a0a47952952893b2e6e7.js attach SourceMap
<s> [webpack.Progress] 92% sealing asset processing SourceMapDevToolPlugin 4073.a0a47952952893b2e6e7.js attached SourceMap
<s> [webpack.Progress] 92% sealing asset processing SourceMapDevToolPlugin 9949.4c258d7311cd9ee2b89d.js attach SourceMap
<s> [webpack.Progress] 92% sealing asset processing SourceMapDevToolPlugin 9949.4c258d7311cd9ee2b89d.js attached SourceMap
<s> [webpack.Progress] 92% sealing asset processing SourceMapDevToolPlugin 4781.6a0e09b7ee38061ae664.js attach SourceMap
<s> [webpack.Progress] 92% sealing asset processing SourceMapDevToolPlugin 4781.6a0e09b7ee38061ae664.js attached SourceMap
<s> [webpack.Progress] 92% sealing asset processing SourceMapDevToolPlugin 343.40bb4d30116e829870f0.js attach SourceMap
<s> [webpack.Progress] 92% sealing asset processing SourceMapDevToolPlugin 343.40bb4d30116e829870f0.js attached SourceMap
<s> [webpack.Progress] 92% sealing asset processing SourceMapDevToolPlugin 1331.1c18e57a32d72e233e37.js attach SourceMap
<s> [webpack.Progress] 92% sealing asset processing SourceMapDevToolPlugin 1331.1c18e57a32d72e233e37.js attached SourceMap
<s> [webpack.Progress] 92% sealing asset processing SourceMapDevToolPlugin 133.a36d307179ff66933859.js attach SourceMap
<s> [webpack.Progress] 92% sealing asset processing SourceMapDevToolPlugin 133.a36d307179ff66933859.js attached SourceMap
<s> [webpack.Progress] 92% sealing asset processing SourceMapDevToolPlugin 483.8faa155b5d5d01459ef2.js attach SourceMap
<s> [webpack.Progress] 92% sealing asset processing SourceMapDevToolPlugin 483.8faa155b5d5d01459ef2.js attached SourceMap
<s> [webpack.Progress] 92% sealing asset processing SourceMapDevToolPlugin 6053.51e750c5b6eea9534e1f.js attach SourceMap
<s> [webpack.Progress] 92% sealing asset processing SourceMapDevToolPlugin 6053.51e750c5b6eea9534e1f.js attached SourceMap
<s> [webpack.Progress] 92% sealing asset processing SourceMapDevToolPlugin 5337.e8c6f311d6e2ca281caf.js attach SourceMap
<s> [webpack.Progress] 92% sealing asset processing SourceMapDevToolPlugin 5337.e8c6f311d6e2ca281caf.js attached SourceMap
<s> [webpack.Progress] 92% sealing asset processing SourceMapDevToolPlugin 1598.1d5ebda26ea8566939ce.js attach SourceMap
<s> [webpack.Progress] 92% sealing asset processing SourceMapDevToolPlugin 1598.1d5ebda26ea8566939ce.js attached SourceMap
<s> [webpack.Progress] 92% sealing asset processing SourceMapDevToolPlugin 9165.5abeb98fb31f19437f57.js attach SourceMap
<s> [webpack.Progress] 92% sealing asset processing SourceMapDevToolPlugin 9165.5abeb98fb31f19437f57.js attached SourceMap
<s> [webpack.Progress] 92% sealing asset processing SourceMapDevToolPlugin 7064.791e3741955923f44536.js attach SourceMap
<s> [webpack.Progress] 92% sealing asset processing SourceMapDevToolPlugin 7064.791e3741955923f44536.js attached SourceMap
<s> [webpack.Progress] 92% sealing asset processing SourceMapDevToolPlugin 1826.5369206db82691b7e18d.js attach SourceMap
<s> [webpack.Progress] 92% sealing asset processing SourceMapDevToolPlugin 1826.5369206db82691b7e18d.js attached SourceMap
<s> [webpack.Progress] 92% sealing asset processing SourceMapDevToolPlugin 2747.8e264e5d7fda0245a35e.js attach SourceMap
<s> [webpack.Progress] 92% sealing asset processing SourceMapDevToolPlugin 2747.8e264e5d7fda0245a35e.js attached SourceMap
<s> [webpack.Progress] 92% sealing asset processing SourceMapDevToolPlugin 2449.198974ec14f87826c693.js attach SourceMap
<s> [webpack.Progress] 92% sealing asset processing SourceMapDevToolPlugin 2449.198974ec14f87826c693.js attached SourceMap
<s> [webpack.Progress] 92% sealing asset processing SourceMapDevToolPlugin 2222.04d2d3b93693c95a6f9c.js attach SourceMap
<s> [webpack.Progress] 92% sealing asset processing SourceMapDevToolPlugin 2222.04d2d3b93693c95a6f9c.js attached SourceMap
<s> [webpack.Progress] 92% sealing asset processing SourceMapDevToolPlugin 1822.04c15daa24c62b84b485.js attach SourceMap
<s> [webpack.Progress] 92% sealing asset processing SourceMapDevToolPlugin 1822.04c15daa24c62b84b485.js attached SourceMap
<s> [webpack.Progress] 92% sealing asset processing SourceMapDevToolPlugin 305.5b017c9ea12ab2ecc5db.js attach SourceMap
<s> [webpack.Progress] 92% sealing asset processing SourceMapDevToolPlugin 305.5b017c9ea12ab2ecc5db.js attached SourceMap
<s> [webpack.Progress] 92% sealing asset processing SourceMapDevToolPlugin 2598.0223c138f017c27df3a1.js attach SourceMap
<s> [webpack.Progress] 92% sealing asset processing SourceMapDevToolPlugin 2598.0223c138f017c27df3a1.js attached SourceMap
<s> [webpack.Progress] 92% sealing asset processing SourceMapDevToolPlugin 3756.c54e9b2a5c3623716165.js attach SourceMap
<s> [webpack.Progress] 92% sealing asset processing SourceMapDevToolPlugin 3756.c54e9b2a5c3623716165.js attached SourceMap
<s> [webpack.Progress] 92% sealing asset processing SourceMapDevToolPlugin 4666.14d33f5059fe075ae7c5.js attach SourceMap
<s> [webpack.Progress] 92% sealing asset processing SourceMapDevToolPlugin 4666.14d33f5059fe075ae7c5.js attached SourceMap
<s> [webpack.Progress] 92% sealing asset processing SourceMapDevToolPlugin 4579.23b89764237cc268f333.js attach SourceMap
<s> [webpack.Progress] 92% sealing asset processing SourceMapDevToolPlugin 4579.23b89764237cc268f333.js attached SourceMap
<s> [webpack.Progress] 92% sealing asset processing SourceMapDevToolPlugin 4520.90049d21a6ccb3a931ea.js attach SourceMap
<s> [webpack.Progress] 92% sealing asset processing SourceMapDevToolPlugin 4520.90049d21a6ccb3a931ea.js attached SourceMap
<s> [webpack.Progress] 92% sealing asset processing SourceMapDevToolPlugin 339.e8510d7f2d09b6d54a30.js attach SourceMap
<s> [webpack.Progress] 92% sealing asset processing SourceMapDevToolPlugin 339.e8510d7f2d09b6d54a30.js attached SourceMap
<s> [webpack.Progress] 92% sealing asset processing SourceMapDevToolPlugin 8063.b7ae3ef40f4b8c630e04.js attach SourceMap
<s> [webpack.Progress] 92% sealing asset processing SourceMapDevToolPlugin 8063.b7ae3ef40f4b8c630e04.js attached SourceMap
<s> [webpack.Progress] 92% sealing asset processing SourceMapDevToolPlugin 9737.0c84ddf0117e0b321563.js attach SourceMap
<s> [webpack.Progress] 92% sealing asset processing SourceMapDevToolPlugin 9737.0c84ddf0117e0b321563.js attached SourceMap
<s> [webpack.Progress] 92% sealing asset processing SourceMapDevToolPlugin 4052.4b066fcf8fefa93e0e5a.js attach SourceMap
<s> [webpack.Progress] 92% sealing asset processing SourceMapDevToolPlugin 4052.4b066fcf8fefa93e0e5a.js attached SourceMap
<s> [webpack.Progress] 92% sealing asset processing SourceMapDevToolPlugin 3885.3ca736e6f6b35f5c566a.js attach SourceMap
<s> [webpack.Progress] 92% sealing asset processing SourceMapDevToolPlugin 3885.3ca736e6f6b35f5c566a.js attached SourceMap
<s> [webpack.Progress] 92% sealing asset processing SourceMapDevToolPlugin 5297.90033d7cc12e14327da7.js attach SourceMap
<s> [webpack.Progress] 92% sealing asset processing SourceMapDevToolPlugin 5297.90033d7cc12e14327da7.js attached SourceMap
<s> [webpack.Progress] 92% sealing asset processing SourceMapDevToolPlugin 9600.8784b9e06c058e3a7ddf.js attach SourceMap
<s> [webpack.Progress] 92% sealing asset processing SourceMapDevToolPlugin 9600.8784b9e06c058e3a7ddf.js attached SourceMap
<s> [webpack.Progress] 92% sealing asset processing SourceMapDevToolPlugin 8927.e5decb4fb6a49d6ed7cb.js attach SourceMap
<s> [webpack.Progress] 92% sealing asset processing SourceMapDevToolPlugin 8927.e5decb4fb6a49d6ed7cb.js attached SourceMap
<s> [webpack.Progress] 92% sealing asset processing SourceMapDevToolPlugin 3740.e479aecde29f67ccef00.js attach SourceMap
<s> [webpack.Progress] 92% sealing asset processing SourceMapDevToolPlugin 3740.e479aecde29f67ccef00.js attached SourceMap
<s> [webpack.Progress] 92% sealing asset processing SourceMapDevToolPlugin 1864.bfae41ed6e94ea2383c5.js attach SourceMap
<s> [webpack.Progress] 92% sealing asset processing SourceMapDevToolPlugin 1864.bfae41ed6e94ea2383c5.js attached SourceMap
<s> [webpack.Progress] 92% sealing asset processing SourceMapDevToolPlugin 5454.5857b61dc596b1582800.js attach SourceMap
<s> [webpack.Progress] 92% sealing asset processing SourceMapDevToolPlugin 5454.5857b61dc596b1582800.js attached SourceMap
<s> [webpack.Progress] 92% sealing asset processing SourceMapDevToolPlugin 5964.f6cb3beaa4575189a909.js attach SourceMap
<s> [webpack.Progress] 92% sealing asset processing SourceMapDevToolPlugin 5964.f6cb3beaa4575189a909.js attached SourceMap
<s> [webpack.Progress] 92% sealing asset processing SourceMapDevToolPlugin 5762.4aeb58a19e6bbdfa13a0.js attach SourceMap
<s> [webpack.Progress] 92% sealing asset processing SourceMapDevToolPlugin 5762.4aeb58a19e6bbdfa13a0.js attached SourceMap
<s> [webpack.Progress] 92% sealing asset processing SourceMapDevToolPlugin 2370.13462bfab1b0dc446368.js attach SourceMap
<s> [webpack.Progress] 92% sealing asset processing SourceMapDevToolPlugin 2370.13462bfab1b0dc446368.js attached SourceMap
<s> [webpack.Progress] 92% sealing asset processing SourceMapDevToolPlugin 1608.c8f0057ff3dbed7506fc.js attach SourceMap
<s> [webpack.Progress] 92% sealing asset processing SourceMapDevToolPlugin 1608.c8f0057ff3dbed7506fc.js attached SourceMap
<s> [webpack.Progress] 92% sealing asset processing SourceMapDevToolPlugin 5566.68873f9b582d04420ea9.js attach SourceMap
<s> [webpack.Progress] 92% sealing asset processing SourceMapDevToolPlugin 5566.68873f9b582d04420ea9.js attached SourceMap
<s> [webpack.Progress] 92% sealing asset processing SourceMapDevToolPlugin 4323.9b80a0ff284cdcfa9652.js attach SourceMap
<s> [webpack.Progress] 92% sealing asset processing SourceMapDevToolPlugin 4323.9b80a0ff284cdcfa9652.js attached SourceMap
<s> [webpack.Progress] 92% sealing asset processing SourceMapDevToolPlugin 3404.94840e60e5186aa6e626.js attach SourceMap
<s> [webpack.Progress] 92% sealing asset processing SourceMapDevToolPlugin 3404.94840e60e5186aa6e626.js attached SourceMap
<s> [webpack.Progress] 92% sealing asset processing SourceMapDevToolPlugin 6649.771fde35bd53cb1b1006.js attach SourceMap
<s> [webpack.Progress] 92% sealing asset processing SourceMapDevToolPlugin 6649.771fde35bd53cb1b1006.js attached SourceMap
<s> [webpack.Progress] 92% sealing asset processing SourceMapDevToolPlugin 2203.a6381a8e17d906fe7154.js attach SourceMap
<s> [webpack.Progress] 92% sealing asset processing SourceMapDevToolPlugin 2203.a6381a8e17d906fe7154.js attached SourceMap
<s> [webpack.Progress] 92% sealing asset processing SourceMapDevToolPlugin 5458.7af490f5a47261e03b60.js attach SourceMap
<s> [webpack.Progress] 92% sealing asset processing SourceMapDevToolPlugin 5458.7af490f5a47261e03b60.js attached SourceMap
<s> [webpack.Progress] 92% sealing asset processing SourceMapDevToolPlugin 229.7ca2dcf17f130685cdc5.js attach SourceMap
<s> [webpack.Progress] 92% sealing asset processing SourceMapDevToolPlugin 229.7ca2dcf17f130685cdc5.js attached SourceMap
<s> [webpack.Progress] 92% sealing asset processing SourceMapDevToolPlugin 8117.e35db4eeaba80b0b86c0.js attach SourceMap
<s> [webpack.Progress] 92% sealing asset processing SourceMapDevToolPlugin 8117.e35db4eeaba80b0b86c0.js attached SourceMap
<s> [webpack.Progress] 92% sealing asset processing SourceMapDevToolPlugin 1309.47b9e5d520629d3e1ef0.js attach SourceMap
<s> [webpack.Progress] 92% sealing asset processing SourceMapDevToolPlugin 1309.47b9e5d520629d3e1ef0.js attached SourceMap
<s> [webpack.Progress] 92% sealing asset processing SourceMapDevToolPlugin 8093.c3da9fbd456afc16d0d5.js attach SourceMap
<s> [webpack.Progress] 92% sealing asset processing SourceMapDevToolPlugin 8093.c3da9fbd456afc16d0d5.js attached SourceMap
<s> [webpack.Progress] 92% sealing asset processing SourceMapDevToolPlugin 3785.0e193a66e46ee856ef9f.js attach SourceMap
<s> [webpack.Progress] 92% sealing asset processing SourceMapDevToolPlugin 3785.0e193a66e46ee856ef9f.js attached SourceMap
<s> [webpack.Progress] 92% sealing asset processing SourceMapDevToolPlugin 7651.c1bcc3468615b524901d.js attach SourceMap
<s> [webpack.Progress] 92% sealing asset processing SourceMapDevToolPlugin 7651.c1bcc3468615b524901d.js attached SourceMap
<s> [webpack.Progress] 92% sealing asset processing SourceMapDevToolPlugin 7755.ae2db1d792adfde09bb6.js attach SourceMap
<s> [webpack.Progress] 92% sealing asset processing SourceMapDevToolPlugin 7755.ae2db1d792adfde09bb6.js attached SourceMap
<s> [webpack.Progress] 92% sealing asset processing SourceMapDevToolPlugin 3956.397d160ab39d3e0153f3.js attach SourceMap
<s> [webpack.Progress] 92% sealing asset processing SourceMapDevToolPlugin 3956.397d160ab39d3e0153f3.js attached SourceMap
<s> [webpack.Progress] 92% sealing asset processing SourceMapDevToolPlugin 5175.21b3250ec245595bd5b9.js attach SourceMap
<s> [webpack.Progress] 92% sealing asset processing SourceMapDevToolPlugin 5175.21b3250ec245595bd5b9.js attached SourceMap
<s> [webpack.Progress] 92% sealing asset processing SourceMapDevToolPlugin 461.616e565a85ce4c373a46.js attach SourceMap
<s> [webpack.Progress] 92% sealing asset processing SourceMapDevToolPlugin 461.616e565a85ce4c373a46.js attached SourceMap
<s> [webpack.Progress] 92% sealing asset processing SourceMapDevToolPlugin 2186.2fb46e625a7271fad729.js attach SourceMap
<s> [webpack.Progress] 92% sealing asset processing SourceMapDevToolPlugin 2186.2fb46e625a7271fad729.js attached SourceMap
<s> [webpack.Progress] 92% sealing asset processing SourceMapDevToolPlugin 2638.49dffdddb459a978d447.js attach SourceMap
<s> [webpack.Progress] 92% sealing asset processing SourceMapDevToolPlugin 2638.49dffdddb459a978d447.js attached SourceMap
<s> [webpack.Progress] 92% sealing asset processing SourceMapDevToolPlugin 9957.38796893cafb08d7d670.js attach SourceMap
<s> [webpack.Progress] 92% sealing asset processing SourceMapDevToolPlugin 9957.38796893cafb08d7d670.js attached SourceMap
<s> [webpack.Progress] 92% sealing asset processing SourceMapDevToolPlugin 1507.dd024d5592531534b5e3.js attach SourceMap
<s> [webpack.Progress] 92% sealing asset processing SourceMapDevToolPlugin 1507.dd024d5592531534b5e3.js attached SourceMap
<s> [webpack.Progress] 92% sealing asset processing SourceMapDevToolPlugin 425.86b3f2546733ff02a7f7.js attach SourceMap
<s> [webpack.Progress] 92% sealing asset processing SourceMapDevToolPlugin 425.86b3f2546733ff02a7f7.js attached SourceMap
<s> [webpack.Progress] 92% sealing asset processing SourceMapDevToolPlugin 6622.e52bfa12b1bf8fb1060f.js attach SourceMap
<s> [webpack.Progress] 92% sealing asset processing SourceMapDevToolPlugin 6622.e52bfa12b1bf8fb1060f.js attached SourceMap
<s> [webpack.Progress] 92% sealing asset processing SourceMapDevToolPlugin 9038.b63f13c900ba6b54cd52.js attach SourceMap
<s> [webpack.Progress] 92% sealing asset processing SourceMapDevToolPlugin 9038.b63f13c900ba6b54cd52.js attached SourceMap
<s> [webpack.Progress] 92% sealing asset processing SourceMapDevToolPlugin 2584.e9e61a85bba76221f06e.js attach SourceMap
<s> [webpack.Progress] 92% sealing asset processing SourceMapDevToolPlugin 2584.e9e61a85bba76221f06e.js attached SourceMap
<s> [webpack.Progress] 92% sealing asset processing SourceMapDevToolPlugin 6828.50fec138243ed6f00474.js attach SourceMap
<s> [webpack.Progress] 92% sealing asset processing SourceMapDevToolPlugin 6828.50fec138243ed6f00474.js attached SourceMap
<s> [webpack.Progress] 92% sealing asset processing SourceMapDevToolPlugin 407.23cf483d9f9cf266e08d.js attach SourceMap
<s> [webpack.Progress] 92% sealing asset processing SourceMapDevToolPlugin 407.23cf483d9f9cf266e08d.js attached SourceMap
<s> [webpack.Progress] 92% sealing asset processing SourceMapDevToolPlugin 9689.286259fb84cb182a9560.js attach SourceMap
<s> [webpack.Progress] 92% sealing asset processing SourceMapDevToolPlugin 9689.286259fb84cb182a9560.js attached SourceMap
<s> [webpack.Progress] 92% sealing asset processing SourceMapDevToolPlugin 670.8a3dd0a0a1104c4ee800.js attach SourceMap
<s> [webpack.Progress] 92% sealing asset processing SourceMapDevToolPlugin 670.8a3dd0a0a1104c4ee800.js attached SourceMap
<s> [webpack.Progress] 92% sealing asset processing SourceMapDevToolPlugin 8935.76f7d18ec2db1116472c.js attach SourceMap
<s> [webpack.Progress] 92% sealing asset processing SourceMapDevToolPlugin 8935.76f7d18ec2db1116472c.js attached SourceMap
<s> [webpack.Progress] 92% sealing asset processing SourceMapDevToolPlugin 9060.8c14b991ad6ad088c65e.js attach SourceMap
<s> [webpack.Progress] 92% sealing asset processing SourceMapDevToolPlugin 9060.8c14b991ad6ad088c65e.js attached SourceMap
<s> [webpack.Progress] 92% sealing asset processing SourceMapDevToolPlugin 4274.717a62df2a936e0d0796.js attach SourceMap
<s> [webpack.Progress] 92% sealing asset processing SourceMapDevToolPlugin 4274.717a62df2a936e0d0796.js attached SourceMap
<s> [webpack.Progress] 92% sealing asset processing SourceMapDevToolPlugin 2160.99f346ae2fcd65bd1ab3.js attach SourceMap
<s> [webpack.Progress] 92% sealing asset processing SourceMapDevToolPlugin 2160.99f346ae2fcd65bd1ab3.js attached SourceMap
<s> [webpack.Progress] 92% sealing asset processing SourceMapDevToolPlugin 7449.26dd398625f0ae6b6e91.js attach SourceMap
<s> [webpack.Progress] 92% sealing asset processing SourceMapDevToolPlugin 7449.26dd398625f0ae6b6e91.js attached SourceMap
<s> [webpack.Progress] 92% sealing asset processing SourceMapDevToolPlugin 904.ce4e51fea115b479b536.js attach SourceMap
<s> [webpack.Progress] 92% sealing asset processing SourceMapDevToolPlugin 904.ce4e51fea115b479b536.js attached SourceMap
<s> [webpack.Progress] 92% sealing asset processing SourceMapDevToolPlugin 659.556e417887174e764e0a.js attach SourceMap
<s> [webpack.Progress] 92% sealing asset processing SourceMapDevToolPlugin 659.556e417887174e764e0a.js attached SourceMap
<s> [webpack.Progress] 92% sealing asset processing SourceMapDevToolPlugin 7899.7bd59964da163d2433c5.js attach SourceMap
<s> [webpack.Progress] 92% sealing asset processing SourceMapDevToolPlugin 7899.7bd59964da163d2433c5.js attached SourceMap
<s> [webpack.Progress] 92% sealing asset processing SourceMapDevToolPlugin 8994.832035807bead8eee918.js attach SourceMap
<s> [webpack.Progress] 92% sealing asset processing SourceMapDevToolPlugin 8994.832035807bead8eee918.js attached SourceMap
<s> [webpack.Progress] 92% sealing asset processing SourceMapDevToolPlugin 2189.978d22f2bc84c669878f.js attach SourceMap
<s> [webpack.Progress] 92% sealing asset processing SourceMapDevToolPlugin 2189.978d22f2bc84c669878f.js attached SourceMap
<s> [webpack.Progress] 92% sealing asset processing SourceMapDevToolPlugin 6358.8fad22f2b4a12fd704df.js attach SourceMap
<s> [webpack.Progress] 92% sealing asset processing SourceMapDevToolPlugin 6358.8fad22f2b4a12fd704df.js attached SourceMap
<s> [webpack.Progress] 92% sealing asset processing SourceMapDevToolPlugin 3375.e7078b067afe373c1af8.js attach SourceMap
<s> [webpack.Progress] 92% sealing asset processing SourceMapDevToolPlugin 3375.e7078b067afe373c1af8.js attached SourceMap
<s> [webpack.Progress] 92% sealing asset processing SourceMapDevToolPlugin js-de2d6f9a.26c8871ef1694594a36a.js attach SourceMap
<s> [webpack.Progress] 92% sealing asset processing SourceMapDevToolPlugin js-de2d6f9a.26c8871ef1694594a36a.js attached SourceMap
<s> [webpack.Progress] 92% sealing asset processing SourceMapDevToolPlugin vendor-a5ce148e.ca5c3de6e081b438933e.js attach SourceMap
<s> [webpack.Progress] 92% sealing asset processing SourceMapDevToolPlugin vendor-a5ce148e.ca5c3de6e081b438933e.js attached SourceMap
<s> [webpack.Progress] 92% sealing asset processing SourceMapDevToolPlugin 1290.951fb81c1588228ca00a.js attach SourceMap
<s> [webpack.Progress] 92% sealing asset processing SourceMapDevToolPlugin 1290.951fb81c1588228ca00a.js attached SourceMap
<s> [webpack.Progress] 92% sealing asset processing SourceMapDevToolPlugin 868.3bf655100b12d90295ec.js attach SourceMap
<s> [webpack.Progress] 92% sealing asset processing SourceMapDevToolPlugin 868.3bf655100b12d90295ec.js attached SourceMap
<s> [webpack.Progress] 92% sealing asset processing SourceMapDevToolPlugin 427.b3bdd5d830acae36066d.js attach SourceMap
<s> [webpack.Progress] 92% sealing asset processing SourceMapDevToolPlugin 427.b3bdd5d830acae36066d.js attached SourceMap
<s> [webpack.Progress] 92% sealing asset processing SourceMapDevToolPlugin 9289.39551e4d8fe3ffd8412c.js attach SourceMap
<s> [webpack.Progress] 92% sealing asset processing SourceMapDevToolPlugin 9289.39551e4d8fe3ffd8412c.js attached SourceMap
<s> [webpack.Progress] 92% sealing asset processing SourceMapDevToolPlugin 2335.244e8378c2dc3b637b99.js attach SourceMap
<s> [webpack.Progress] 92% sealing asset processing SourceMapDevToolPlugin 2335.244e8378c2dc3b637b99.js attached SourceMap
<s> [webpack.Progress] 92% sealing asset processing SourceMapDevToolPlugin 9232.72b594a8ed982746306a.js attach SourceMap
<s> [webpack.Progress] 92% sealing asset processing SourceMapDevToolPlugin 9232.72b594a8ed982746306a.js attached SourceMap
<s> [webpack.Progress] 92% sealing asset processing SourceMapDevToolPlugin 418.51da2d19923c87178d9c.js attach SourceMap
<s> [webpack.Progress] 92% sealing asset processing SourceMapDevToolPlugin 418.51da2d19923c87178d9c.js attached SourceMap
<s> [webpack.Progress] 92% sealing asset processing SourceMapDevToolPlugin 2710.a6ba1bc4d4d2fd9c3e4b.js attach SourceMap
<s> [webpack.Progress] 92% sealing asset processing SourceMapDevToolPlugin 2710.a6ba1bc4d4d2fd9c3e4b.js attached SourceMap
<s> [webpack.Progress] 92% sealing asset processing SourceMapDevToolPlugin 989.8896e1b64e2901dc9de1.js attach SourceMap
<s> [webpack.Progress] 92% sealing asset processing SourceMapDevToolPlugin 989.8896e1b64e2901dc9de1.js attached SourceMap
<s> [webpack.Progress] 92% sealing asset processing SourceMapDevToolPlugin 8734.dd20a4395888014ccb8e.js attach SourceMap
<s> [webpack.Progress] 92% sealing asset processing SourceMapDevToolPlugin 8734.dd20a4395888014ccb8e.js attached SourceMap
<s> [webpack.Progress] 92% sealing asset processing SourceMapDevToolPlugin 6802.e89bbe7d98fd7ccdb08f.js attach SourceMap
<s> [webpack.Progress] 92% sealing asset processing SourceMapDevToolPlugin 6802.e89bbe7d98fd7ccdb08f.js attached SourceMap
<s> [webpack.Progress] 92% sealing asset processing SourceMapDevToolPlugin 7202.d33c520592c83214c153.js attach SourceMap
<s> [webpack.Progress] 92% sealing asset processing SourceMapDevToolPlugin 7202.d33c520592c83214c153.js attached SourceMap
<s> [webpack.Progress] 92% sealing asset processing SourceMapDevToolPlugin 1523.3cc4b6aa1f65298010a8.js attach SourceMap
<s> [webpack.Progress] 92% sealing asset processing SourceMapDevToolPlugin 1523.3cc4b6aa1f65298010a8.js attached SourceMap
<s> [webpack.Progress] 92% sealing asset processing SourceMapDevToolPlugin 8650.be281ea33afd3f6e91d0.js attach SourceMap
<s> [webpack.Progress] 92% sealing asset processing SourceMapDevToolPlugin 8650.be281ea33afd3f6e91d0.js attached SourceMap
<s> [webpack.Progress] 92% sealing asset processing SourceMapDevToolPlugin 5087.b024ed1057df2fe8b2be.js attach SourceMap
<s> [webpack.Progress] 92% sealing asset processing SourceMapDevToolPlugin 5087.b024ed1057df2fe8b2be.js attached SourceMap
<s> [webpack.Progress] 92% sealing asset processing SourceMapDevToolPlugin 9887.7ca56acc573873375645.js attach SourceMap
<s> [webpack.Progress] 92% sealing asset processing SourceMapDevToolPlugin 9887.7ca56acc573873375645.js attached SourceMap
<s> [webpack.Progress] 92% sealing asset processing SourceMapDevToolPlugin 2664.328825aa042147e8e696.js attach SourceMap
<s> [webpack.Progress] 92% sealing asset processing SourceMapDevToolPlugin 2664.328825aa042147e8e696.js attached SourceMap
<s> [webpack.Progress] 92% sealing asset processing SourceMapDevToolPlugin 1719.366898fb7ae2a3ff3a65.js attach SourceMap
<s> [webpack.Progress] 92% sealing asset processing SourceMapDevToolPlugin 1719.366898fb7ae2a3ff3a65.js attached SourceMap
<s> [webpack.Progress] 92% sealing asset processing SourceMapDevToolPlugin 7679.f7a42aa64823d152c30d.js attach SourceMap
<s> [webpack.Progress] 92% sealing asset processing SourceMapDevToolPlugin 7679.f7a42aa64823d152c30d.js attached SourceMap
<s> [webpack.Progress] 92% sealing asset processing SourceMapDevToolPlugin 8811.fe865bb1afa3a9e1a0d2.js attach SourceMap
<s> [webpack.Progress] 92% sealing asset processing SourceMapDevToolPlugin 8811.fe865bb1afa3a9e1a0d2.js attached SourceMap
<s> [webpack.Progress] 92% sealing asset processing SourceMapDevToolPlugin 6141.94df711f4d24ff0d0ca2.js attach SourceMap
<s> [webpack.Progress] 92% sealing asset processing SourceMapDevToolPlugin 6141.94df711f4d24ff0d0ca2.js attached SourceMap
<s> [webpack.Progress] 92% sealing asset processing SourceMapDevToolPlugin 4753.2bad3b00366f86033609.js attach SourceMap
<s> [webpack.Progress] 92% sealing asset processing SourceMapDevToolPlugin 4753.2bad3b00366f86033609.js attached SourceMap
<s> [webpack.Progress] 92% sealing asset processing SourceMapDevToolPlugin 1768.1b3f5673a5cb6bfe1c65.js attach SourceMap
<s> [webpack.Progress] 92% sealing asset processing SourceMapDevToolPlugin 1768.1b3f5673a5cb6bfe1c65.js attached SourceMap
<s> [webpack.Progress] 92% sealing asset processing SourceMapDevToolPlugin 9597.f380024c06693e2044d4.js attach SourceMap
<s> [webpack.Progress] 92% sealing asset processing SourceMapDevToolPlugin 9597.f380024c06693e2044d4.js attached SourceMap
<s> [webpack.Progress] 92% sealing asset processing SourceMapDevToolPlugin 8620.be0718a58064e983c476.js attach SourceMap
<s> [webpack.Progress] 92% sealing asset processing SourceMapDevToolPlugin 8620.be0718a58064e983c476.js attached SourceMap
<s> [webpack.Progress] 92% sealing asset processing SourceMapDevToolPlugin 9354.6dc8a0eada16bd8c74de.js attach SourceMap
<s> [webpack.Progress] 92% sealing asset processing SourceMapDevToolPlugin 9354.6dc8a0eada16bd8c74de.js attached SourceMap
<s> [webpack.Progress] 92% sealing asset processing SourceMapDevToolPlugin 1391.9130ebca0d5c68b22e4f.js attach SourceMap
<s> [webpack.Progress] 92% sealing asset processing SourceMapDevToolPlugin 1391.9130ebca0d5c68b22e4f.js attached SourceMap
<s> [webpack.Progress] 92% sealing asset processing SourceMapDevToolPlugin 8015.71952a189ab0065ecbad.js attach SourceMap
<s> [webpack.Progress] 92% sealing asset processing SourceMapDevToolPlugin 8015.71952a189ab0065ecbad.js attached SourceMap
<s> [webpack.Progress] 92% sealing asset processing SourceMapDevToolPlugin 110.3c937abac099ee93d0ae.js attach SourceMap
<s> [webpack.Progress] 92% sealing asset processing SourceMapDevToolPlugin 110.3c937abac099ee93d0ae.js attached SourceMap
<s> [webpack.Progress] 92% sealing asset processing SourceMapDevToolPlugin 4473.379a98e30f903f4d1f4a.js attach SourceMap
<s> [webpack.Progress] 92% sealing asset processing SourceMapDevToolPlugin 4473.379a98e30f903f4d1f4a.js attached SourceMap
<s> [webpack.Progress] 92% sealing asset processing SourceMapDevToolPlugin 3139.06c46528c7e9e81dc3eb.js attach SourceMap
<s> [webpack.Progress] 92% sealing asset processing SourceMapDevToolPlugin 3139.06c46528c7e9e81dc3eb.js attached SourceMap
<s> [webpack.Progress] 92% sealing asset processing SourceMapDevToolPlugin 3931.f5a7ef427a54cb861f3a.js attach SourceMap
<s> [webpack.Progress] 92% sealing asset processing SourceMapDevToolPlugin 3931.f5a7ef427a54cb861f3a.js attached SourceMap
<s> [webpack.Progress] 92% sealing asset processing SourceMapDevToolPlugin 3809.f0edcd9b73d56ec726aa.js attach SourceMap
<s> [webpack.Progress] 92% sealing asset processing SourceMapDevToolPlugin 3809.f0edcd9b73d56ec726aa.js attached SourceMap
<s> [webpack.Progress] 92% sealing asset processing SourceMapDevToolPlugin 9984.c08336abbc264b614c72.js attach SourceMap
<s> [webpack.Progress] 92% sealing asset processing SourceMapDevToolPlugin 9984.c08336abbc264b614c72.js attached SourceMap
<s> [webpack.Progress] 92% sealing asset processing SourceMapDevToolPlugin 5925.3a222b6e2e860ca14288.js attach SourceMap
<s> [webpack.Progress] 92% sealing asset processing SourceMapDevToolPlugin 5925.3a222b6e2e860ca14288.js attached SourceMap
<s> [webpack.Progress] 92% sealing asset processing SourceMapDevToolPlugin 6091.741017fb70f209ae4ef5.js attach SourceMap
<s> [webpack.Progress] 92% sealing asset processing SourceMapDevToolPlugin 6091.741017fb70f209ae4ef5.js attached SourceMap
<s> [webpack.Progress] 92% sealing asset processing SourceMapDevToolPlugin 4910.b5af0ca19aeb0f161f3f.js attach SourceMap
<s> [webpack.Progress] 92% sealing asset processing SourceMapDevToolPlugin 4910.b5af0ca19aeb0f161f3f.js attached SourceMap
<s> [webpack.Progress] 92% sealing asset processing SourceMapDevToolPlugin 8946.1b5b98f715e0f83d4b38.js attach SourceMap
<s> [webpack.Progress] 92% sealing asset processing SourceMapDevToolPlugin 8946.1b5b98f715e0f83d4b38.js attached SourceMap
<s> [webpack.Progress] 92% sealing asset processing SourceMapDevToolPlugin 5151.564c0f8700b36d9d0788.js attach SourceMap
<s> [webpack.Progress] 92% sealing asset processing SourceMapDevToolPlugin 5151.564c0f8700b36d9d0788.js attached SourceMap
<s> [webpack.Progress] 92% sealing asset processing SourceMapDevToolPlugin 463.7073eb4a57071adb37d5.js attach SourceMap
<s> [webpack.Progress] 92% sealing asset processing SourceMapDevToolPlugin 463.7073eb4a57071adb37d5.js attached SourceMap
<s> [webpack.Progress] 92% sealing asset processing SourceMapDevToolPlugin 1791.c6596692aacffe4f1783.js attach SourceMap
<s> [webpack.Progress] 92% sealing asset processing SourceMapDevToolPlugin 1791.c6596692aacffe4f1783.js attached SourceMap
<s> [webpack.Progress] 92% sealing asset processing SourceMapDevToolPlugin 1474.25bc45b05a321a65ea14.js attach SourceMap
<s> [webpack.Progress] 92% sealing asset processing SourceMapDevToolPlugin 1474.25bc45b05a321a65ea14.js attached SourceMap
<s> [webpack.Progress] 92% sealing asset processing SourceMapDevToolPlugin 3306.33e8e0b40a93f145e67b.js attach SourceMap
<s> [webpack.Progress] 92% sealing asset processing SourceMapDevToolPlugin 3306.33e8e0b40a93f145e67b.js attached SourceMap
<s> [webpack.Progress] 92% sealing asset processing SourceMapDevToolPlugin 9743.0d99166403883b338a35.js attach SourceMap
<s> [webpack.Progress] 92% sealing asset processing SourceMapDevToolPlugin 9743.0d99166403883b338a35.js attached SourceMap
<s> [webpack.Progress] 92% sealing asset processing SourceMapDevToolPlugin 5404.4343e7a07b76e3d14596.js attach SourceMap
<s> [webpack.Progress] 92% sealing asset processing SourceMapDevToolPlugin 5404.4343e7a07b76e3d14596.js attached SourceMap
<s> [webpack.Progress] 92% sealing asset processing SourceMapDevToolPlugin 1105.864c014b3ae23d04359e.js attach SourceMap
<s> [webpack.Progress] 92% sealing asset processing SourceMapDevToolPlugin 1105.864c014b3ae23d04359e.js attached SourceMap
<s> [webpack.Progress] 92% sealing asset processing SourceMapDevToolPlugin 308.633f0a52a25f8a4aab2d.js attach SourceMap
<s> [webpack.Progress] 92% sealing asset processing SourceMapDevToolPlugin 308.633f0a52a25f8a4aab2d.js attached SourceMap
<s> [webpack.Progress] 92% sealing asset processing SourceMapDevToolPlugin 3701.5553cf4c766e21395257.js attach SourceMap
<s> [webpack.Progress] 92% sealing asset processing SourceMapDevToolPlugin 3701.5553cf4c766e21395257.js attached SourceMap
<s> [webpack.Progress] 92% sealing asset processing SourceMapDevToolPlugin 5098.d593c7f0469b58803654.js attach SourceMap
<s> [webpack.Progress] 92% sealing asset processing SourceMapDevToolPlugin 5098.d593c7f0469b58803654.js attached SourceMap
<s> [webpack.Progress] 92% sealing asset processing SourceMapDevToolPlugin 4603.2f239ba57921e28d1924.js attach SourceMap
<s> [webpack.Progress] 92% sealing asset processing SourceMapDevToolPlugin 4603.2f239ba57921e28d1924.js attached SourceMap
<s> [webpack.Progress] 92% sealing asset processing SourceMapDevToolPlugin 4655.a0f77a1eb09a19433fac.js attach SourceMap
<s> [webpack.Progress] 92% sealing asset processing SourceMapDevToolPlugin 4655.a0f77a1eb09a19433fac.js attached SourceMap
<s> [webpack.Progress] 92% sealing asset processing SourceMapDevToolPlugin 1887.7df369ce8790a4754258.js attach SourceMap
<s> [webpack.Progress] 92% sealing asset processing SourceMapDevToolPlugin 1887.7df369ce8790a4754258.js attached SourceMap
<s> [webpack.Progress] 92% sealing asset processing SourceMapDevToolPlugin 7133.7e2226ca624aac9d7f59.js attach SourceMap
<s> [webpack.Progress] 92% sealing asset processing SourceMapDevToolPlugin 7133.7e2226ca624aac9d7f59.js attached SourceMap
<s> [webpack.Progress] 92% sealing asset processing SourceMapDevToolPlugin 46.b83faa3d5da15aef2a8c.js attach SourceMap
<s> [webpack.Progress] 92% sealing asset processing SourceMapDevToolPlugin 46.b83faa3d5da15aef2a8c.js attached SourceMap
<s> [webpack.Progress] 92% sealing asset processing SourceMapDevToolPlugin 6906.8745e137149bfafc163e.js attach SourceMap
<s> [webpack.Progress] 92% sealing asset processing SourceMapDevToolPlugin 6906.8745e137149bfafc163e.js attached SourceMap
<s> [webpack.Progress] 92% sealing asset processing SourceMapDevToolPlugin 2514.d760cba2897db44f4628.js attach SourceMap
<s> [webpack.Progress] 92% sealing asset processing SourceMapDevToolPlugin 2514.d760cba2897db44f4628.js attached SourceMap
<s> [webpack.Progress] 92% sealing asset processing SourceMapDevToolPlugin 7378.7ea8eedad174ddf271d0.js attach SourceMap
<s> [webpack.Progress] 92% sealing asset processing SourceMapDevToolPlugin 7378.7ea8eedad174ddf271d0.js attached SourceMap
<s> [webpack.Progress] 92% sealing asset processing SourceMapDevToolPlugin 5609.9683e381bf98a8f14744.js attach SourceMap
<s> [webpack.Progress] 92% sealing asset processing SourceMapDevToolPlugin 5609.9683e381bf98a8f14744.js attached SourceMap
<s> [webpack.Progress] 92% sealing asset processing SourceMapDevToolPlugin 4113.0aa39c5b240c73da0dbb.js attach SourceMap
<s> [webpack.Progress] 92% sealing asset processing SourceMapDevToolPlugin 4113.0aa39c5b240c73da0dbb.js attached SourceMap
<s> [webpack.Progress] 92% sealing asset processing SourceMapDevToolPlugin 4859.acc75fd3dbaf325a718f.js attach SourceMap
<s> [webpack.Progress] 92% sealing asset processing SourceMapDevToolPlugin 4859.acc75fd3dbaf325a718f.js attached SourceMap
<s> [webpack.Progress] 92% sealing asset processing SourceMapDevToolPlugin 836.d88d350a9191af86e09d.js attach SourceMap
<s> [webpack.Progress] 92% sealing asset processing SourceMapDevToolPlugin 836.d88d350a9191af86e09d.js attached SourceMap
<s> [webpack.Progress] 92% sealing asset processing SourceMapDevToolPlugin 1476.5aafc55fa3d5f1738552.js attach SourceMap
<s> [webpack.Progress] 92% sealing asset processing SourceMapDevToolPlugin 1476.5aafc55fa3d5f1738552.js attached SourceMap
<s> [webpack.Progress] 92% sealing asset processing SourceMapDevToolPlugin 2317.b03c1ff7c974c04cf43e.js attach SourceMap
<s> [webpack.Progress] 92% sealing asset processing SourceMapDevToolPlugin 2317.b03c1ff7c974c04cf43e.js attached SourceMap
<s> [webpack.Progress] 92% sealing asset processing SourceMapDevToolPlugin 4939.bb41c4c4294db9c65c4f.js attach SourceMap
<s> [webpack.Progress] 92% sealing asset processing SourceMapDevToolPlugin 4939.bb41c4c4294db9c65c4f.js attached SourceMap
<s> [webpack.Progress] 92% sealing asset processing SourceMapDevToolPlugin 4162.5d671f33c383a7a81147.js attach SourceMap
<s> [webpack.Progress] 92% sealing asset processing SourceMapDevToolPlugin 4162.5d671f33c383a7a81147.js attached SourceMap
<s> [webpack.Progress] 92% sealing asset processing SourceMapDevToolPlugin 5466.a812166d75b4518e04b6.js attach SourceMap
<s> [webpack.Progress] 92% sealing asset processing SourceMapDevToolPlugin 5466.a812166d75b4518e04b6.js attached SourceMap
<s> [webpack.Progress] 92% sealing asset processing SourceMapDevToolPlugin 7219.b5d828153d854be8ddae.js attach SourceMap
<s> [webpack.Progress] 92% sealing asset processing SourceMapDevToolPlugin 7219.b5d828153d854be8ddae.js attached SourceMap
<s> [webpack.Progress] 92% sealing asset processing SourceMapDevToolPlugin js-5fa74877.a979560a0bc977c529ea.js attach SourceMap
<s> [webpack.Progress] 92% sealing asset processing SourceMapDevToolPlugin js-5fa74877.a979560a0bc977c529ea.js attached SourceMap
<s> [webpack.Progress] 92% sealing asset processing SourceMapDevToolPlugin js-2c7117ce.b5df8fa1c2312bf5e2db.js attach SourceMap
<s> [webpack.Progress] 92% sealing asset processing SourceMapDevToolPlugin js-2c7117ce.b5df8fa1c2312bf5e2db.js attached SourceMap
<s> [webpack.Progress] 92% sealing asset processing SourceMapDevToolPlugin js-84e32abe.ef85825cd857b90d27c4.js attach SourceMap
<s> [webpack.Progress] 92% sealing asset processing SourceMapDevToolPlugin js-84e32abe.ef85825cd857b90d27c4.js attached SourceMap
<s> [webpack.Progress] 92% sealing asset processing SourceMapDevToolPlugin js-71051298.9e8aab43c2ed2b3aa40c.js attach SourceMap
<s> [webpack.Progress] 92% sealing asset processing SourceMapDevToolPlugin js-71051298.9e8aab43c2ed2b3aa40c.js attached SourceMap
<s> [webpack.Progress] 92% sealing asset processing SourceMapDevToolPlugin js-319e4a23.f6dc02f820b63d9cbfba.js attach SourceMap
<s> [webpack.Progress] 92% sealing asset processing SourceMapDevToolPlugin js-319e4a23.f6dc02f820b63d9cbfba.js attached SourceMap
<s> [webpack.Progress] 92% sealing asset processing SourceMapDevToolPlugin vendor-cdd60c62.99bf8381c619825283e0.js attach SourceMap
<s> [webpack.Progress] 92% sealing asset processing SourceMapDevToolPlugin vendor-cdd60c62.99bf8381c619825283e0.js attached SourceMap
<s> [webpack.Progress] 92% sealing asset processing SourceMapDevToolPlugin vendor-d2eb5610.0193a0168c8aeb08b8ed.js attach SourceMap
<s> [webpack.Progress] 92% sealing asset processing SourceMapDevToolPlugin vendor-d2eb5610.0193a0168c8aeb08b8ed.js attached SourceMap
<s> [webpack.Progress] 92% sealing asset processing SourceMapDevToolPlugin vendor-efdee510.6e23ab7bf438a76407ad.js attach SourceMap
<s> [webpack.Progress] 92% sealing asset processing SourceMapDevToolPlugin vendor-efdee510.6e23ab7bf438a76407ad.js attached SourceMap
<s> [webpack.Progress] 92% sealing asset processing SourceMapDevToolPlugin vendor-24e2b4df.d68d64e92c761ac0d0b5.js attach SourceMap
<s> [webpack.Progress] 92% sealing asset processing SourceMapDevToolPlugin vendor-24e2b4df.d68d64e92c761ac0d0b5.js attached SourceMap
<s> [webpack.Progress] 92% sealing asset processing SourceMapDevToolPlugin vendor-6fff978b.5021dfe8769b936389e2.js attach SourceMap
<s> [webpack.Progress] 92% sealing asset processing SourceMapDevToolPlugin vendor-6fff978b.5021dfe8769b936389e2.js attached SourceMap
<s> [webpack.Progress] 92% sealing asset processing SourceMapDevToolPlugin vendor-9241dc7c.bd8dcf0c5a226f934fb7.js attach SourceMap
<s> [webpack.Progress] 92% sealing asset processing SourceMapDevToolPlugin vendor-9241dc7c.bd8dcf0c5a226f934fb7.js attached SourceMap
<s> [webpack.Progress] 92% sealing asset processing SourceMapDevToolPlugin vendor-059be3de.596e5383ad27ba9bb548.js attach SourceMap
<s> [webpack.Progress] 92% sealing asset processing SourceMapDevToolPlugin vendor-059be3de.596e5383ad27ba9bb548.js attached SourceMap
<s> [webpack.Progress] 92% sealing asset processing SourceMapDevToolPlugin vendor-2dee8ca3.f7ed6010faf63102ef3d.js attach SourceMap
<s> [webpack.Progress] 92% sealing asset processing SourceMapDevToolPlugin vendor-2dee8ca3.f7ed6010faf63102ef3d.js attached SourceMap
<s> [webpack.Progress] 92% sealing asset processing SourceMapDevToolPlugin vendor-9fdd03a1.cf0c991f376c4bb78c02.js attach SourceMap
<s> [webpack.Progress] 92% sealing asset processing SourceMapDevToolPlugin vendor-9fdd03a1.cf0c991f376c4bb78c02.js attached SourceMap
<s> [webpack.Progress] 92% sealing asset processing SourceMapDevToolPlugin vendor-d55b92e6.76d1916b2125f18e2ed9.js attach SourceMap
<s> [webpack.Progress] 92% sealing asset processing SourceMapDevToolPlugin vendor-d55b92e6.76d1916b2125f18e2ed9.js attached SourceMap
<s> [webpack.Progress] 92% sealing asset processing SourceMapDevToolPlugin vendor-631f4c9e.20d8397b5f2ff1e4a1d3.js attach SourceMap
<s> [webpack.Progress] 92% sealing asset processing SourceMapDevToolPlugin vendor-631f4c9e.20d8397b5f2ff1e4a1d3.js attached SourceMap
<s> [webpack.Progress] 92% sealing asset processing SourceMapDevToolPlugin vendor-0c1fb56a.d3f19a82688aab33d0fd.js attach SourceMap
<s> [webpack.Progress] 92% sealing asset processing SourceMapDevToolPlugin vendor-0c1fb56a.d3f19a82688aab33d0fd.js attached SourceMap
<s> [webpack.Progress] 92% sealing asset processing SourceMapDevToolPlugin vendor-a58ebfdb.976c4c851519f0c01188.js attach SourceMap
<s> [webpack.Progress] 92% sealing asset processing SourceMapDevToolPlugin vendor-a58ebfdb.976c4c851519f0c01188.js attached SourceMap
<s> [webpack.Progress] 92% sealing asset processing SourceMapDevToolPlugin vendor-da2abae2.c32606d0899b123b0b5a.js attach SourceMap
<s> [webpack.Progress] 92% sealing asset processing SourceMapDevToolPlugin vendor-da2abae2.c32606d0899b123b0b5a.js attached SourceMap
<s> [webpack.Progress] 92% sealing asset processing SourceMapDevToolPlugin vendor-0bc0478e.574d0a052159cfa877c7.js attach SourceMap
<s> [webpack.Progress] 92% sealing asset processing SourceMapDevToolPlugin vendor-0bc0478e.574d0a052159cfa877c7.js attached SourceMap
<s> [webpack.Progress] 92% sealing asset processing SourceMapDevToolPlugin vendor-d96105ec.ce6a417b51c3b321b043.js attach SourceMap
<s> [webpack.Progress] 92% sealing asset processing SourceMapDevToolPlugin vendor-d96105ec.ce6a417b51c3b321b043.js attached SourceMap
<s> [webpack.Progress] 92% sealing asset processing SourceMapDevToolPlugin vendor-eaa8b4e8.07dbbf931bb70191bde5.js attach SourceMap
<s> [webpack.Progress] 92% sealing asset processing SourceMapDevToolPlugin vendor-eaa8b4e8.07dbbf931bb70191bde5.js attached SourceMap
<s> [webpack.Progress] 92% sealing asset processing SourceMapDevToolPlugin vendor-229eafb5.fe334aae05af1617983f.js attach SourceMap
<s> [webpack.Progress] 92% sealing asset processing SourceMapDevToolPlugin vendor-229eafb5.fe334aae05af1617983f.js attached SourceMap
<s> [webpack.Progress] 92% sealing asset processing SourceMapDevToolPlugin 8554.1c9ea9308187c84ba3e2.js attach SourceMap
<s> [webpack.Progress] 92% sealing asset processing SourceMapDevToolPlugin 8554.1c9ea9308187c84ba3e2.js attached SourceMap
<s> [webpack.Progress] 92% sealing asset processing SourceMapDevToolPlugin 1245.8075c1d688ad30c82e99.js attach SourceMap
<s> [webpack.Progress] 92% sealing asset processing SourceMapDevToolPlugin 1245.8075c1d688ad30c82e99.js attached SourceMap
<s> [webpack.Progress] 92% sealing asset processing SourceMapDevToolPlugin 1089.440aeb8bd82290e85333.js attach SourceMap
<s> [webpack.Progress] 92% sealing asset processing SourceMapDevToolPlugin 1089.440aeb8bd82290e85333.js attached SourceMap
<s> [webpack.Progress] 92% sealing asset processing SourceMapDevToolPlugin 3527.2a6f190c9dff35391f4b.js attach SourceMap
<s> [webpack.Progress] 92% sealing asset processing SourceMapDevToolPlugin 3527.2a6f190c9dff35391f4b.js attached SourceMap
<s> [webpack.Progress] 92% sealing asset processing SourceMapDevToolPlugin 4305.688fc1d04bae7bed8bdb.js attach SourceMap
<s> [webpack.Progress] 92% sealing asset processing SourceMapDevToolPlugin 4305.688fc1d04bae7bed8bdb.js attached SourceMap
<s> [webpack.Progress] 92% sealing asset processing SourceMapDevToolPlugin 9523.f1731cc8bbfdb5854efc.js attach SourceMap
<s> [webpack.Progress] 92% sealing asset processing SourceMapDevToolPlugin 9523.f1731cc8bbfdb5854efc.js attached SourceMap
<s> [webpack.Progress] 92% sealing asset processing SourceMapDevToolPlugin 9525.ffcdffc7f67d3ddbcd3c.js attach SourceMap
<s> [webpack.Progress] 92% sealing asset processing SourceMapDevToolPlugin 9525.ffcdffc7f67d3ddbcd3c.js attached SourceMap
<s> [webpack.Progress] 92% sealing asset processing SourceMapDevToolPlugin 782.30539d47d49a433c20a7.js attach SourceMap
<s> [webpack.Progress] 92% sealing asset processing SourceMapDevToolPlugin 782.30539d47d49a433c20a7.js attached SourceMap
<s> [webpack.Progress] 92% sealing asset processing SourceMapDevToolPlugin 2913.6b7d99671ad736d46db2.js attach SourceMap
<s> [webpack.Progress] 92% sealing asset processing SourceMapDevToolPlugin 2913.6b7d99671ad736d46db2.js attached SourceMap
<s> [webpack.Progress] 92% sealing asset processing SourceMapDevToolPlugin 1189.afa0c31d6eae66c2db57.js attach SourceMap
<s> [webpack.Progress] 92% sealing asset processing SourceMapDevToolPlugin 1189.afa0c31d6eae66c2db57.js attached SourceMap
<s> [webpack.Progress] 92% sealing asset processing SourceMapDevToolPlugin 7786.e3670129cbffdc1bf1e6.js attach SourceMap
<s> [webpack.Progress] 92% sealing asset processing SourceMapDevToolPlugin 7786.e3670129cbffdc1bf1e6.js attached SourceMap
<s> [webpack.Progress] 92% sealing asset processing SourceMapDevToolPlugin 4065.e99cf508fcaf5c5ac52e.js attach SourceMap
<s> [webpack.Progress] 92% sealing asset processing SourceMapDevToolPlugin 4065.e99cf508fcaf5c5ac52e.js attached SourceMap
<s> [webpack.Progress] 92% sealing asset processing SourceMapDevToolPlugin 8945.d98c9db188c2f311551d.js attach SourceMap
<s> [webpack.Progress] 92% sealing asset processing SourceMapDevToolPlugin 8945.d98c9db188c2f311551d.js attached SourceMap
<s> [webpack.Progress] 92% sealing asset processing SourceMapDevToolPlugin 4439.27bb8db0ad37f7af304d.js attach SourceMap
<s> [webpack.Progress] 92% sealing asset processing SourceMapDevToolPlugin 4439.27bb8db0ad37f7af304d.js attached SourceMap
<s> [webpack.Progress] 92% sealing asset processing SourceMapDevToolPlugin 8381.2e19ad873bb3dbfd322f.js attach SourceMap
<s> [webpack.Progress] 92% sealing asset processing SourceMapDevToolPlugin 8381.2e19ad873bb3dbfd322f.js attached SourceMap
<s> [webpack.Progress] 92% sealing asset processing SourceMapDevToolPlugin 388.3b4f0dd4414fd87b2c62.js attach SourceMap
<s> [webpack.Progress] 92% sealing asset processing SourceMapDevToolPlugin 388.3b4f0dd4414fd87b2c62.js attached SourceMap
<s> [webpack.Progress] 92% sealing asset processing SourceMapDevToolPlugin 9754.dee8bd36dd483b6113f3.js attach SourceMap
<s> [webpack.Progress] 92% sealing asset processing SourceMapDevToolPlugin 9754.dee8bd36dd483b6113f3.js attached SourceMap
<s> [webpack.Progress] 92% sealing asset processing SourceMapDevToolPlugin
<s> [webpack.Progress] 92% sealing asset processing SourceMapDevToolPlugin
<s> [webpack.Progress] 92% sealing asset processing SourceMapDevToolPlugin resolve sources
<s> [webpack.Progress] 92% sealing asset processing SourceMapDevToolPlugin
<s> [webpack.Progress] 92% sealing asset processing RealContentHashPlugin
<s> [webpack.Progress] 92% sealing asset processing RealContentHashPlugin
<s> [webpack.Progress] 92% sealing asset processing RealContentHashPlugin usb-permissions.276d3937ce9d41f04055.js generate SourceMap
<s> [webpack.Progress] 92% sealing asset processing RealContentHashPlugin usb-permissions.276d3937ce9d41f04055.js generated SourceMap
<s> [webpack.Progress] 92% sealing asset processing RealContentHashPlugin 6401.fd0961664f365a281da4.js generate SourceMap
<s> [webpack.Progress] 92% sealing asset processing RealContentHashPlugin 6401.fd0961664f365a281da4.js generated SourceMap
<s> [webpack.Progress] 92% sealing asset processing RealContentHashPlugin 5593.b3aa0c465d79da10619e.js generate SourceMap
<s> [webpack.Progress] 92% sealing asset processing RealContentHashPlugin 5593.b3aa0c465d79da10619e.js generated SourceMap
<s> [webpack.Progress] 92% sealing asset processing RealContentHashPlugin 7115.b2e2a6fedded1fd317fb.js generate SourceMap
<s> [webpack.Progress] 92% sealing asset processing RealContentHashPlugin 7115.b2e2a6fedded1fd317fb.js generated SourceMap
<s> [webpack.Progress] 92% sealing asset processing RealContentHashPlugin resolve sources
<s> [webpack.Progress] 92% sealing asset processing RealContentHashPlugin
<s> [webpack.Progress] 92% sealing asset processing html-bundler-webpack-plugin
<s> [webpack.Progress] 92% sealing asset processing ManifestPlugin
<s> [webpack.Progress] 92% sealing asset processing ManifestPlugin
<s> [webpack.Progress] 92% sealing asset processing ManifestPlugin chrome/snaps/bundle.js generate SourceMap
<s> [webpack.Progress] 92% sealing asset processing ManifestPlugin chrome/snaps/bundle.js generated SourceMap
<s> [webpack.Progress] 92% sealing asset processing ManifestPlugin chrome/usb-permissions.276d3937ce9d41f04055.js generate SourceMap
<s> [webpack.Progress] 92% sealing asset processing ManifestPlugin chrome/usb-permissions.276d3937ce9d41f04055.js generated SourceMap
<s> [webpack.Progress] 92% sealing asset processing ManifestPlugin chrome/6401.fd0961664f365a281da4.js generate SourceMap
<s> [webpack.Progress] 92% sealing asset processing ManifestPlugin chrome/6401.fd0961664f365a281da4.js generated SourceMap
<s> [webpack.Progress] 92% sealing asset processing ManifestPlugin chrome/5593.b3aa0c465d79da10619e.js generate SourceMap
<s> [webpack.Progress] 92% sealing asset processing ManifestPlugin chrome/5593.b3aa0c465d79da10619e.js generated SourceMap
<s> [webpack.Progress] 92% sealing asset processing ManifestPlugin chrome/7115.b2e2a6fedded1fd317fb.js generate SourceMap
<s> [webpack.Progress] 92% sealing asset processing ManifestPlugin chrome/7115.b2e2a6fedded1fd317fb.js generated SourceMap
<s> [webpack.Progress] 92% sealing asset processing ManifestPlugin resolve sources
<s> [webpack.Progress] 92% sealing asset processing ManifestPlugin
<s> [webpack.Progress] 92% sealing asset processing
<s> [webpack.Progress] 93% sealing after asset optimization
<s> [webpack.Progress] 93% sealing after asset optimization
<s> [webpack.Progress] 93% sealing recording
<s> [webpack.Progress] 93% sealing recording
<s> [webpack.Progress] 94% sealing after seal
<s> [webpack.Progress] 94% sealing after seal
<s> [webpack.Progress] 95% emitting emit
<s> [webpack.Progress] 95% emitting emit CleanPlugin
<s> [webpack.Progress] 95% emitting emit
mm-harness | extension prepare
mm-harness | full log: /Users/deeeed/dev/metamask/metamask-extension-1/temp/recipe/harness/extension/live/20260909T044858Z/launch/logs/launch.log
mm-harness | full stream: mm-harness logs --full

  * webpack 92% sealing asset processing ManifestPlugin chrome/7115.b2e2a6fedded1fd317fb.js generated SourceMap
  * webpack 92% sealing asset processing ManifestPlugin resolve sources
  * webpack 92% sealing asset processing ManifestPlugin
  * webpack 92% sealing asset processing
  * webpack 93% sealing after asset optimization
  * webpack 93% sealing recording
  * webpack 94% sealing after seal
  * webpack 95% emitting emit
  * webpack 95% emitting emit CleanPlugin
  * webpack 95% emitting emit
<s> [webpack.Progress] 98% emitting after emit
<s> [webpack.Progress] 98% emitting after emit html-bundler-webpack-plugin
<s> [webpack.Progress] 98% emitting after emit SizeLimitsPlugin
<s> [webpack.Progress] 98% emitting after emit
<s> [webpack.Progress] 99% done plugins
<s> [webpack.Progress] 99% done plugins html-bundler-webpack-plugin
<s> [webpack.Progress] 99% done plugins
<s> [webpack.Progress] 99% 

<s> [webpack.Progress] 99% cache store build dependencies
<s> [webpack.Progress] 99% cache store build dependencies
<s> [webpack.Progress] 99% cache begin idle
<s> [webpack.Progress] 99% cache begin idle
<s> [webpack.Progress] 100% 

WARNING in asset size limit: The following asset(s) exceed the recommended size limit (4 MiB).
This can impact web performance.
Assets: 
  chrome/c73eb46ffdb2d28382ea.json (4.01 MiB)

WARNING in entrypoint size limit: The following entrypoint(s) combined asset size exceeds the recommended limit (244 KiB). This can impact web performance.
Entrypoints:
  scripts/contentscript.js (1.28 MiB)
      chrome/scripts/contentscript.js
  scripts/inpage.js (344 KiB)
      chrome/scripts/inpage.js
  vendor/trezor/content-script.js (304 KiB)
      chrome/vendor/trezor/content-script.js
  service-worker.ts (1.41 MiB)
      chrome/service-worker.js
  home (15.1 MiB)
      chrome/runtime.d4face84a0d27da142e7.js
      chrome/js-5fa74877.4f3d7511bcc7df529566.js
      chrome/js-2c7117ce.5055302a9c7eaf05a339.js
      chrome/js-84e32abe.12b3953f9de295afbc86.js
      chrome/js-71051298.6b089a64476d34430b50.js
      chrome/js-319e4a23.4bf59a16c95a0e995e04.js
      chrome/js-de2d6f9a.1cb1095c5fcd1b6cc84e.js
      chrome/vendor-cdd60c62.69fa6ca3984ef02b8846.js
      chrome/vendor-d2eb5610.dd4a75e9692c135439d8.js
      chrome/vendor-efdee510.92e39d5f42d0f4f9cd88.js
      chrome/vendor-24e2b4df.98c69e4a7e52cc6b4b02.js
      chrome/vendor-6fff978b.22dc14bf2594b23be101.js
      chrome/vendor-9241dc7c.d2a954f81eef872ef6ca.js
      chrome/vendor-059be3de.072aae0f28e17fcc2c72.js
      chrome/vendor-2dee8ca3.6ea03d299f7e58524892.js
      chrome/vendor-9fdd03a1.ccd96eeb42a45746fb64.js
      chrome/vendor-d55b92e6.443cbdbb483d4b745e4e.js
      chrome/vendor-631f4c9e.e90c4ce60f950fa3fd71.js
      chrome/vendor-0c1fb56a.d93c42d05b13af9d4503.js
      chrome/vendor-a58ebfdb.f41dbbe231edc133b1b8.js
      chrome/vendor-da2abae2.40bff82e4da7b12295e5.js
      chrome/vendor-0bc0478e.91b94c0c8de72768f1bd.js
      chrome/vendor-d96105ec.a77bd8e190ba179bcc86.js
      chrome/vendor-eaa8b4e8.fc482fe612403258b557.js
      chrome/vendor-229eafb5.6aef6a8ea5fe9e018751.js
      chrome/vendor-a5ce148e.ae9f20a3c57e80bfacf6.js
      chrome/home.html
      chrome/index.css
  loading (805 KiB)
      chrome/runtime.d4face84a0d27da142e7.js
      chrome/loading.html
  notification (14.3 MiB)
      chrome/runtime.d4face84a0d27da142e7.js
      chrome/js-5fa74877.4f3d7511bcc7df529566.js
      chrome/js-2c7117ce.5055302a9c7eaf05a339.js
      chrome/js-84e32abe.12b3953f9de295afbc86.js
      chrome/js-71051298.6b089a64476d34430b50.js
      chrome/js-319e4a23.4bf59a16c95a0e995e04.js
      chrome/js-de2d6f9a.1cb1095c5fcd1b6cc84e.js
      chrome/vendor-cdd60c62.69fa6ca3984ef02b8846.js
      chrome/vendor-d2eb5610.dd4a75e9692c135439d8.js
      chrome/vendor-efdee510.92e39d5f42d0f4f9cd88.js
      chrome/vendor-24e2b4df.98c69e4a7e52cc6b4b02.js
      chrome/vendor-6fff978b.22dc14bf2594b23be101.js
      chrome/vendor-9241dc7c.d2a954f81eef872ef6ca.js
      chrome/vendor-059be3de.072aae0f28e17fcc2c72.js
      chrome/vendor-2dee8ca3.6ea03d299f7e58524892.js
      chrome/vendor-9fdd03a1.ccd96eeb42a45746fb64.js
      chrome/vendor-d55b92e6.443cbdbb483d4b745e4e.js
      chrome/vendor-631f4c9e.e90c4ce60f950fa3fd71.js
      chrome/vendor-0c1fb56a.d93c42d05b13af9d4503.js
      chrome/vendor-a58ebfdb.f41dbbe231edc133b1b8.js
      chrome/vendor-da2abae2.40bff82e4da7b12295e5.js
      chrome/vendor-0bc0478e.91b94c0c8de72768f1bd.js
      chrome/vendor-d96105ec.a77bd8e190ba179bcc86.js
      chrome/vendor-eaa8b4e8.fc482fe612403258b557.js
      chrome/vendor-229eafb5.6aef6a8ea5fe9e018751.js
      chrome/vendor-a5ce148e.ae9f20a3c57e80bfacf6.js
      chrome/notification.html
  popup-init (804 KiB)
      chrome/runtime.d4face84a0d27da142e7.js
      chrome/popup-init.html
  popup (14.3 MiB)
      chrome/runtime.d4face84a0d27da142e7.js
      chrome/js-5fa74877.4f3d7511bcc7df529566.js
      chrome/js-2c7117ce.5055302a9c7eaf05a339.js
      chrome/js-84e32abe.12b3953f9de295afbc86.js
      chrome/js-71051298.6b089a64476d34430b50.js
      chrome/js-319e4a23.4bf59a16c95a0e995e04.js
      chrome/js-de2d6f9a.1cb1095c5fcd1b6cc84e.js
      chrome/vendor-cdd60c62.69fa6ca3984ef02b8846.js
      chrome/vendor-d2eb5610.dd4a75e9692c135439d8.js
      chrome/vendor-efdee510.92e39d5f42d0f4f9cd88.js
      chrome/vendor-24e2b4df.98c69e4a7e52cc6b4b02.js
      chrome/vendor-6fff978b.22dc14bf2594b23be101.js
      chrome/vendor-9241dc7c.d2a954f81eef872ef6ca.js
      chrome/vendor-059be3de.072aae0f28e17fcc2c72.js
      chrome/vendor-2dee8ca3.6ea03d299f7e58524892.js
      chrome/vendor-9fdd03a1.ccd96eeb42a45746fb64.js
      chrome/vendor-d55b92e6.443cbdbb483d4b745e4e.js
      chrome/vendor-631f4c9e.e90c4ce60f950fa3fd71.js
      chrome/vendor-0c1fb56a.d93c42d05b13af9d4503.js
      chrome/vendor-a58ebfdb.f41dbbe231edc133b1b8.js
      chrome/vendor-da2abae2.40bff82e4da7b12295e5.js
      chrome/vendor-0bc0478e.91b94c0c8de72768f1bd.js
      chrome/vendor-d96105ec.a77bd8e190ba179bcc86.js
      chrome/vendor-eaa8b4e8.fc482fe612403258b557.js
      chrome/vendor-229eafb5.6aef6a8ea5fe9e018751.js
      chrome/vendor-a5ce148e.ae9f20a3c57e80bfacf6.js
      chrome/popup.html
  sidepanel (14.3 MiB)
      chrome/runtime.d4face84a0d27da142e7.js
      chrome/js-5fa74877.4f3d7511bcc7df529566.js
      chrome/js-2c7117ce.5055302a9c7eaf05a339.js
      chrome/js-84e32abe.12b3953f9de295afbc86.js
      chrome/js-71051298.6b089a64476d34430b50.js
      chrome/js-319e4a23.4bf59a16c95a0e995e04.js
      chrome/js-de2d6f9a.1cb1095c5fcd1b6cc84e.js
      chrome/vendor-cdd60c62.69fa6ca3984ef02b8846.js
      chrome/vendor-d2eb5610.dd4a75e9692c135439d8.js
      chrome/vendor-efdee510.92e39d5f42d0f4f9cd88.js
      chrome/vendor-24e2b4df.98c69e4a7e52cc6b4b02.js
      chrome/vendor-6fff978b.22dc14bf2594b23be101.js
      chrome/vendor-9241dc7c.d2a954f81eef872ef6ca.js
      chrome/vendor-059be3de.072aae0f28e17fcc2c72.js
      chrome/vendor-2dee8ca3.6ea03d299f7e58524892.js
      chrome/vendor-9fdd03a1.ccd96eeb42a45746fb64.js
      chrome/vendor-d55b92e6.443cbdbb483d4b745e4e.js
      chrome/vendor-631f4c9e.e90c4ce60f950fa3fd71.js
      chrome/vendor-0c1fb56a.d93c42d05b13af9d4503.js
      chrome/vendor-a58ebfdb.f41dbbe231edc133b1b8.js
      chrome/vendor-da2abae2.40bff82e4da7b12295e5.js
      chrome/vendor-0bc0478e.91b94c0c8de72768f1bd.js
      chrome/vendor-d96105ec.a77bd8e190ba179bcc86.js
      chrome/vendor-eaa8b4e8.fc482fe612403258b557.js
      chrome/vendor-229eafb5.6aef6a8ea5fe9e018751.js
      chrome/vendor-a5ce148e.ae9f20a3c57e80bfacf6.js
      chrome/sidepanel.html
  offscreen (14.3 MiB)
      chrome/runtime.d4face84a0d27da142e7.js
      chrome/js-5fa74877.4f3d7511bcc7df529566.js
      chrome/js-2c7117ce.5055302a9c7eaf05a339.js
      chrome/js-84e32abe.12b3953f9de295afbc86.js
      chrome/js-71051298.6b089a64476d34430b50.js
      chrome/js-319e4a23.4bf59a16c95a0e995e04.js
      chrome/js-de2d6f9a.1cb1095c5fcd1b6cc84e.js
      chrome/vendor-cdd60c62.69fa6ca3984ef02b8846.js
      chrome/vendor-d2eb5610.dd4a75e9692c135439d8.js
      chrome/vendor-efdee510.92e39d5f42d0f4f9cd88.js
      chrome/vendor-24e2b4df.98c69e4a7e52cc6b4b02.js
      chrome/vendor-6fff978b.22dc14bf2594b23be101.js
      chrome/vendor-9241dc7c.d2a954f81eef872ef6ca.js
      chrome/vendor-059be3de.072aae0f28e17fcc2c72.js
      chrome/vendor-2dee8ca3.6ea03d299f7e58524892.js
      chrome/vendor-9fdd03a1.ccd96eeb42a45746fb64.js
      chrome/vendor-d55b92e6.443cbdbb483d4b745e4e.js
      chrome/vendor-631f4c9e.e90c4ce60f950fa3fd71.js
      chrome/vendor-0c1fb56a.d93c42d05b13af9d4503.js
      chrome/vendor-a58ebfdb.f41dbbe231edc133b1b8.js
      chrome/vendor-da2abae2.40bff82e4da7b12295e5.js
      chrome/vendor-0bc0478e.91b94c0c8de72768f1bd.js
      chrome/vendor-d96105ec.a77bd8e190ba179bcc86.js
      chrome/vendor-eaa8b4e8.fc482fe612403258b557.js
      chrome/vendor-229eafb5.6aef6a8ea5fe9e018751.js
      chrome/vendor-a5ce148e.ae9f20a3c57e80bfacf6.js
      chrome/offscreen.html
  trezor-usb-permissions (4.12 MiB)
      chrome/runtime.d4face84a0d27da142e7.js
      chrome/js-5fa74877.4f3d7511bcc7df529566.js
      chrome/js-2c7117ce.5055302a9c7eaf05a339.js
      chrome/js-84e32abe.12b3953f9de295afbc86.js
      chrome/js-71051298.6b089a64476d34430b50.js
      chrome/js-319e4a23.4bf59a16c95a0e995e04.js
      chrome/js-de2d6f9a.1cb1095c5fcd1b6cc84e.js
      chrome/trezor-usb-permissions.html
  bootstrap (667 KiB)
      chrome/bootstrap.f78259bb8065324d06ae.js
  ui (15.2 MiB)
      chrome/runtime.d4face84a0d27da142e7.js
      chrome/js-5fa74877.4f3d7511bcc7df529566.js
      chrome/js-2c7117ce.5055302a9c7eaf05a339.js
      chrome/js-84e32abe.12b3953f9de295afbc86.js
      chrome/js-71051298.6b089a64476d34430b50.js
      chrome/js-319e4a23.4bf59a16c95a0e995e04.js
      chrome/js-de2d6f9a.1cb1095c5fcd1b6cc84e.js
      chrome/vendor-cdd60c62.69fa6ca3984ef02b8846.js
      chrome/vendor-d2eb5610.dd4a75e9692c135439d8.js
      chrome/vendor-efdee510.92e39d5f42d0f4f9cd88.js
      chrome/vendor-24e2b4df.98c69e4a7e52cc6b4b02.js
      chrome/vendor-6fff978b.22dc14bf2594b23be101.js
      chrome/vendor-9241dc7c.d2a954f81eef872ef6ca.js
      chrome/vendor-059be3de.072aae0f28e17fcc2c72.js
      chrome/vendor-2dee8ca3.6ea03d299f7e58524892.js
      chrome/vendor-9fdd03a1.ccd96eeb42a45746fb64.js
      chrome/vendor-d55b92e6.443cbdbb483d4b745e4e.js
      chrome/vendor-631f4c9e.e90c4ce60f950fa3fd71.js
      chrome/vendor-0c1fb56a.d93c42d05b13af9d4503.js
      chrome/vendor-a58ebfdb.f41dbbe231edc133b1b8.js
      chrome/vendor-da2abae2.40bff82e4da7b12295e5.js
      chrome/vendor-0bc0478e.91b94c0c8de72768f1bd.js
      chrome/vendor-d96105ec.a77bd8e190ba179bcc86.js
      chrome/vendor-eaa8b4e8.fc482fe612403258b557.js
      chrome/vendor-229eafb5.6aef6a8ea5fe9e018751.js
      chrome/vendor-a5ce148e.ae9f20a3c57e80bfacf6.js
      chrome/ui.de5bd189a475f7f8a757.js
  offscreen.1 (15.3 MiB)
      chrome/runtime.d4face84a0d27da142e7.js
      chrome/js-5fa74877.4f3d7511bcc7df529566.js
      chrome/js-2c7117ce.5055302a9c7eaf05a339.js
      chrome/js-84e32abe.12b3953f9de295afbc86.js
      chrome/js-71051298.6b089a64476d34430b50.js
      chrome/js-319e4a23.4bf59a16c95a0e995e04.js
      chrome/js-de2d6f9a.1cb1095c5fcd1b6cc84e.js
      chrome/vendor-cdd60c62.69fa6ca3984ef02b8846.js
      chrome/vendor-d2eb5610.dd4a75e9692c135439d8.js
      chrome/vendor-efdee510.92e39d5f42d0f4f9cd88.js
      chrome/vendor-24e2b4df.98c69e4a7e52cc6b4b02.js
      chrome/vendor-6fff978b.22dc14bf2594b23be101.js
      chrome/vendor-9241dc7c.d2a954f81eef872ef6ca.js
      chrome/vendor-059be3de.072aae0f28e17fcc2c72.js
      chrome/vendor-2dee8ca3.6ea03d299f7e58524892.js
      chrome/vendor-9fdd03a1.ccd96eeb42a45746fb64.js
      chrome/vendor-d55b92e6.443cbdbb483d4b745e4e.js
      chrome/vendor-631f4c9e.e90c4ce60f950fa3fd71.js
      chrome/vendor-0c1fb56a.d93c42d05b13af9d4503.js
      chrome/vendor-a58ebfdb.f41dbbe231edc133b1b8.js
      chrome/vendor-da2abae2.40bff82e4da7b12295e5.js
      chrome/vendor-0bc0478e.91b94c0c8de72768f1bd.js
      chrome/vendor-d96105ec.a77bd8e190ba179bcc86.js
      chrome/vendor-eaa8b4e8.fc482fe612403258b557.js
      chrome/vendor-229eafb5.6aef6a8ea5fe9e018751.js
      chrome/vendor-a5ce148e.ae9f20a3c57e80bfacf6.js
      chrome/offscreen.1.5ab98738cf49739e958c.js
  usb-permissions (4.12 MiB)
      chrome/runtime.d4face84a0d27da142e7.js
      chrome/js-5fa74877.4f3d7511bcc7df529566.js
      chrome/js-2c7117ce.5055302a9c7eaf05a339.js
      chrome/js-84e32abe.12b3953f9de295afbc86.js
      chrome/js-71051298.6b089a64476d34430b50.js
      chrome/js-319e4a23.4bf59a16c95a0e995e04.js
      chrome/js-de2d6f9a.1cb1095c5fcd1b6cc84e.js
      chrome/usb-permissions.276d3937ce9d41f04055.js

🦊 MetaMask – production compiled with 2 warnings
<s> [webpack.Progress] 99% cache shutdown
<s> [webpack.Progress] 99% cache shutdown MemoryCachePlugin
<s> [webpack.Progress] 99% cache shutdown
<s> [webpack.Progress] 100% 

[recipe-harness] non-test LavaMoat build completed
mm-harness | extension prepare
mm-harness | full log: /Users/deeeed/dev/metamask/metamask-extension-1/temp/recipe/harness/extension/live/20260909T044858Z/launch/logs/launch.log
mm-harness | full stream: mm-harness logs --full

  * webpack 99%
  * webpack 99% cache store build dependencies
  * webpack 99% cache begin idle
  * webpack 100%
  * 🦊 MetaMask – production compiled with 2 warnings
  * webpack 99% cache shutdown
  * webpack 99% cache shutdown MemoryCachePlugin
  * webpack 99% cache shutdown
  * webpack 100%
  * non-test LavaMoat build completed
Infura readiness preflight passed for Ethereum and Linea.
[recipe-harness] snapshotting dist -> runtime-dist: /Users/deeeed/dev/metamask/metamask-extension-1/temp/recipe/runtime/runtime-dist
[recipe-harness] runtime-dist snapshot complete
Configured runtime Infura credentials through manifest flags.
slot title macpro-mme-1: home.html, sidepanel.html
mm-harness | extension prepare
mm-harness | full log: /Users/deeeed/dev/metamask/metamask-extension-1/temp/recipe/harness/extension/live/20260909T044858Z/launch/logs/launch.log
mm-harness | full stream: mm-harness logs --full

  * webpack 99% cache begin idle
  * webpack 100%
  * 🦊 MetaMask – production compiled with 2 warnings
  * webpack 99% cache shutdown
  * webpack 99% cache shutdown MemoryCachePlugin
  * webpack 99% cache shutdown
  * webpack 100%
  * non-test LavaMoat build completed
  * snapshotting dist -> runtime-dist: /Users/deeeed/dev/metamask/metamask-extension-1/temp/recipe/runtime/runtime-dist
  * runtime-dist snapshot complete
mm-harness | extension prepare complete (92s)
Extension harness launch pass: /Users/deeeed/dev/metamask/metamask-extension-1/temp/recipe/harness/extension/live/20260909T044858Z/launch/summary.json
[recipe-harness] phase 2/2: live verify (readiness + smoke recipe)
dist-freshness: unknown — no git id in dist or not a git checkout; cannot prove parity.
build-health: no-watch — no webpack watch log; build-health n/a (e.g. one-shot build).
Fixture status: READY (temp/recipe/runtime/wallet-fixture.json).
EVM_RPC_UNREACHABLE: EVM RPC readiness probe failed: Ethereum provider is unavailable. Infura configured ≠ RPC reachable.
Next: Confirm '/Users/deeeed/dev/metamask/metamask-extension-1/.metamaskrc' has a real INFURA_PROJECT_ID (not 00000000000), then rerun: mm-harness launch --verify --target '/Users/deeeed/dev/metamask/metamask-extension-1'
Extension harness verify fail: /Users/deeeed/dev/metamask/metamask-extension-1/temp/recipe/harness/extension/live/20260909T044858Z/verify/summary.json
Extension live validation summary: /Users/deeeed/dev/metamask/metamask-extension-1/temp/recipe/harness/extension/live/20260909T044858Z/summary.json
{
  "schemaVersion": 1,
  "command": "launch",
  "adapter": "extension",
  "platform": null,
  "tier": "build",
  "status": "fail",
  "phase": "launch",
  "recovered": [],
  "mutations": [],
  "recoverable": false,
  "attemptedRecoveries": [],
  "exitCode": 1,
  "error": {
    "code": "EVM_RPC_UNREACHABLE",
    "message": "EVM RPC readiness failed; Infura configured does not mean RPC reachable.",
    "retryable": false,
    "userAction": "Check the effective INFURA_PROJECT_ID from the environment, .metamaskprodrc, or /Users/deeeed/dev/metamask/metamask-extension-1/.metamaskrc, then rerun: mm-harness launch --verify --target /Users/deeeed/dev/metamask/metamask-extension-1",
    "originalError": "Extension live validation command:\n  mm-harness runtime-launch --adapter extension --target /Users/deeeed/dev/metamask/metamask-extension-1 --cdp-port 7661 --build-lavamoat --preserve-profile \nLaunch artifacts: /Users/deeeed/dev/metamask/metamask-extension-1/temp/recipe/harness/extension/live/20260909T044858Z/launch\nVerify artifacts: /Users/deeeed/dev/metamask/metamask-extension-1/temp/recipe/harness/extension/live/20260909T044858Z/verify\n[recipe-harness] phase 1/2: launch (prepare + CDP readiness)\n[recipe-harness] running prepare pipeline (watch/build, dist snapshot, browser, fixture seed)...\nmm-harness | extension prepare\nmm-harness | full log: /Users/deeeed/dev/metamask/metamask-extension-1/temp/recipe/harness/extension/live/20260909T044858Z/launch/logs/launch.log\nmm-harness | full stream: mm-harness logs --full\n\n  * running prepare pipeline (watch/build, dist snapshot, browser, fixture seed)...\n[env] node v24.13.0 from .tool-versions/.nvmrc via asdf (24.13.0)\n[recipe-harness] clean non-test LavaMoat build\nmm-harness | extension prepare\nmm-harness | full log: /Users/deeeed/dev/metamask/metamask-extension-1/temp/recipe/harness/extension/live/20260909T044858Z/launch/logs/launch.log\nmm-harness | full stream: mm-harness logs --full\n\n  * running prepare pipeline (watch/build, dist snapshot, browser, fixture seed)...\n  * clean non-test LavaMoat build\n🦊 Running production build…\n<s> [webpack.Progress] 0% \n\n<s> [webpack.Progress] 1% setup before run\n<s> [webpack.Progress] 1% setup before run NodeEnvironmentPlugin\n<s> [webpack.Progress] 1% setup before run LavaMoatPlugin\n<s> [webpack.Progress] 1% setup before run\n<s> [webpack.Progress] 2% setup run\n<s> [webpack.Progress] 2% setup run\n<s> [webpack.Progress] 4% setup normal module factory\n<s> [webpack.Progress] 4% setup normal module factory\n<s> [webpack.Progress] 5% setup context module factory\n<s> [webpack.Progress] 5% setup context module factory\n<s> [webpack.Progress] 6% setup before compile\n<s> [webpack.Progress] 6% setup before compile ProgressPlugin\n<s> [webpack.Progress] 6% setup before compile\n<s> [webpack.Progress] 7% setup compile\n<s> [webpack.Progress] 7% setup compile ExternalsPlugin\n<s> [webpack.Progress] 7% setup compile\n<s> [webpack.Progress] 8% setup compilation\n<s> [webpack.Progress] 8% setup compilation html-bundler-webpack-plugin\n<s> [webpack.Progress] 8% setup compilation CopyPlugin\n<s> [webpack.Progress] 8% setup compilation LavaMoatPlugin\n<s> [webpack.Progress] 8% setup compilation Layer\n<s> [webpack.Progress] 8% setup compilation ArrayPushCallbackChunkFormatPlugin\n<s> [webpack.Progress] 8% setup compilation JsonpChunkLoadingPlugin\n<s> [webpack.Progress] 8% setup compilation StartupChunkDependenciesPlugin\n<s> [webpack.Progress] 8% setup compilation ImportScriptsChunkLoadingPlugin\n<s> [webpack.Progress] 8% setup compilation ExportPropertyLibraryPlugin\n<s> [webpack.Progress] 8% setup compilation JsonpLibraryPlugin\n<s> [webpack.Progress] 8% setup compilation WorkerPlugin\n<s> [webpack.Progress] 8% setup compilation SplitChunksPlugin\n<s> [webpack.Progress] 8% setup compilation RuntimeChunkPlugin\n<s> [webpack.Progress] 8% setup compilation ResolverCachePlugin\n<s> [webpack.Progress] 8% setup compilation\n<s> [webpack.Progress] 9% setup compilation\n<s> [webpack.Progress] 9% setup compilation ManifestPlugin\n<s> [webpack.Progress] 9% setup compilation ProvidePlugin\n<s> [webpack.Progress] 9% setup compilation ProgressPlugin\n<s> [webpack.Progress] 9% setup compilation ExternalsPlugin\n<s> [webpack.Progress] 9% setup compilation ChunkPrefetchPreloadPlugin\n<s> [webpack.Progress] 9% setup compilation SourceMapDevToolPlugin\n<s> [webpack.Progress] 9% setup compilation JavascriptModulesPlugin\n<s> [webpack.Progress] 9% setup compilation JsonModulesPlugin\n<s> [webpack.Progress] 9% setup compilation AssetModulesPlugin\n<s> [webpack.Progress] 9% setup compilation EntryPlugin\n<s> [webpack.Progress] 9% setup compilation EntryPlugin\n<s> [webpack.Progress] 9% setup compilation EntryPlugin\n<s> [webpack.Progress] 9% setup compilation EntryPlugin\n<s> [webpack.Progress] 9% setup compilation EntryPlugin\n<s> [webpack.Progress] 9% setup compilation EntryPlugin\n<s> [webpack.Progress] 9% setup compilation EntryPlugin\n<s> [webpack.Progress] 9% setup compilation EntryPlugin\n<s> [webpack.Progress] 9% setup compilation EntryPlugin\n<s> [webpack.Progress] 9% setup compilation EntryPlugin\n<s> [webpack.Progress] 9% setup compilation EntryPlugin\n<s> [webpack.Progress] 9% setup compilation EntryPlugin\n<s> [webpack.Progress] 9% setup compilation RuntimePlugin\n<s> [webpack.Progress] 9% setup compilation InferAsyncModulesPlugin\n<s> [webpack.Progress] 9% setup compilation DataUriPlugin\n<s> [webpack.Progress] 9% setup compilation FileUriPlugin\n<s> [webpack.Progress] 9% setup compilation CompatibilityPlugin\n<s> [webpack.Progress] 9% setup compilation HarmonyModulesPlugin\n<s> [webpack.Progress] 9% setup compilation AMDPlugin\n<s> [webpack.Progress] 9% setup compilation RequireJsStuffPlugin\n<s> [webpack.Progress] 9% setup compilation CommonJsPlugin\n<s> [webpack.Progress] 9% setup compilation LoaderPlugin\n<s> [webpack.Progress] 9% setup compilation LoaderPlugin\n<s> [webpack.Progress] 9% setup compilation NodeStuffPlugin\n<s> [webpack.Progress] 9% setup compilation APIPlugin\n<s> [webpack.Progress] 9% setup compilation ExportsInfoApiPlugin\n<s> [webpack.Progress] 9% setup compilation WebpackIsIncludedPlugin\n<s> [webpack.Progress] 9% setup compilation ConstPlugin\n<s> [webpack.Progress] 9% setup compilation UseStrictPlugin\n<s> [webpack.Progress] 9% setup compilation RequireIncludePlugin\n<s> [webpack.Progress] 9% setup compilation RequireEnsurePlugin\n<s> [webpack.Progress] 9% setup compilation RequireContextPlugin\n<s> [webpack.Progress] 9% setup compilation ImportPlugin\n<s> [webpack.Progress] 9% setup compilation ImportMetaContextPlugin\n<s> [webpack.Progress] 9% setup compilation SystemPlugin\n<s> [webpack.Progress] 9% setup compilation ImportMetaPlugin\n<s> [webpack.Progress] 9% setup compilation URLPlugin\n<s> [webpack.Progress] 9% setup compilation DefaultStatsFactoryPlugin\n<s> [webpack.Progress] 9% setup compilation DefaultStatsPresetPlugin\n<s> [webpack.Progress] 9% setup compilation DefaultStatsPrinterPlugin\n<s> [webpack.Progress] 9% setup compilation JavascriptMetaInfoPlugin\n<s> [webpack.Progress] 9% setup compilation EnsureChunkConditionsPlugin\n<s> [webpack.Progress] 9% setup compilation RemoveParentModulesPlugin\n<s> [webpack.Progress] 9% setup compilation RemoveEmptyChunksPlugin\n<s> [webpack.Progress] 9% setup compilation MergeDuplicateChunksPlugin\n<s> [webpack.Progress] 9% setup compilation FlagIncludedChunksPlugin\n<s> [webpack.Progress] 9% setup compilation SideEffectsFlagPlugin\n<s> [webpack.Progress] 9% setup compilation FlagDependencyExportsPlugin\n<s> [webpack.Progress] 9% setup compilation FlagDependencyUsagePlugin\n<s> [webpack.Progress] 9% setup compilation InnerGraphPlugin\n<s> [webpack.Progress] 9% setup compilation MangleExportsPlugin\n<s> [webpack.Progress] 9% setup compilation NoEmitOnErrorsPlugin\n<s> [webpack.Progress] 9% setup compilation RealContentHashPlugin\n<s> [webpack.Progress] 9% setup compilation WasmFinalizeExportsPlugin\n<s> [webpack.Progress] 9% setup compilation DeterministicModuleIdsPlugin\n<s> [webpack.Progress] 9% setup compilation DeterministicChunkIdsPlugin\n<s> [webpack.Progress] 9% setup compilation DefinePlugin\n<s> [webpack.Progress] 9% setup compilation TerserPlugin\n<s> [webpack.Progress] 9% setup compilation TemplatedPathPlugin\n<s> [webpack.Progress] 9% setup compilation RecordIdsPlugin\n<s> [webpack.Progress] 9% setup compilation WarnCaseSensitiveModulesPlugin\n<s> [webpack.Progress] 9% setup compilation IgnoreWarningsPlugin\n<s> [webpack.Progress] 9% setup compilation\n<s> [webpack.Progress] 10% building\n<s> [webpack.Progress] 10% building 0/1 entries 0/0 dependencies 0/0 modules\n<s> [webpack.Progress] 10% building import loader ../development/.webpack/utils/loaders/swcLoader.js\n<s> [webpack.Progress] 10% building import loader ../development/.webpack/utils/loaders/envValidationLoader.js\n<s> [webpack.Progress] 10% building 0/12 entries 10/12 dependencies 0/10 modules\n<s> [webpack.Progress] 10% building import loader ../node_modules/html-bundler-webpack-plugin/src/Loader/index.js\n<s> [webpack.Progress] 10% building 0/12 entries 10/12 dependencies 0/10 modules\n<s> [webpack.Progress] 13% building 1/16 entries 12/51 dependencies 1/10 modules\n<s> [webpack.Progress] 13% building import loader ../node_modules/@lavamoat/webpack/src/excludeLoader.js\n<s> [webpack.Progress] 13% building 1/16 entries 20/51 dependencies 1/12 modules\n<s> [webpack.Progress] 16% building 2/16 entries 20/56 dependencies 2/12 modules\n<s> [webpack.Progress] 20% building 3/16 entries 44/71 dependencies 3/23 modules\n<s> [webpack.Progress] 23% building 4/16 entries 44/71 dependencies 4/23 modules\n<s> [webpack.Progress] 27% building 5/16 entries 44/71 dependencies 6/23 modules\n<s> [webpack.Progress] 27% building import loader ../node_modules/css-loader/dist/cjs.js\n<s> [webpack.Progress] 27% building import loader ../node_modules/postcss-loader/dist/cjs.js\n<s> [webpack.Progress] 27% building import loader ../node_modules/sass-loader/dist/cjs/index.js\n<s> [webpack.Progress] 27% building 5/16 entries 326/402 dependencies 57/212 modules\n<s> [webpack.Progress] 27% building 5/16 entries 900/986 dependencies 124/574 modules\n<s> [webpack.Progress] 27% building 5/16 entries 1000/1080 dependencies 128/637 modules\n<s> [webpack.Progress] 27% building 5/16 entries 1200/1279 dependencies 131/710 modules\n<s> [webpack.Progress] 27% building 5/16 entries 1417/1500 dependencies 151/748 modules\n<s> [webpack.Progress] 27% building 5/16 entries 1628/1700 dependencies 177/878 modules\n<s> [webpack.Progress] 27% building 5/16 entries 1944/2327 dependencies 206/1100 modules\n<s> [webpack.Progress] 27% building 5/16 entries 2922/3000 dependencies 270/1786 modules\n<s> [webpack.Progress] 27% building 5/16 entries 4300/4421 dependencies 437/2616 modules\n<s> [webpack.Progress] 27% building import loader ../node_modules/thread-loader/dist/cjs.js\n<s> [webpack.Progress] 27% building import loader ../development/.webpack/utils/loaders/reactCompilerLoaderWrapper.js\n<s> [webpack.Progress] 27% building 5/16 entries 4839/4925 dependencies 509/2763 modules\n<s> [webpack.Progress] 27% building 5/16 entries 5732/5800 dependencies 754/3043 modules\n<s> [webpack.Progress] 27% building 5/16 entries 7300/7386 dependencies 1055/3566 modules\n<s> [webpack.Progress] 27% building 5/16 entries 9160/9200 dependencies 1250/3871 modules\n<s> [webpack.Progress] 27% building 5/16 entries 10100/10160 dependencies 1575/4112 modules\n<s> [webpack.Progress] 28% building 5/16 entries 10523/10600 dependencies 1662/4250 modules\n<s> [webpack.Progress] 29% building 5/16 entries 11000/11059 dependencies 1756/4369 modules\n<s> [webpack.Progress] 30% building 5/16 entries 11494/11583 dependencies 1870/4500 modules\n<s> [webpack.Progress] 32% building 5/16 entries 12268/12400 dependencies 2031/4771 modules\n<s> [webpack.Progress] 37% building 5/16 entries 13515/13600 dependencies 2511/5050 modules\n<s> [webpack.Progress] 39% building 5/16 entries 14631/14700 dependencies 2934/5433 modules\n<s> [webpack.Progress] 40% building 5/16 entries 15347/15400 dependencies 3126/5618 modules\n<s> [webpack.Progress] 40% building 5/16 entries 16123/16200 dependencies 3249/5924 modules\n<s> [webpack.Progress] 40% building 5/16 entries 17285/17496 dependencies 3575/6500 modules\n<s> [webpack.Progress] 41% building 5/16 entries 18466/18500 dependencies 3992/6956 modules\n<s> [webpack.Progress] 43% building 5/16 entries 19436/19500 dependencies 4323/7188 modules\n<s> [webpack.Progress] 43% building 5/16 entries 19616/19700 dependencies 4375/7239 modules\n<s> [webpack.Progress] 43% building 5/16 entries 19712/19800 dependencies 4384/7276 modules\n<s> [webpack.Progress] 42% building 5/16 entries 20000/20084 dependencies 4404/7364 modules\n<s> [webpack.Progress] 42% building 5/16 entries 20226/20300 dependencies 4429/7452 modules\n<s> [webpack.Progress] 42% building 5/16 entries 20976/21100 dependencies 4545/7638 modules\n<s> [webpack.Progress] 42% building 5/16 entries 22045/22100 dependencies 4793/8052 modules\n<s> [webpack.Progress] 41% building 5/16 entries 23477/23656 dependencies 4900/8457 modules\n<s> [webpack.Progress] 42% building 5/16 entries 24734/24804 dependencies 5300/8875 modules\n<s> [webpack.Progress] 42% building 6/16 entries 24734/24805 dependencies 5318/8875 modules\n<s> [webpack.Progress] 42% building 6/16 entries 25389/25500 dependencies 5480/9203 modules\n<s> [webpack.Progress] 42% building 6/16 entries 25844/25900 dependencies 5515/9458 modules\n<s> [webpack.Progress] 41% building 6/16 entries 26388/26500 dependencies 5550/9616 modules\n<s> [webpack.Progress] 41% building 6/16 entries 26778/26900 dependencies 5588/9708 modules\n<s> [webpack.Progress] 41% building 6/16 entries 27220/27252 dependencies 5600/9824 modules\n<s> [webpack.Progress] 41% building 6/16 entries 27600/27702 dependencies 5627/9878 modules\n<s> [webpack.Progress] 42% building 6/16 entries 28452/28493 dependencies 5966/10100 modules\n<s> [webpack.Progress] 42% building 6/16 entries 29096/29200 dependencies 6123/10284 modules\n<s> [webpack.Progress] 43% building 6/16 entries 30379/30400 dependencies 6386/10526 modules\n<s> [webpack.Progress] 44% building 6/16 entries 32032/32099 dependencies 6739/10900 modules\n<s> [webpack.Progress] 43% building 6/16 entries 32900/33025 dependencies 6916/11210 modules\n<s> [webpack.Progress] 43% building 6/16 entries 33508/33600 dependencies 6990/11322 modules\n<s> [webpack.Progress] 43% building 6/16 entries 34316/34400 dependencies 7108/11539 modules\n<s> [webpack.Progress] 44% building 6/16 entries 34700/34783 dependencies 7178/11587 modules\n<s> [webpack.Progress] 44% building 6/16 entries 35100/35152 dependencies 7223/11679 modules\n<s> [webpack.Progress] 44% building 6/16 entries 35234/35300 dependencies 7253/11705 modules\n<s> [webpack.Progress] 43% building 6/16 entries 35638/35800 dependencies 7289/11805 modules\n<s> [webpack.Progress] 43% building 6/16 entries 36160/36200 dependencies 7341/11890 modules\n<s> [webpack.Progress] 43% building 6/16 entries 36554/36700 dependencies 7377/11948 modules\n<s> [webpack.Progress] 44% building 6/16 entries 37069/37100 dependencies 7486/12040 modules\n<s> [webpack.Progress] 44% building 6/16 entries 37640/37700 dependencies 7535/12166 modules\n<s> [webpack.Progress] 44% building 6/16 entries 38700/38740 dependencies 7779/12356 modules\n<s> [webpack.Progress] 45% building 6/16 entries 39900/39981 dependencies 8340/12755 modules\n<s> [webpack.Progress] 47% building 6/16 entries 41235/41300 dependencies 8835/13123 modules\n<s> [webpack.Progress] 47% building 6/16 entries 41800/41994 dependencies 9049/13182 modules\n<s> [webpack.Progress] 47% building 6/16 entries 42697/42800 dependencies 9223/13371 modules\n<s> [webpack.Progress] 48% building 6/16 entries 43393/43433 dependencies 9382/13500 modules\n<s> [webpack.Progress] 48% building 6/16 entries 43696/43800 dependencies 9451/13548 modules\n<s> [webpack.Progress] 48% building 6/16 entries 44485/44500 dependencies 9537/13645 modules\n<s> [webpack.Progress] 48% building 6/16 entries 44752/44900 dependencies 9590/13673 modules\n<s> [webpack.Progress] 48% building 6/16 entries 45153/45200 dependencies 9656/13723 modules\n<s> [webpack.Progress] 49% building 6/16 entries 45700/45800 dependencies 9811/13836 modules\n<s> [webpack.Progress] 49% building 6/16 entries 46300/46378 dependencies 9937/13914 modules\n<s> [webpack.Progress] 49% building 6/16 entries 47846/48000 dependencies 10497/14450 modules\n<s> [webpack.Progress] 50% building 6/16 entries 49100/49198 dependencies 11039/14890 modules\n<s> [webpack.Progress] 51% building 6/16 entries 49882/49900 dependencies 11348/14964 modules\n<s> [webpack.Progress] 51% building 6/16 entries 50500/50528 dependencies 11460/15135 modules\n<s> [webpack.Progress] 51% building 6/16 entries 51091/51121 dependencies 11500/15242 modules\n<s> [webpack.Progress] 51% building 6/16 entries 51710/51800 dependencies 11680/15395 modules\n<s> [webpack.Progress] 52% building 6/16 entries 52168/52200 dependencies 11824/15455 modules\n<s> [webpack.Progress] 53% building 6/16 entries 53180/53224 dependencies 12500/15749 modules\n<s> [webpack.Progress] 55% building 6/16 entries 54743/54800 dependencies 13122/15992 modules\n<s> [webpack.Progress] 55% building 6/16 entries 55365/55400 dependencies 13321/16081 modules\n<s> [webpack.Progress] 55% building 6/16 entries 55700/55755 dependencies 13442/16121 modules\n<s> [webpack.Progress] 55% building 6/16 entries 56506/56600 dependencies 13565/16260 modules\n<s> [webpack.Progress] 55% building 6/16 entries 57153/57200 dependencies 13620/16298 modules\n<s> [webpack.Progress] 56% building 6/16 entries 57720/57800 dependencies 13770/16423 modules\n<s> [webpack.Progress] 56% building 6/16 entries 58006/58100 dependencies 13856/16448 modules\n<s> [webpack.Progress] 56% building 7/16 entries 58411/58495 dependencies 13955/16610 modules\n<s> [webpack.Progress] 56% building 7/16 entries 59796/59812 dependencies 14500/17070 modules\n<s> [webpack.Progress] 57% building 7/16 entries 60300/60380 dependencies 14735/17114 modules\n<s> [webpack.Progress] 57% building 7/16 entries 60842/60900 dependencies 14847/17240 modules\n<s> [webpack.Progress] 57% building 7/16 entries 61539/61600 dependencies 15074/17314 modules\n<s> [webpack.Progress] 57% building 7/16 entries 63057/63100 dependencies 15491/18079 modules\n<s> [webpack.Progress] 58% building 7/16 entries 63858/63900 dependencies 15978/18282 modules\n<s> [webpack.Progress] 58% building 7/16 entries 65041/65100 dependencies 16192/18388 modules\n<s> [webpack.Progress] 58% building 7/16 entries 67151/67300 dependencies 16485/18527 modules\n<s> [webpack.Progress] 59% building 7/16 entries 68264/68300 dependencies 16825/18784 modules\n<s> [webpack.Progress] 60% building 7/16 entries 69300/69420 dependencies 17344/19033 modules\n<s> [webpack.Progress] 61% building 7/16 entries 70356/70400 dependencies 17997/19189 modules\n<s> [webpack.Progress] 62% building 7/16 entries 71661/71700 dependencies 18616/19506 modules\n<s> [webpack.Progress] 62% building 8/16 entries 72037/72040 dependencies 18794/19587 modules\n<s> [webpack.Progress] 64% building 9/16 entries 72903/73133 dependencies 19517/19778 modules\n<s> [webpack.Progress] 64% building 10/16 entries 72903/73133 dependencies 19518/19778 modules\n<s> [webpack.Progress] 64% building 11/16 entries 72903/73133 dependencies 19520/19778 modules\n<s> [webpack.Progress] 64% building 12/16 entries 73374/73374 dependencies 19830/19834 modules\n<s> [webpack.Progress] 64% building 13/16 entries 73374/73374 dependencies 19831/19834 modules\n<s> [webpack.Progress] 64% building 14/16 entries 73374/73374 dependencies 19832/19834 modules\n<s> [webpack.Progress] 64% building 15/16 entries 73374/73374 dependencies 19833/19834 modules\n<s> [webpack.Progress] 65% building 16/16 entries 73374/73374 dependencies 19834/19834 modules\n<s> [webpack.Progress] 65% building\n<s> [webpack.Progress] 69% building finish\n<s> [webpack.Progress] 69% building finish\n<s> [webpack.Progress] 70% sealing finish module graph\n<s> [webpack.Progress] 70% sealing finish module graph ResolverCachePlugin\n<s> [webpack.Progress] 70% sealing finish module graph InferAsyncModulesPlugin\n<s> [webpack.Progress] 70% sealing finish module graph FlagDependencyExportsPlugin\n<s> [webpack.Progress] 70% sealing finish module graph InnerGraphPlugin\n<s> [webpack.Progress] 70% sealing finish module graph WasmFinalizeExportsPlugin\n<s> [webpack.Progress] 70% sealing finish module graph ExportPropertyLibraryPlugin\n<s> [webpack.Progress] 70% sealing finish module graph JsonpLibraryPlugin\n<s> [webpack.Progress] 70% sealing finish module graph\n<s> [webpack.Progress] 70% sealing plugins\n<s> [webpack.Progress] 70% sealing plugins WarnCaseSensitiveModulesPlugin\n<s> [webpack.Progress] 70% sealing plugins\n<s> [webpack.Progress] 71% sealing dependencies optimization\n<s> [webpack.Progress] 71% sealing dependencies optimization SideEffectsFlagPlugin\n<s> [webpack.Progress] 71% sealing dependencies optimization FlagDependencyUsagePlugin\n<s> [webpack.Progress] 71% sealing dependencies optimization\n<s> [webpack.Progress] 71% sealing after dependencies optimization\n<s> [webpack.Progress] 71% sealing after dependencies optimization\n<s> [webpack.Progress] 72% sealing chunk graph\n<s> [webpack.Progress] 72% sealing chunk graph\n<s> [webpack.Progress] 73% sealing after chunk graph\n<s> [webpack.Progress] 73% sealing after chunk graph\n<s> [webpack.Progress] 73% sealing optimizing\n<s> [webpack.Progress] 73% sealing optimizing\n<s> [webpack.Progress] 74% sealing module optimization\n<s> [webpack.Progress] 74% sealing module optimization\n<s> [webpack.Progress] 75% sealing after module optimization\n<s> [webpack.Progress] 75% sealing after module optimization\n<s> [webpack.Progress] 75% sealing chunk optimization\n<s> [webpack.Progress] 75% sealing chunk optimization EnsureChunkConditionsPlugin\n<s> [webpack.Progress] 75% sealing chunk optimization RemoveParentModulesPlugin\n<s> [webpack.Progress] 75% sealing chunk optimization RemoveEmptyChunksPlugin\n<s> [webpack.Progress] 75% sealing chunk optimization MergeDuplicateChunksPlugin\n<s> [webpack.Progress] 75% sealing chunk optimization SplitChunksPlugin\n<s> [webpack.Progress] 75% sealing chunk optimization RemoveEmptyChunksPlugin\n<s> [webpack.Progress] 75% sealing chunk optimization\n<s> [webpack.Progress] 76% sealing after chunk optimization\n<s> [webpack.Progress] 76% sealing after chunk optimization\n<s> [webpack.Progress] 77% sealing module and chunk tree optimization\n<s> [webpack.Progress] 77% sealing module and chunk tree optimization\n<s> [webpack.Progress] 77% sealing after module and chunk tree optimization\n<s> [webpack.Progress] 77% sealing after module and chunk tree optimization\n<s> [webpack.Progress] 78% sealing chunk modules optimization\n<s> [webpack.Progress] 78% sealing chunk modules optimization\n<s> [webpack.Progress] 78% sealing after chunk modules optimization\n<s> [webpack.Progress] 78% sealing after chunk modules optimization\n<s> [webpack.Progress] 79% sealing module reviving\n<s> [webpack.Progress] 79% sealing module reviving RecordIdsPlugin\n<s> [webpack.Progress] 79% sealing module reviving\n<s> [webpack.Progress] 80% sealing before module ids\n<s> [webpack.Progress] 80% sealing before module ids\n<s> [webpack.Progress] 80% sealing module ids\n<s> [webpack.Progress] 80% sealing module ids DeterministicModuleIdsPlugin\n<s> [webpack.Progress] 80% sealing module ids\n<s> [webpack.Progress] 81% sealing module id optimization\n<s> [webpack.Progress] 81% sealing module id optimization\n<s> [webpack.Progress] 82% sealing module id optimization\n<s> [webpack.Progress] 82% sealing module id optimization\n<s> [webpack.Progress] 82% sealing chunk reviving\n<s> [webpack.Progress] 82% sealing chunk reviving RecordIdsPlugin\n<s> [webpack.Progress] 82% sealing chunk reviving\n<s> [webpack.Progress] 83% sealing before chunk ids\n<s> [webpack.Progress] 83% sealing before chunk ids\n<s> [webpack.Progress] 84% sealing chunk ids\n<s> [webpack.Progress] 84% sealing chunk ids DeterministicChunkIdsPlugin\n<s> [webpack.Progress] 84% sealing chunk ids\n<s> [webpack.Progress] 84% sealing chunk id optimization\n<s> [webpack.Progress] 84% sealing chunk id optimization FlagIncludedChunksPlugin\n<s> [webpack.Progress] 84% sealing chunk id optimization\n<s> [webpack.Progress] 85% sealing after chunk id optimization\n<s> [webpack.Progress] 85% sealing after chunk id optimization LavaMoatPlugin\n<s> [webpack.Progress] 85% sealing after chunk id optimization\n<s> [webpack.Progress] 86% sealing record modules\n<s> [webpack.Progress] 86% sealing record modules RecordIdsPlugin\n<s> [webpack.Progress] 86% sealing record modules\n<s> [webpack.Progress] 86% sealing record chunks\n<s> [webpack.Progress] 86% sealing record chunks RecordIdsPlugin\n<s> [webpack.Progress] 86% sealing record chunks\n<s> [webpack.Progress] 87% sealing module hashing\n<s> [webpack.Progress] 87% sealing module hashing\n<s> [webpack.Progress] 87% sealing code generation\n<s> [webpack.Progress] 87% sealing code generation\n<s> [webpack.Progress] 88% sealing runtime requirements\n<s> [webpack.Progress] 88% sealing runtime requirements\n<s> [webpack.Progress] 89% sealing hashing\n<s> [webpack.Progress] 89% sealing hashing\n<s> [webpack.Progress] 89% sealing after hashing\n<s> [webpack.Progress] 89% sealing after hashing\n<s> [webpack.Progress] 90% sealing record hash\n<s> [webpack.Progress] 90% sealing record hash\n<s> [webpack.Progress] 91% sealing module assets processing\n<s> [webpack.Progress] 91% sealing module assets processing\n<s> [webpack.Progress] 91% sealing chunk assets processing\n<s> [webpack.Progress] 91% sealing chunk assets processing\nmm-harness | extension prepare\nmm-harness | full log: /Users/deeeed/dev/metamask/metamask-extension-1/temp/recipe/harness/extension/live/20260909T044858Z/launch/logs/launch.log\nmm-harness | full stream: mm-harness logs --full\n\n  * running prepare pipeline (watch/build, dist snapshot, browser, fixture seed)...\n  * clean non-test LavaMoat build\n  * webpack 90% sealing record hash\n  * webpack 91% sealing module assets processing\n  * webpack 91% sealing chunk assets processing\n<s> [webpack.Progress] 92% sealing asset processing\n<s> [webpack.Progress] 92% sealing asset processing CopyPlugin\n<s> [webpack.Progress] 92% sealing asset processing LavaMoatPlugin\n<s> [webpack.Progress] 92% sealing asset processing TerserPlugin\nmm-harness | extension prepare\nmm-harness | full log: /Users/deeeed/dev/metamask/metamask-extension-1/temp/recipe/harness/extension/live/20260909T044858Z/launch/logs/launch.log\nmm-harness | full stream: mm-harness logs --full\n\n  * running prepare pipeline (watch/build, dist snapshot, browser, fixture seed)...\n  * clean non-test LavaMoat build\n  * webpack 90% sealing record hash\n  * webpack 91% sealing module assets processing\n  * webpack 91% sealing chunk assets processing\n  * webpack 92% sealing asset processing\n  * webpack 92% sealing asset processing CopyPlugin\n  * webpack 92% sealing asset processing LavaMoatPlugin\n  * webpack 92% sealing asset processing TerserPlugin\n<s> [webpack.Progress] 92% sealing asset processing html-bundler-webpack-plugin\n<s> [webpack.Progress] 92% sealing asset processing LavaMoatPlugin\n<s> [webpack.Progress] 92% sealing asset processing SourceMapDevToolPlugin\n<s> [webpack.Progress] 92% sealing asset processing SourceMapDevToolPlugin\n<s> [webpack.Progress] 92% sealing asset processing SourceMapDevToolPlugin scripts/contentscript.js generate SourceMap\n<s> [webpack.Progress] 92% sealing asset processing SourceMapDevToolPlugin scripts/contentscript.js generated SourceMap\n<s> [webpack.Progress] 92% sealing asset processing SourceMapDevToolPlugin scripts/inpage.js generate SourceMap\n<s> [webpack.Progress] 92% sealing asset processing SourceMapDevToolPlugin scripts/inpage.js generated SourceMap\n<s> [webpack.Progress] 92% sealing asset processing SourceMapDevToolPlugin vendor/trezor/content-script.js generate SourceMap\nmm-harness | extension prepare\nmm-harness | full log: /Users/deeeed/dev/metamask/metamask-extension-1/temp/recipe/harness/extension/live/20260909T044858Z/launch/logs/launch.log\nmm-harness | full stream: mm-harness logs --full\n\n  * webpack 92% sealing asset processing LavaMoatPlugin\n  * webpack 92% sealing asset processing TerserPlugin\n  * webpack 92% sealing asset processing html-bundler-webpack-plugin\n  * webpack 92% sealing asset processing LavaMoatPlugin\n  * webpack 92% sealing asset processing SourceMapDevToolPlugin\n  * webpack 92% sealing asset processing SourceMapDevToolPlugin scripts/contentscript.js generate SourceMap\n  * webpack 92% sealing asset processing SourceMapDevToolPlugin scripts/contentscript.js generated SourceMap\n  * webpack 92% sealing asset processing SourceMapDevToolPlugin scripts/inpage.js generate SourceMap\n  * webpack 92% sealing asset processing SourceMapDevToolPlugin scripts/inpage.js generated SourceMap\n  * webpack 92% sealing asset processing SourceMapDevToolPlugin vendor/trezor/content-script.js generate SourceMap\n<s> [webpack.Progress] 92% sealing asset processing SourceMapDevToolPlugin vendor/trezor/content-script.js generated SourceMap\n<s> [webpack.Progress] 92% sealing asset processing SourceMapDevToolPlugin service-worker.js generate SourceMap\n<s> [webpack.Progress] 92% sealing asset processing SourceMapDevToolPlugin service-worker.js generated SourceMap\n<s> [webpack.Progress] 92% sealing asset processing SourceMapDevToolPlugin index.css generate SourceMap\n<s> [webpack.Progress] 92% sealing asset processing SourceMapDevToolPlugin index.css generated SourceMap\n<s> [webpack.Progress] 92% sealing asset processing SourceMapDevToolPlugin bootstrap.73e8a169750c1d7fe3b9.js generate SourceMap\n<s> [webpack.Progress] 92% sealing asset processing SourceMapDevToolPlugin bootstrap.73e8a169750c1d7fe3b9.js generated SourceMap\n<s> [webpack.Progress] 92% sealing asset processing SourceMapDevToolPlugin ui.ed5164dd0db8f5f08df4.js generate SourceMap\n<s> [webpack.Progress] 92% sealing asset processing SourceMapDevToolPlugin ui.ed5164dd0db8f5f08df4.js generated SourceMap\n<s> [webpack.Progress] 92% sealing asset processing SourceMapDevToolPlugin offscreen.1.c55c2f2c3add73f13985.js generate SourceMap\n<s> [webpack.Progress] 92% sealing asset processing SourceMapDevToolPlugin offscreen.1.c55c2f2c3add73f13985.js generated SourceMap\n<s> [webpack.Progress] 92% sealing asset processing SourceMapDevToolPlugin usb-permissions.da619cdb9898966043f5.js generate SourceMap\n<s> [webpack.Progress] 92% sealing asset processing SourceMapDevToolPlugin usb-permissions.da619cdb9898966043f5.js generated SourceMap\n<s> [webpack.Progress] 92% sealing asset processing SourceMapDevToolPlugin runtime.9a0fe3ca648ec1294d8c.js generate SourceMap\n<s> [webpack.Progress] 92% sealing asset processing SourceMapDevToolPlugin runtime.9a0fe3ca648ec1294d8c.js generated SourceMap\n<s> [webpack.Progress] 92% sealing asset processing SourceMapDevToolPlugin 9380.f7db18faea6f2d840e1e.js generate SourceMap\nmm-harness | extension prepare\nmm-harness | full log: /Users/deeeed/dev/metamask/metamask-extension-1/temp/recipe/harness/extension/live/20260909T044858Z/launch/logs/launch.log\nmm-harness | full stream: mm-harness logs --full\n\n  * webpack 92% sealing asset processing SourceMapDevToolPlugin bootstrap.73e8a169750c1d7fe3b9.js generated SourceMap\n  * webpack 92% sealing asset processing SourceMapDevToolPlugin ui.ed5164dd0db8f5f08df4.js generate SourceMap\n  * webpack 92% sealing asset processing SourceMapDevToolPlugin ui.ed5164dd0db8f5f08df4.js generated SourceMap\n  * webpack 92% sealing asset processing SourceMapDevToolPlugin offscreen.1.c55c2f2c3add73f13985.js generate SourceMap\n  * webpack 92% sealing asset processing SourceMapDevToolPlugin offscreen.1.c55c2f2c3add73f13985.js generated SourceMap\n  * webpack 92% sealing asset processing SourceMapDevToolPlugin usb-permissions.da619cdb9898966043f5.js generate SourceMap\n  * webpack 92% sealing asset processing SourceMapDevToolPlugin usb-permissions.da619cdb9898966043f5.js generated SourceMap\n  * webpack 92% sealing asset processing SourceMapDevToolPlugin runtime.9a0fe3ca648ec1294d8c.js generate SourceMap\n  * webpack 92% sealing asset processing SourceMapDevToolPlugin runtime.9a0fe3ca648ec1294d8c.js generated SourceMap\n  * webpack 92% sealing asset processing SourceMapDevToolPlugin 9380.f7db18faea6f2d840e1e.js generate SourceMap\n<s> [webpack.Progress] 92% sealing asset processing SourceMapDevToolPlugin 9380.f7db18faea6f2d840e1e.js generated SourceMap\n<s> [webpack.Progress] 92% sealing asset processing SourceMapDevToolPlugin 1122.7b5a00910cae4f47d5e8.js generate SourceMap\n<s> [webpack.Progress] 92% sealing asset processing SourceMapDevToolPlugin 1122.7b5a00910cae4f47d5e8.js generated SourceMap\n<s> [webpack.Progress] 92% sealing asset processing SourceMapDevToolPlugin 2721.becc20539dc5a7dc5ba8.js generate SourceMap\n<s> [webpack.Progress] 92% sealing asset processing SourceMapDevToolPlugin 2721.becc20539dc5a7dc5ba8.js generated SourceMap\n<s> [webpack.Progress] 92% sealing asset processing SourceMapDevToolPlugin 7160.91dd0784d89945bd1dab.js generate SourceMap\n<s> [webpack.Progress] 92% sealing asset processing SourceMapDevToolPlugin 7160.91dd0784d89945bd1dab.js generated SourceMap\n<s> [webpack.Progress] 92% sealing asset processing SourceMapDevToolPlugin 8792.dcfa07f41b5d3b4cb06d.js generate SourceMap\n<s> [webpack.Progress] 92% sealing asset processing SourceMapDevToolPlugin 8792.dcfa07f41b5d3b4cb06d.js generated SourceMap\n<s> [webpack.Progress] 92% sealing asset processing SourceMapDevToolPlugin 5657.46bbe2be4cb8088dad60.js generate SourceMap\n<s> [webpack.Progress] 92% sealing asset processing SourceMapDevToolPlugin 5657.46bbe2be4cb8088dad60.js generated SourceMap\n<s> [webpack.Progress] 92% sealing asset processing SourceMapDevToolPlugin 2962.06a079739a7bbfb153b2.js generate SourceMap\n<s> [webpack.Progress] 92% sealing asset processing SourceMapDevToolPlugin 2962.06a079739a7bbfb153b2.js generated SourceMap\n<s> [webpack.Progress] 92% sealing asset processing SourceMapDevToolPlugin 5671.58c21003e2a330eaf759.js generate SourceMap\n<s> [webpack.Progress] 92% sealing asset processing SourceMapDevToolPlugin 5671.58c21003e2a330eaf759.js generated SourceMap\n<s> [webpack.Progress] 92% sealing asset processing SourceMapDevToolPlugin 6565.4eb185e80dd5aa5f059b.js generate SourceMap\n<s> [webpack.Progress] 92% sealing asset processing SourceMapDevToolPlugin 6565.4eb185e80dd5aa5f059b.js generated SourceMap\n<s> [webpack.Progress] 92% sealing asset processing SourceMapDevToolPlugin 4593.3ff40c54561bc2daed61.js generate SourceMap\n<s> [webpack.Progress] 92% sealing asset processing SourceMapDevToolPlugin 4593.3ff40c54561bc2daed61.js generated SourceMap\n<s> [webpack.Progress] 92% sealing asset processing SourceMapDevToolPlugin 2213.bd04ab64cbc78168ef9c.js generate SourceMap\n<s> [webpack.Progress] 92% sealing asset processing SourceMapDevToolPlugin 2213.bd04ab64cbc78168ef9c.js generated SourceMap\n<s> [webpack.Progress] 92% sealing asset processing SourceMapDevToolPlugin 7356.eccdc6f70710e68cc4a8.js generate SourceMap\n<s> [webpack.Progress] 92% sealing asset processing SourceMapDevToolPlugin 7356.eccdc6f70710e68cc4a8.js generated SourceMap\n<s> [webpack.Progress] 92% sealing asset processing SourceMapDevToolPlugin 2445.ebc1833418b14276524e.js generate SourceMap\n<s> [webpack.Progress] 92% sealing asset processing SourceMapDevToolPlugin 2445.ebc1833418b14276524e.js generated SourceMap\n<s> [webpack.Progress] 92% sealing asset processing SourceMapDevToolPlugin 891.94d4404b712fd53a72f6.js generate SourceMap\n<s> [webpack.Progress] 92% sealing asset processing SourceMapDevToolPlugin 891.94d4404b712fd53a72f6.js generated SourceMap\n<s> [webpack.Progress] 92% sealing asset processing SourceMapDevToolPlugin 4073.a0a47952952893b2e6e7.js generate SourceMap\n<s> [webpack.Progress] 92% sealing asset processing SourceMapDevToolPlugin 4073.a0a47952952893b2e6e7.js generated SourceMap\n<s> [webpack.Progress] 92% sealing asset processing SourceMapDevToolPlugin 9949.4c258d7311cd9ee2b89d.js generate SourceMap\n<s> [webpack.Progress] 92% sealing asset processing SourceMapDevToolPlugin 9949.4c258d7311cd9ee2b89d.js generated SourceMap\n<s> [webpack.Progress] 92% sealing asset processing SourceMapDevToolPlugin 4781.6a0e09b7ee38061ae664.js generate SourceMap\n<s> [webpack.Progress] 92% sealing asset processing SourceMapDevToolPlugin 4781.6a0e09b7ee38061ae664.js generated SourceMap\n<s> [webpack.Progress] 92% sealing asset processing SourceMapDevToolPlugin 343.40bb4d30116e829870f0.js generate SourceMap\n<s> [webpack.Progress] 92% sealing asset processing SourceMapDevToolPlugin 343.40bb4d30116e829870f0.js generated SourceMap\n<s> [webpack.Progress] 92% sealing asset processing SourceMapDevToolPlugin 1331.1c18e57a32d72e233e37.js generate SourceMap\n<s> [webpack.Progress] 92% sealing asset processing SourceMapDevToolPlugin 1331.1c18e57a32d72e233e37.js generated SourceMap\n<s> [webpack.Progress] 92% sealing asset processing SourceMapDevToolPlugin 133.a36d307179ff66933859.js generate SourceMap\n<s> [webpack.Progress] 92% sealing asset processing SourceMapDevToolPlugin 133.a36d307179ff66933859.js generated SourceMap\n<s> [webpack.Progress] 92% sealing asset processing SourceMapDevToolPlugin 483.8faa155b5d5d01459ef2.js generate SourceMap\n<s> [webpack.Progress] 92% sealing asset processing SourceMapDevToolPlugin 483.8faa155b5d5d01459ef2.js generated SourceMap\n<s> [webpack.Progress] 92% sealing asset processing SourceMapDevToolPlugin 6053.51e750c5b6eea9534e1f.js generate SourceMap\n<s> [webpack.Progress] 92% sealing asset processing SourceMapDevToolPlugin 6053.51e750c5b6eea9534e1f.js generated SourceMap\n<s> [webpack.Progress] 92% sealing asset processing SourceMapDevToolPlugin 5337.e8c6f311d6e2ca281caf.js generate SourceMap\n<s> [webpack.Progress] 92% sealing asset processing SourceMapDevToolPlugin 5337.e8c6f311d6e2ca281caf.js generated SourceMap\n<s> [webpack.Progress] 92% sealing asset processing SourceMapDevToolPlugin 1598.1d5ebda26ea8566939ce.js generate SourceMap\n<s> [webpack.Progress] 92% sealing asset processing SourceMapDevToolPlugin 1598.1d5ebda26ea8566939ce.js generated SourceMap\n<s> [webpack.Progress] 92% sealing asset processing SourceMapDevToolPlugin 9165.5abeb98fb31f19437f57.js generate SourceMap\n<s> [webpack.Progress] 92% sealing asset processing SourceMapDevToolPlugin 9165.5abeb98fb31f19437f57.js generated SourceMap\n<s> [webpack.Progress] 92% sealing asset processing SourceMapDevToolPlugin 7064.791e3741955923f44536.js generate SourceMap\n<s> [webpack.Progress] 92% sealing asset processing SourceMapDevToolPlugin 7064.791e3741955923f44536.js generated SourceMap\n<s> [webpack.Progress] 92% sealing asset processing SourceMapDevToolPlugin 6401.6f9eabba283c77972cdc.js generate SourceMap\n<s> [webpack.Progress] 92% sealing asset processing SourceMapDevToolPlugin 6401.6f9eabba283c77972cdc.js generated SourceMap\n<s> [webpack.Progress] 92% sealing asset processing SourceMapDevToolPlugin 1826.5369206db82691b7e18d.js generate SourceMap\n<s> [webpack.Progress] 92% sealing asset processing SourceMapDevToolPlugin 1826.5369206db82691b7e18d.js generated SourceMap\n<s> [webpack.Progress] 92% sealing asset processing SourceMapDevToolPlugin 2747.8e264e5d7fda0245a35e.js generate SourceMap\n<s> [webpack.Progress] 92% sealing asset processing SourceMapDevToolPlugin 2747.8e264e5d7fda0245a35e.js generated SourceMap\n<s> [webpack.Progress] 92% sealing asset processing SourceMapDevToolPlugin 2449.198974ec14f87826c693.js generate SourceMap\n<s> [webpack.Progress] 92% sealing asset processing SourceMapDevToolPlugin 2449.198974ec14f87826c693.js generated SourceMap\n<s> [webpack.Progress] 92% sealing asset processing SourceMapDevToolPlugin 2222.04d2d3b93693c95a6f9c.js generate SourceMap\n<s> [webpack.Progress] 92% sealing asset processing SourceMapDevToolPlugin 2222.04d2d3b93693c95a6f9c.js generated SourceMap\n<s> [webpack.Progress] 92% sealing asset processing SourceMapDevToolPlugin 1822.04c15daa24c62b84b485.js generate SourceMap\n<s> [webpack.Progress] 92% sealing asset processing SourceMapDevToolPlugin 1822.04c15daa24c62b84b485.js generated SourceMap\n<s> [webpack.Progress] 92% sealing asset processing SourceMapDevToolPlugin 305.5b017c9ea12ab2ecc5db.js generate SourceMap\n<s> [webpack.Progress] 92% sealing asset processing SourceMapDevToolPlugin 305.5b017c9ea12ab2ecc5db.js generated SourceMap\n<s> [webpack.Progress] 92% sealing asset processing SourceMapDevToolPlugin 2598.0223c138f017c27df3a1.js generate SourceMap\n<s> [webpack.Progress] 92% sealing asset processing SourceMapDevToolPlugin 2598.0223c138f017c27df3a1.js generated SourceMap\n<s> [webpack.Progress] 92% sealing asset processing SourceMapDevToolPlugin 3756.c54e9b2a5c3623716165.js generate SourceMap\n<s> [webpack.Progress] 92% sealing asset processing SourceMapDevToolPlugin 3756.c54e9b2a5c3623716165.js generated SourceMap\n<s> [webpack.Progress] 92% sealing asset processing SourceMapDevToolPlugin 4666.14d33f5059fe075ae7c5.js generate SourceMap\n<s> [webpack.Progress] 92% sealing asset processing SourceMapDevToolPlugin 4666.14d33f5059fe075ae7c5.js generated SourceMap\n<s> [webpack.Progress] 92% sealing asset processing SourceMapDevToolPlugin 4579.23b89764237cc268f333.js generate SourceMap\n<s> [webpack.Progress] 92% sealing asset processing SourceMapDevToolPlugin 4579.23b89764237cc268f333.js generated SourceMap\n<s> [webpack.Progress] 92% sealing asset processing SourceMapDevToolPlugin 4520.90049d21a6ccb3a931ea.js generate SourceMap\n<s> [webpack.Progress] 92% sealing asset processing SourceMapDevToolPlugin 4520.90049d21a6ccb3a931ea.js generated SourceMap\n<s> [webpack.Progress] 92% sealing asset processing SourceMapDevToolPlugin 339.e8510d7f2d09b6d54a30.js generate SourceMap\n<s> [webpack.Progress] 92% sealing asset processing SourceMapDevToolPlugin 339.e8510d7f2d09b6d54a30.js generated SourceMap\n<s> [webpack.Progress] 92% sealing asset processing SourceMapDevToolPlugin 8063.b7ae3ef40f4b8c630e04.js generate SourceMap\n<s> [webpack.Progress] 92% sealing asset processing SourceMapDevToolPlugin 8063.b7ae3ef40f4b8c630e04.js generated SourceMap\n<s> [webpack.Progress] 92% sealing asset processing SourceMapDevToolPlugin 9737.0c84ddf0117e0b321563.js generate SourceMap\n<s> [webpack.Progress] 92% sealing asset processing SourceMapDevToolPlugin 9737.0c84ddf0117e0b321563.js generated SourceMap\n<s> [webpack.Progress] 92% sealing asset processing SourceMapDevToolPlugin 4052.4b066fcf8fefa93e0e5a.js generate SourceMap\n<s> [webpack.Progress] 92% sealing asset processing SourceMapDevToolPlugin 4052.4b066fcf8fefa93e0e5a.js generated SourceMap\n<s> [webpack.Progress] 92% sealing asset processing SourceMapDevToolPlugin 3885.3ca736e6f6b35f5c566a.js generate SourceMap\n<s> [webpack.Progress] 92% sealing asset processing SourceMapDevToolPlugin 3885.3ca736e6f6b35f5c566a.js generated SourceMap\n<s> [webpack.Progress] 92% sealing asset processing SourceMapDevToolPlugin 5297.90033d7cc12e14327da7.js generate SourceMap\n<s> [webpack.Progress] 92% sealing asset processing SourceMapDevToolPlugin 5297.90033d7cc12e14327da7.js generated SourceMap\n<s> [webpack.Progress] 92% sealing asset processing SourceMapDevToolPlugin 9600.8784b9e06c058e3a7ddf.js generate SourceMap\n<s> [webpack.Progress] 92% sealing asset processing SourceMapDevToolPlugin 9600.8784b9e06c058e3a7ddf.js generated SourceMap\n<s> [webpack.Progress] 92% sealing asset processing SourceMapDevToolPlugin 8927.e5decb4fb6a49d6ed7cb.js generate SourceMap\n<s> [webpack.Progress] 92% sealing asset processing SourceMapDevToolPlugin 8927.e5decb4fb6a49d6ed7cb.js generated SourceMap\n<s> [webpack.Progress] 92% sealing asset processing SourceMapDevToolPlugin 3740.e479aecde29f67ccef00.js generate SourceMap\n<s> [webpack.Progress] 92% sealing asset processing SourceMapDevToolPlugin 3740.e479aecde29f67ccef00.js generated SourceMap\n<s> [webpack.Progress] 92% sealing asset processing SourceMapDevToolPlugin 1864.bfae41ed6e94ea2383c5.js generate SourceMap\n<s> [webpack.Progress] 92% sealing asset processing SourceMapDevToolPlugin 1864.bfae41ed6e94ea2383c5.js generated SourceMap\n<s> [webpack.Progress] 92% sealing asset processing SourceMapDevToolPlugin 5454.5857b61dc596b1582800.js generate SourceMap\n<s> [webpack.Progress] 92% sealing asset processing SourceMapDevToolPlugin 5454.5857b61dc596b1582800.js generated SourceMap\n<s> [webpack.Progress] 92% sealing asset processing SourceMapDevToolPlugin 5964.f6cb3beaa4575189a909.js generate SourceMap\n<s> [webpack.Progress] 92% sealing asset processing SourceMapDevToolPlugin 5964.f6cb3beaa4575189a909.js generated SourceMap\n<s> [webpack.Progress] 92% sealing asset processing SourceMapDevToolPlugin 5762.4aeb58a19e6bbdfa13a0.js generate SourceMap\n<s> [webpack.Progress] 92% sealing asset processing SourceMapDevToolPlugin 5762.4aeb58a19e6bbdfa13a0.js generated SourceMap\n<s> [webpack.Progress] 92% sealing asset processing SourceMapDevToolPlugin 2370.13462bfab1b0dc446368.js generate SourceMap\n<s> [webpack.Progress] 92% sealing asset processing SourceMapDevToolPlugin 2370.13462bfab1b0dc446368.js generated SourceMap\n<s> [webpack.Progress] 92% sealing asset processing SourceMapDevToolPlugin 1608.c8f0057ff3dbed7506fc.js generate SourceMap\n<s> [webpack.Progress] 92% sealing asset processing SourceMapDevToolPlugin 1608.c8f0057ff3dbed7506fc.js generated SourceMap\n<s> [webpack.Progress] 92% sealing asset processing SourceMapDevToolPlugin 5566.68873f9b582d04420ea9.js generate SourceMap\n<s> [webpack.Progress] 92% sealing asset processing SourceMapDevToolPlugin 5566.68873f9b582d04420ea9.js generated SourceMap\n<s> [webpack.Progress] 92% sealing asset processing SourceMapDevToolPlugin 4323.9b80a0ff284cdcfa9652.js generate SourceMap\n<s> [webpack.Progress] 92% sealing asset processing SourceMapDevToolPlugin 4323.9b80a0ff284cdcfa9652.js generated SourceMap\n<s> [webpack.Progress] 92% sealing asset processing SourceMapDevToolPlugin 3404.94840e60e5186aa6e626.js generate SourceMap\n<s> [webpack.Progress] 92% sealing asset processing SourceMapDevToolPlugin 3404.94840e60e5186aa6e626.js generated SourceMap\n<s> [webpack.Progress] 92% sealing asset processing SourceMapDevToolPlugin 6649.771fde35bd53cb1b1006.js generate SourceMap\n<s> [webpack.Progress] 92% sealing asset processing SourceMapDevToolPlugin 6649.771fde35bd53cb1b1006.js generated SourceMap\n<s> [webpack.Progress] 92% sealing asset processing SourceMapDevToolPlugin 2203.a6381a8e17d906fe7154.js generate SourceMap\n<s> [webpack.Progress] 92% sealing asset processing SourceMapDevToolPlugin 2203.a6381a8e17d906fe7154.js generated SourceMap\n<s> [webpack.Progress] 92% sealing asset processing SourceMapDevToolPlugin 5458.7af490f5a47261e03b60.js generate SourceMap\n<s> [webpack.Progress] 92% sealing asset processing SourceMapDevToolPlugin 5458.7af490f5a47261e03b60.js generated SourceMap\n<s> [webpack.Progress] 92% sealing asset processing SourceMapDevToolPlugin 229.7ca2dcf17f130685cdc5.js generate SourceMap\n<s> [webpack.Progress] 92% sealing asset processing SourceMapDevToolPlugin 229.7ca2dcf17f130685cdc5.js generated SourceMap\n<s> [webpack.Progress] 92% sealing asset processing SourceMapDevToolPlugin 8117.e35db4eeaba80b0b86c0.js generate SourceMap\n<s> [webpack.Progress] 92% sealing asset processing SourceMapDevToolPlugin 8117.e35db4eeaba80b0b86c0.js generated SourceMap\n<s> [webpack.Progress] 92% sealing asset processing SourceMapDevToolPlugin 1309.47b9e5d520629d3e1ef0.js generate SourceMap\n<s> [webpack.Progress] 92% sealing asset processing SourceMapDevToolPlugin 1309.47b9e5d520629d3e1ef0.js generated SourceMap\n<s> [webpack.Progress] 92% sealing asset processing SourceMapDevToolPlugin 8093.c3da9fbd456afc16d0d5.js generate SourceMap\n<s> [webpack.Progress] 92% sealing asset processing SourceMapDevToolPlugin 8093.c3da9fbd456afc16d0d5.js generated SourceMap\n<s> [webpack.Progress] 92% sealing asset processing SourceMapDevToolPlugin 3785.0e193a66e46ee856ef9f.js generate SourceMap\n<s> [webpack.Progress] 92% sealing asset processing SourceMapDevToolPlugin 3785.0e193a66e46ee856ef9f.js generated SourceMap\n<s> [webpack.Progress] 92% sealing asset processing SourceMapDevToolPlugin 7651.c1bcc3468615b524901d.js generate SourceMap\n<s> [webpack.Progress] 92% sealing asset processing SourceMapDevToolPlugin 7651.c1bcc3468615b524901d.js generated SourceMap\n<s> [webpack.Progress] 92% sealing asset processing SourceMapDevToolPlugin 7755.ae2db1d792adfde09bb6.js generate SourceMap\n<s> [webpack.Progress] 92% sealing asset processing SourceMapDevToolPlugin 7755.ae2db1d792adfde09bb6.js generated SourceMap\n<s> [webpack.Progress] 92% sealing asset processing SourceMapDevToolPlugin 3956.397d160ab39d3e0153f3.js generate SourceMap\n<s> [webpack.Progress] 92% sealing asset processing SourceMapDevToolPlugin 3956.397d160ab39d3e0153f3.js generated SourceMap\n<s> [webpack.Progress] 92% sealing asset processing SourceMapDevToolPlugin 5175.21b3250ec245595bd5b9.js generate SourceMap\n<s> [webpack.Progress] 92% sealing asset processing SourceMapDevToolPlugin 5175.21b3250ec245595bd5b9.js generated SourceMap\n<s> [webpack.Progress] 92% sealing asset processing SourceMapDevToolPlugin 461.616e565a85ce4c373a46.js generate SourceMap\n<s> [webpack.Progress] 92% sealing asset processing SourceMapDevToolPlugin 461.616e565a85ce4c373a46.js generated SourceMap\n<s> [webpack.Progress] 92% sealing asset processing SourceMapDevToolPlugin 2186.2fb46e625a7271fad729.js generate SourceMap\n<s> [webpack.Progress] 92% sealing asset processing SourceMapDevToolPlugin 2186.2fb46e625a7271fad729.js generated SourceMap\n<s> [webpack.Progress] 92% sealing asset processing SourceMapDevToolPlugin 2638.49dffdddb459a978d447.js generate SourceMap\n<s> [webpack.Progress] 92% sealing asset processing SourceMapDevToolPlugin 2638.49dffdddb459a978d447.js generated SourceMap\n<s> [webpack.Progress] 92% sealing asset processing SourceMapDevToolPlugin 9957.38796893cafb08d7d670.js generate SourceMap\n<s> [webpack.Progress] 92% sealing asset processing SourceMapDevToolPlugin 9957.38796893cafb08d7d670.js generated SourceMap\n<s> [webpack.Progress] 92% sealing asset processing SourceMapDevToolPlugin 1507.dd024d5592531534b5e3.js generate SourceMap\n<s> [webpack.Progress] 92% sealing asset processing SourceMapDevToolPlugin 1507.dd024d5592531534b5e3.js generated SourceMap\n<s> [webpack.Progress] 92% sealing asset processing SourceMapDevToolPlugin 425.86b3f2546733ff02a7f7.js generate SourceMap\n<s> [webpack.Progress] 92% sealing asset processing SourceMapDevToolPlugin 425.86b3f2546733ff02a7f7.js generated SourceMap\n<s> [webpack.Progress] 92% sealing asset processing SourceMapDevToolPlugin 6622.e52bfa12b1bf8fb1060f.js generate SourceMap\n<s> [webpack.Progress] 92% sealing asset processing SourceMapDevToolPlugin 6622.e52bfa12b1bf8fb1060f.js generated SourceMap\n<s> [webpack.Progress] 92% sealing asset processing SourceMapDevToolPlugin 9038.b63f13c900ba6b54cd52.js generate SourceMap\n<s> [webpack.Progress] 92% sealing asset processing SourceMapDevToolPlugin 9038.b63f13c900ba6b54cd52.js generated SourceMap\n<s> [webpack.Progress] 92% sealing asset processing SourceMapDevToolPlugin 2584.e9e61a85bba76221f06e.js generate SourceMap\n<s> [webpack.Progress] 92% sealing asset processing SourceMapDevToolPlugin 2584.e9e61a85bba76221f06e.js generated SourceMap\n<s> [webpack.Progress] 92% sealing asset processing SourceMapDevToolPlugin 6828.50fec138243ed6f00474.js generate SourceMap\n<s> [webpack.Progress] 92% sealing asset processing SourceMapDevToolPlugin 6828.50fec138243ed6f00474.js generated SourceMap\n<s> [webpack.Progress] 92% sealing asset processing SourceMapDevToolPlugin 407.23cf483d9f9cf266e08d.js generate SourceMap\n<s> [webpack.Progress] 92% sealing asset processing SourceMapDevToolPlugin 407.23cf483d9f9cf266e08d.js generated SourceMap\n<s> [webpack.Progress] 92% sealing asset processing SourceMapDevToolPlugin 9689.286259fb84cb182a9560.js generate SourceMap\n<s> [webpack.Progress] 92% sealing asset processing SourceMapDevToolPlugin 9689.286259fb84cb182a9560.js generated SourceMap\n<s> [webpack.Progress] 92% sealing asset processing SourceMapDevToolPlugin 670.8a3dd0a0a1104c4ee800.js generate SourceMap\n<s> [webpack.Progress] 92% sealing asset processing SourceMapDevToolPlugin 670.8a3dd0a0a1104c4ee800.js generated SourceMap\n<s> [webpack.Progress] 92% sealing asset processing SourceMapDevToolPlugin 8935.76f7d18ec2db1116472c.js generate SourceMap\n<s> [webpack.Progress] 92% sealing asset processing SourceMapDevToolPlugin 8935.76f7d18ec2db1116472c.js generated SourceMap\n<s> [webpack.Progress] 92% sealing asset processing SourceMapDevToolPlugin 9060.8c14b991ad6ad088c65e.js generate SourceMap\n<s> [webpack.Progress] 92% sealing asset processing SourceMapDevToolPlugin 9060.8c14b991ad6ad088c65e.js generated SourceMap\n<s> [webpack.Progress] 92% sealing asset processing SourceMapDevToolPlugin 4274.717a62df2a936e0d0796.js generate SourceMap\n<s> [webpack.Progress] 92% sealing asset processing SourceMapDevToolPlugin 4274.717a62df2a936e0d0796.js generated SourceMap\n<s> [webpack.Progress] 92% sealing asset processing SourceMapDevToolPlugin 2160.99f346ae2fcd65bd1ab3.js generate SourceMap\n<s> [webpack.Progress] 92% sealing asset processing SourceMapDevToolPlugin 2160.99f346ae2fcd65bd1ab3.js generated SourceMap\n<s> [webpack.Progress] 92% sealing asset processing SourceMapDevToolPlugin 7449.26dd398625f0ae6b6e91.js generate SourceMap\n<s> [webpack.Progress] 92% sealing asset processing SourceMapDevToolPlugin 7449.26dd398625f0ae6b6e91.js generated SourceMap\n<s> [webpack.Progress] 92% sealing asset processing SourceMapDevToolPlugin 904.ce4e51fea115b479b536.js generate SourceMap\n<s> [webpack.Progress] 92% sealing asset processing SourceMapDevToolPlugin 904.ce4e51fea115b479b536.js generated SourceMap\n<s> [webpack.Progress] 92% sealing asset processing SourceMapDevToolPlugin 659.556e417887174e764e0a.js generate SourceMap\n<s> [webpack.Progress] 92% sealing asset processing SourceMapDevToolPlugin 659.556e417887174e764e0a.js generated SourceMap\n<s> [webpack.Progress] 92% sealing asset processing SourceMapDevToolPlugin 7899.7bd59964da163d2433c5.js generate SourceMap\n<s> [webpack.Progress] 92% sealing asset processing SourceMapDevToolPlugin 7899.7bd59964da163d2433c5.js generated SourceMap\n<s> [webpack.Progress] 92% sealing asset processing SourceMapDevToolPlugin 8994.832035807bead8eee918.js generate SourceMap\n<s> [webpack.Progress] 92% sealing asset processing SourceMapDevToolPlugin 8994.832035807bead8eee918.js generated SourceMap\n<s> [webpack.Progress] 92% sealing asset processing SourceMapDevToolPlugin 2189.978d22f2bc84c669878f.js generate SourceMap\n<s> [webpack.Progress] 92% sealing asset processing SourceMapDevToolPlugin 2189.978d22f2bc84c669878f.js generated SourceMap\n<s> [webpack.Progress] 92% sealing asset processing SourceMapDevToolPlugin 6358.8fad22f2b4a12fd704df.js generate SourceMap\n<s> [webpack.Progress] 92% sealing asset processing SourceMapDevToolPlugin 6358.8fad22f2b4a12fd704df.js generated SourceMap\n<s> [webpack.Progress] 92% sealing asset processing SourceMapDevToolPlugin 3375.e7078b067afe373c1af8.js generate SourceMap\n<s> [webpack.Progress] 92% sealing asset processing SourceMapDevToolPlugin 3375.e7078b067afe373c1af8.js generated SourceMap\n<s> [webpack.Progress] 92% sealing asset processing SourceMapDevToolPlugin js-de2d6f9a.26c8871ef1694594a36a.js generate SourceMap\n<s> [webpack.Progress] 92% sealing asset processing SourceMapDevToolPlugin js-de2d6f9a.26c8871ef1694594a36a.js generated SourceMap\n<s> [webpack.Progress] 92% sealing asset processing SourceMapDevToolPlugin vendor-a5ce148e.ca5c3de6e081b438933e.js generate SourceMap\n<s> [webpack.Progress] 92% sealing asset processing SourceMapDevToolPlugin vendor-a5ce148e.ca5c3de6e081b438933e.js generated SourceMap\n<s> [webpack.Progress] 92% sealing asset processing SourceMapDevToolPlugin 1290.951fb81c1588228ca00a.js generate SourceMap\n<s> [webpack.Progress] 92% sealing asset processing SourceMapDevToolPlugin 1290.951fb81c1588228ca00a.js generated SourceMap\n<s> [webpack.Progress] 92% sealing asset processing SourceMapDevToolPlugin 868.3bf655100b12d90295ec.js generate SourceMap\n<s> [webpack.Progress] 92% sealing asset processing SourceMapDevToolPlugin 868.3bf655100b12d90295ec.js generated SourceMap\n<s> [webpack.Progress] 92% sealing asset processing SourceMapDevToolPlugin 427.b3bdd5d830acae36066d.js generate SourceMap\n<s> [webpack.Progress] 92% sealing asset processing SourceMapDevToolPlugin 427.b3bdd5d830acae36066d.js generated SourceMap\n<s> [webpack.Progress] 92% sealing asset processing SourceMapDevToolPlugin 9289.39551e4d8fe3ffd8412c.js generate SourceMap\n<s> [webpack.Progress] 92% sealing asset processing SourceMapDevToolPlugin 9289.39551e4d8fe3ffd8412c.js generated SourceMap\n<s> [webpack.Progress] 92% sealing asset processing SourceMapDevToolPlugin 2335.244e8378c2dc3b637b99.js generate SourceMap\n<s> [webpack.Progress] 92% sealing asset processing SourceMapDevToolPlugin 2335.244e8378c2dc3b637b99.js generated SourceMap\n<s> [webpack.Progress] 92% sealing asset processing SourceMapDevToolPlugin 9232.72b594a8ed982746306a.js generate SourceMap\n<s> [webpack.Progress] 92% sealing asset processing SourceMapDevToolPlugin 9232.72b594a8ed982746306a.js generated SourceMap\n<s> [webpack.Progress] 92% sealing asset processing SourceMapDevToolPlugin 418.51da2d19923c87178d9c.js generate SourceMap\n<s> [webpack.Progress] 92% sealing asset processing SourceMapDevToolPlugin 418.51da2d19923c87178d9c.js generated SourceMap\n<s> [webpack.Progress] 92% sealing asset processing SourceMapDevToolPlugin 2710.a6ba1bc4d4d2fd9c3e4b.js generate SourceMap\n<s> [webpack.Progress] 92% sealing asset processing SourceMapDevToolPlugin 2710.a6ba1bc4d4d2fd9c3e4b.js generated SourceMap\n<s> [webpack.Progress] 92% sealing asset processing SourceMapDevToolPlugin 989.8896e1b64e2901dc9de1.js generate SourceMap\n<s> [webpack.Progress] 92% sealing asset processing SourceMapDevToolPlugin 989.8896e1b64e2901dc9de1.js generated SourceMap\n<s> [webpack.Progress] 92% sealing asset processing SourceMapDevToolPlugin 8734.dd20a4395888014ccb8e.js generate SourceMap\n<s> [webpack.Progress] 92% sealing asset processing SourceMapDevToolPlugin 8734.dd20a4395888014ccb8e.js generated SourceMap\n<s> [webpack.Progress] 92% sealing asset processing SourceMapDevToolPlugin 6802.e89bbe7d98fd7ccdb08f.js generate SourceMap\n<s> [webpack.Progress] 92% sealing asset processing SourceMapDevToolPlugin 6802.e89bbe7d98fd7ccdb08f.js generated SourceMap\n<s> [webpack.Progress] 92% sealing asset processing SourceMapDevToolPlugin 7202.d33c520592c83214c153.js generate SourceMap\n<s> [webpack.Progress] 92% sealing asset processing SourceMapDevToolPlugin 7202.d33c520592c83214c153.js generated SourceMap\n<s> [webpack.Progress] 92% sealing asset processing SourceMapDevToolPlugin 1523.3cc4b6aa1f65298010a8.js generate SourceMap\n<s> [webpack.Progress] 92% sealing asset processing SourceMapDevToolPlugin 1523.3cc4b6aa1f65298010a8.js generated SourceMap\n<s> [webpack.Progress] 92% sealing asset processing SourceMapDevToolPlugin 8650.be281ea33afd3f6e91d0.js generate SourceMap\n<s> [webpack.Progress] 92% sealing asset processing SourceMapDevToolPlugin 8650.be281ea33afd3f6e91d0.js generated SourceMap\n<s> [webpack.Progress] 92% sealing asset processing SourceMapDevToolPlugin 5087.b024ed1057df2fe8b2be.js generate SourceMap\n<s> [webpack.Progress] 92% sealing asset processing SourceMapDevToolPlugin 5087.b024ed1057df2fe8b2be.js generated SourceMap\n<s> [webpack.Progress] 92% sealing asset processing SourceMapDevToolPlugin 9887.7ca56acc573873375645.js generate SourceMap\n<s> [webpack.Progress] 92% sealing asset processing SourceMapDevToolPlugin 9887.7ca56acc573873375645.js generated SourceMap\n<s> [webpack.Progress] 92% sealing asset processing SourceMapDevToolPlugin 2664.328825aa042147e8e696.js generate SourceMap\n<s> [webpack.Progress] 92% sealing asset processing SourceMapDevToolPlugin 2664.328825aa042147e8e696.js generated SourceMap\n<s> [webpack.Progress] 92% sealing asset processing SourceMapDevToolPlugin 1719.366898fb7ae2a3ff3a65.js generate SourceMap\n<s> [webpack.Progress] 92% sealing asset processing SourceMapDevToolPlugin 1719.366898fb7ae2a3ff3a65.js generated SourceMap\n<s> [webpack.Progress] 92% sealing asset processing SourceMapDevToolPlugin 7679.f7a42aa64823d152c30d.js generate SourceMap\n<s> [webpack.Progress] 92% sealing asset processing SourceMapDevToolPlugin 7679.f7a42aa64823d152c30d.js generated SourceMap\n<s> [webpack.Progress] 92% sealing asset processing SourceMapDevToolPlugin 8811.fe865bb1afa3a9e1a0d2.js generate SourceMap\n<s> [webpack.Progress] 92% sealing asset processing SourceMapDevToolPlugin 8811.fe865bb1afa3a9e1a0d2.js generated SourceMap\n<s> [webpack.Progress] 92% sealing asset processing SourceMapDevToolPlugin 6141.94df711f4d24ff0d0ca2.js generate SourceMap\n<s> [webpack.Progress] 92% sealing asset processing SourceMapDevToolPlugin 6141.94df711f4d24ff0d0ca2.js generated SourceMap\n<s> [webpack.Progress] 92% sealing asset processing SourceMapDevToolPlugin 4753.2bad3b00366f86033609.js generate SourceMap\n<s> [webpack.Progress] 92% sealing asset processing SourceMapDevToolPlugin 4753.2bad3b00366f86033609.js generated SourceMap\n<s> [webpack.Progress] 92% sealing asset processing SourceMapDevToolPlugin 1768.1b3f5673a5cb6bfe1c65.js generate SourceMap\n<s> [webpack.Progress] 92% sealing asset processing SourceMapDevToolPlugin 1768.1b3f5673a5cb6bfe1c65.js generated SourceMap\n<s> [webpack.Progress] 92% sealing asset processing SourceMapDevToolPlugin 9597.f380024c06693e2044d4.js generate SourceMap\n<s> [webpack.Progress] 92% sealing asset processing SourceMapDevToolPlugin 9597.f380024c06693e2044d4.js generated SourceMap\n<s> [webpack.Progress] 92% sealing asset processing SourceMapDevToolPlugin 8620.be0718a58064e983c476.js generate SourceMap\n<s> [webpack.Progress] 92% sealing asset processing SourceMapDevToolPlugin 8620.be0718a58064e983c476.js generated SourceMap\n<s> [webpack.Progress] 92% sealing asset processing SourceMapDevToolPlugin 9354.6dc8a0eada16bd8c74de.js generate SourceMap\n<s> [webpack.Progress] 92% sealing asset processing SourceMapDevToolPlugin 9354.6dc8a0eada16bd8c74de.js generated SourceMap\n<s> [webpack.Progress] 92% sealing asset processing SourceMapDevToolPlugin 5593.48e1de970d15fb5591ba.js generate SourceMap\n<s> [webpack.Progress] 92% sealing asset processing SourceMapDevToolPlugin 5593.48e1de970d15fb5591ba.js generated SourceMap\n<s> [webpack.Progress] 92% sealing asset processing SourceMapDevToolPlugin 7115.85ad59498ee60ac61f3c.js generate SourceMap\n<s> [webpack.Progress] 92% sealing asset processing SourceMapDevToolPlugin 7115.85ad59498ee60ac61f3c.js generated SourceMap\n<s> [webpack.Progress] 92% sealing asset processing SourceMapDevToolPlugin 1391.9130ebca0d5c68b22e4f.js generate SourceMap\n<s> [webpack.Progress] 92% sealing asset processing SourceMapDevToolPlugin 1391.9130ebca0d5c68b22e4f.js generated SourceMap\n<s> [webpack.Progress] 92% sealing asset processing SourceMapDevToolPlugin 8015.71952a189ab0065ecbad.js generate SourceMap\n<s> [webpack.Progress] 92% sealing asset processing SourceMapDevToolPlugin 8015.71952a189ab0065ecbad.js generated SourceMap\n<s> [webpack.Progress] 92% sealing asset processing SourceMapDevToolPlugin 110.3c937abac099ee93d0ae.js generate SourceMap\n<s> [webpack.Progress] 92% sealing asset processing SourceMapDevToolPlugin 110.3c937abac099ee93d0ae.js generated SourceMap\n<s> [webpack.Progress] 92% sealing asset processing SourceMapDevToolPlugin 4473.379a98e30f903f4d1f4a.js generate SourceMap\n<s> [webpack.Progress] 92% sealing asset processing SourceMapDevToolPlugin 4473.379a98e30f903f4d1f4a.js generated SourceMap\n<s> [webpack.Progress] 92% sealing asset processing SourceMapDevToolPlugin 3139.06c46528c7e9e81dc3eb.js generate SourceMap\n<s> [webpack.Progress] 92% sealing asset processing SourceMapDevToolPlugin 3139.06c46528c7e9e81dc3eb.js generated SourceMap\n<s> [webpack.Progress] 92% sealing asset processing SourceMapDevToolPlugin 3931.f5a7ef427a54cb861f3a.js generate SourceMap\n<s> [webpack.Progress] 92% sealing asset processing SourceMapDevToolPlugin 3931.f5a7ef427a54cb861f3a.js generated SourceMap\n<s> [webpack.Progress] 92% sealing asset processing SourceMapDevToolPlugin 3809.f0edcd9b73d56ec726aa.js generate SourceMap\n<s> [webpack.Progress] 92% sealing asset processing SourceMapDevToolPlugin 3809.f0edcd9b73d56ec726aa.js generated SourceMap\n<s> [webpack.Progress] 92% sealing asset processing SourceMapDevToolPlugin 9984.c08336abbc264b614c72.js generate SourceMap\n<s> [webpack.Progress] 92% sealing asset processing SourceMapDevToolPlugin 9984.c08336abbc264b614c72.js generated SourceMap\n<s> [webpack.Progress] 92% sealing asset processing SourceMapDevToolPlugin 5925.3a222b6e2e860ca14288.js generate SourceMap\n<s> [webpack.Progress] 92% sealing asset processing SourceMapDevToolPlugin 5925.3a222b6e2e860ca14288.js generated SourceMap\n<s> [webpack.Progress] 92% sealing asset processing SourceMapDevToolPlugin 6091.741017fb70f209ae4ef5.js generate SourceMap\n<s> [webpack.Progress] 92% sealing asset processing SourceMapDevToolPlugin 6091.741017fb70f209ae4ef5.js generated SourceMap\n<s> [webpack.Progress] 92% sealing asset processing SourceMapDevToolPlugin 4910.b5af0ca19aeb0f161f3f.js generate SourceMap\n<s> [webpack.Progress] 92% sealing asset processing SourceMapDevToolPlugin 4910.b5af0ca19aeb0f161f3f.js generated SourceMap\n<s> [webpack.Progress] 92% sealing asset processing SourceMapDevToolPlugin 8946.1b5b98f715e0f83d4b38.js generate SourceMap\n<s> [webpack.Progress] 92% sealing asset processing SourceMapDevToolPlugin 8946.1b5b98f715e0f83d4b38.js generated SourceMap\n<s> [webpack.Progress] 92% sealing asset processing SourceMapDevToolPlugin 5151.564c0f8700b36d9d0788.js generate SourceMap\n<s> [webpack.Progress] 92% sealing asset processing SourceMapDevToolPlugin 5151.564c0f8700b36d9d0788.js generated SourceMap\n<s> [webpack.Progress] 92% sealing asset processing SourceMapDevToolPlugin 463.7073eb4a57071adb37d5.js generate SourceMap\n<s> [webpack.Progress] 92% sealing asset processing SourceMapDevToolPlugin 463.7073eb4a57071adb37d5.js generated SourceMap\n<s> [webpack.Progress] 92% sealing asset processing SourceMapDevToolPlugin 1791.c6596692aacffe4f1783.js generate SourceMap\n<s> [webpack.Progress] 92% sealing asset processing SourceMapDevToolPlugin 1791.c6596692aacffe4f1783.js generated SourceMap\n<s> [webpack.Progress] 92% sealing asset processing SourceMapDevToolPlugin 1474.25bc45b05a321a65ea14.js generate SourceMap\n<s> [webpack.Progress] 92% sealing asset processing SourceMapDevToolPlugin 1474.25bc45b05a321a65ea14.js generated SourceMap\n<s> [webpack.Progress] 92% sealing asset processing SourceMapDevToolPlugin 3306.33e8e0b40a93f145e67b.js generate SourceMap\n<s> [webpack.Progress] 92% sealing asset processing SourceMapDevToolPlugin 3306.33e8e0b40a93f145e67b.js generated SourceMap\n<s> [webpack.Progress] 92% sealing asset processing SourceMapDevToolPlugin 9743.0d99166403883b338a35.js generate SourceMap\n<s> [webpack.Progress] 92% sealing asset processing SourceMapDevToolPlugin 9743.0d99166403883b338a35.js generated SourceMap\n<s> [webpack.Progress] 92% sealing asset processing SourceMapDevToolPlugin 5404.4343e7a07b76e3d14596.js generate SourceMap\n<s> [webpack.Progress] 92% sealing asset processing SourceMapDevToolPlugin 5404.4343e7a07b76e3d14596.js generated SourceMap\n<s> [webpack.Progress] 92% sealing asset processing SourceMapDevToolPlugin 1105.864c014b3ae23d04359e.js generate SourceMap\n<s> [webpack.Progress] 92% sealing asset processing SourceMapDevToolPlugin 1105.864c014b3ae23d04359e.js generated SourceMap\n<s> [webpack.Progress] 92% sealing asset processing SourceMapDevToolPlugin 308.633f0a52a25f8a4aab2d.js generate SourceMap\n<s> [webpack.Progress] 92% sealing asset processing SourceMapDevToolPlugin 308.633f0a52a25f8a4aab2d.js generated SourceMap\n<s> [webpack.Progress] 92% sealing asset processing SourceMapDevToolPlugin 3701.5553cf4c766e21395257.js generate SourceMap\n<s> [webpack.Progress] 92% sealing asset processing SourceMapDevToolPlugin 3701.5553cf4c766e21395257.js generated SourceMap\n<s> [webpack.Progress] 92% sealing asset processing SourceMapDevToolPlugin 5098.d593c7f0469b58803654.js generate SourceMap\n<s> [webpack.Progress] 92% sealing asset processing SourceMapDevToolPlugin 5098.d593c7f0469b58803654.js generated SourceMap\n<s> [webpack.Progress] 92% sealing asset processing SourceMapDevToolPlugin 4603.2f239ba57921e28d1924.js generate SourceMap\n<s> [webpack.Progress] 92% sealing asset processing SourceMapDevToolPlugin 4603.2f239ba57921e28d1924.js generated SourceMap\n<s> [webpack.Progress] 92% sealing asset processing SourceMapDevToolPlugin 4655.a0f77a1eb09a19433fac.js generate SourceMap\n<s> [webpack.Progress] 92% sealing asset processing SourceMapDevToolPlugin 4655.a0f77a1eb09a19433fac.js generated SourceMap\n<s> [webpack.Progress] 92% sealing asset processing SourceMapDevToolPlugin 1887.7df369ce8790a4754258.js generate SourceMap\n<s> [webpack.Progress] 92% sealing asset processing SourceMapDevToolPlugin 1887.7df369ce8790a4754258.js generated SourceMap\n<s> [webpack.Progress] 92% sealing asset processing SourceMapDevToolPlugin 7133.7e2226ca624aac9d7f59.js generate SourceMap\n<s> [webpack.Progress] 92% sealing asset processing SourceMapDevToolPlugin 7133.7e2226ca624aac9d7f59.js generated SourceMap\n<s> [webpack.Progress] 92% sealing asset processing SourceMapDevToolPlugin 46.b83faa3d5da15aef2a8c.js generate SourceMap\n<s> [webpack.Progress] 92% sealing asset processing SourceMapDevToolPlugin 46.b83faa3d5da15aef2a8c.js generated SourceMap\n<s> [webpack.Progress] 92% sealing asset processing SourceMapDevToolPlugin 6906.8745e137149bfafc163e.js generate SourceMap\n<s> [webpack.Progress] 92% sealing asset processing SourceMapDevToolPlugin 6906.8745e137149bfafc163e.js generated SourceMap\n<s> [webpack.Progress] 92% sealing asset processing SourceMapDevToolPlugin 2514.d760cba2897db44f4628.js generate SourceMap\n<s> [webpack.Progress] 92% sealing asset processing SourceMapDevToolPlugin 2514.d760cba2897db44f4628.js generated SourceMap\n<s> [webpack.Progress] 92% sealing asset processing SourceMapDevToolPlugin 7378.7ea8eedad174ddf271d0.js generate SourceMap\n<s> [webpack.Progress] 92% sealing asset processing SourceMapDevToolPlugin 7378.7ea8eedad174ddf271d0.js generated SourceMap\n<s> [webpack.Progress] 92% sealing asset processing SourceMapDevToolPlugin 5609.9683e381bf98a8f14744.js generate SourceMap\n<s> [webpack.Progress] 92% sealing asset processing SourceMapDevToolPlugin 5609.9683e381bf98a8f14744.js generated SourceMap\n<s> [webpack.Progress] 92% sealing asset processing SourceMapDevToolPlugin 4113.0aa39c5b240c73da0dbb.js generate SourceMap\n<s> [webpack.Progress] 92% sealing asset processing SourceMapDevToolPlugin 4113.0aa39c5b240c73da0dbb.js generated SourceMap\n<s> [webpack.Progress] 92% sealing asset processing SourceMapDevToolPlugin 4859.acc75fd3dbaf325a718f.js generate SourceMap\n<s> [webpack.Progress] 92% sealing asset processing SourceMapDevToolPlugin 4859.acc75fd3dbaf325a718f.js generated SourceMap\n<s> [webpack.Progress] 92% sealing asset processing SourceMapDevToolPlugin 836.d88d350a9191af86e09d.js generate SourceMap\n<s> [webpack.Progress] 92% sealing asset processing SourceMapDevToolPlugin 836.d88d350a9191af86e09d.js generated SourceMap\n<s> [webpack.Progress] 92% sealing asset processing SourceMapDevToolPlugin 1476.5aafc55fa3d5f1738552.js generate SourceMap\n<s> [webpack.Progress] 92% sealing asset processing SourceMapDevToolPlugin 1476.5aafc55fa3d5f1738552.js generated SourceMap\n<s> [webpack.Progress] 92% sealing asset processing SourceMapDevToolPlugin 2317.b03c1ff7c974c04cf43e.js generate SourceMap\n<s> [webpack.Progress] 92% sealing asset processing SourceMapDevToolPlugin 2317.b03c1ff7c974c04cf43e.js generated SourceMap\n<s> [webpack.Progress] 92% sealing asset processing SourceMapDevToolPlugin 4939.bb41c4c4294db9c65c4f.js generate SourceMap\n<s> [webpack.Progress] 92% sealing asset processing SourceMapDevToolPlugin 4939.bb41c4c4294db9c65c4f.js generated SourceMap\n<s> [webpack.Progress] 92% sealing asset processing SourceMapDevToolPlugin 4162.5d671f33c383a7a81147.js generate SourceMap\n<s> [webpack.Progress] 92% sealing asset processing SourceMapDevToolPlugin 4162.5d671f33c383a7a81147.js generated SourceMap\n<s> [webpack.Progress] 92% sealing asset processing SourceMapDevToolPlugin 5466.a812166d75b4518e04b6.js generate SourceMap\n<s> [webpack.Progress] 92% sealing asset processing SourceMapDevToolPlugin 5466.a812166d75b4518e04b6.js generated SourceMap\n<s> [webpack.Progress] 92% sealing asset processing SourceMapDevToolPlugin 7219.b5d828153d854be8ddae.js generate SourceMap\n<s> [webpack.Progress] 92% sealing asset processing SourceMapDevToolPlugin 7219.b5d828153d854be8ddae.js generated SourceMap\n<s> [webpack.Progress] 92% sealing asset processing SourceMapDevToolPlugin js-5fa74877.a979560a0bc977c529ea.js generate SourceMap\n<s> [webpack.Progress] 92% sealing asset processing SourceMapDevToolPlugin js-5fa74877.a979560a0bc977c529ea.js generated SourceMap\n<s> [webpack.Progress] 92% sealing asset processing SourceMapDevToolPlugin js-2c7117ce.b5df8fa1c2312bf5e2db.js generate SourceMap\n<s> [webpack.Progress] 92% sealing asset processing SourceMapDevToolPlugin js-2c7117ce.b5df8fa1c2312bf5e2db.js generated SourceMap\n<s> [webpack.Progress] 92% sealing asset processing SourceMapDevToolPlugin js-84e32abe.ef85825cd857b90d27c4.js generate SourceMap\nmm-harness | extension prepare\nmm-harness | full log: /Users/deeeed/dev/metamask/metamask-extension-1/temp/recipe/harness/extension/live/20260909T044858Z/launch/logs/launch.log\nmm-harness | full stream: mm-harness logs --full\n\n  * webpack 92% sealing asset processing SourceMapDevToolPlugin 4162.5d671f33c383a7a81147.js generated SourceMap\n  * webpack 92% sealing asset processing SourceMapDevToolPlugin 5466.a812166d75b4518e04b6.js generate SourceMap\n  * webpack 92% sealing asset processing SourceMapDevToolPlugin 5466.a812166d75b4518e04b6.js generated SourceMap\n  * webpack 92% sealing asset processing SourceMapDevToolPlugin 7219.b5d828153d854be8ddae.js generate SourceMap\n  * webpack 92% sealing asset processing SourceMapDevToolPlugin 7219.b5d828153d854be8ddae.js generated SourceMap\n  * webpack 92% sealing asset processing SourceMapDevToolPlugin js-5fa74877.a979560a0bc977c529ea.js generate SourceMap\n  * webpack 92% sealing asset processing SourceMapDevToolPlugin js-5fa74877.a979560a0bc977c529ea.js generated SourceMap\n  * webpack 92% sealing asset processing SourceMapDevToolPlugin js-2c7117ce.b5df8fa1c2312bf5e2db.js generate SourceMap\n  * webpack 92% sealing asset processing SourceMapDevToolPlugin js-2c7117ce.b5df8fa1c2312bf5e2db.js generated SourceMap\n  * webpack 92% sealing asset processing SourceMapDevToolPlugin js-84e32abe.ef85825cd857b90d27c4.js generate SourceMap\n<s> [webpack.Progress] 92% sealing asset processing SourceMapDevToolPlugin js-84e32abe.ef85825cd857b90d27c4.js generated SourceMap\n<s> [webpack.Progress] 92% sealing asset processing SourceMapDevToolPlugin js-71051298.9e8aab43c2ed2b3aa40c.js generate SourceMap\n<s> [webpack.Progress] 92% sealing asset processing SourceMapDevToolPlugin js-71051298.9e8aab43c2ed2b3aa40c.js generated SourceMap\n<s> [webpack.Progress] 92% sealing asset processing SourceMapDevToolPlugin js-319e4a23.f6dc02f820b63d9cbfba.js generate SourceMap\n<s> [webpack.Progress] 92% sealing asset processing SourceMapDevToolPlugin js-319e4a23.f6dc02f820b63d9cbfba.js generated SourceMap\n<s> [webpack.Progress] 92% sealing asset processing SourceMapDevToolPlugin vendor-cdd60c62.99bf8381c619825283e0.js generate SourceMap\n<s> [webpack.Progress] 92% sealing asset processing SourceMapDevToolPlugin vendor-cdd60c62.99bf8381c619825283e0.js generated SourceMap\n<s> [webpack.Progress] 92% sealing asset processing SourceMapDevToolPlugin vendor-d2eb5610.0193a0168c8aeb08b8ed.js generate SourceMap\nmm-harness | extension prepare\nmm-harness | full log: /Users/deeeed/dev/metamask/metamask-extension-1/temp/recipe/harness/extension/live/20260909T044858Z/launch/logs/launch.log\nmm-harness | full stream: mm-harness logs --full\n\n  * webpack 92% sealing asset processing SourceMapDevToolPlugin js-2c7117ce.b5df8fa1c2312bf5e2db.js generated SourceMap\n  * webpack 92% sealing asset processing SourceMapDevToolPlugin js-84e32abe.ef85825cd857b90d27c4.js generate SourceMap\n  * webpack 92% sealing asset processing SourceMapDevToolPlugin js-84e32abe.ef85825cd857b90d27c4.js generated SourceMap\n  * webpack 92% sealing asset processing SourceMapDevToolPlugin js-71051298.9e8aab43c2ed2b3aa40c.js generate SourceMap\n  * webpack 92% sealing asset processing SourceMapDevToolPlugin js-71051298.9e8aab43c2ed2b3aa40c.js generated SourceMap\n  * webpack 92% sealing asset processing SourceMapDevToolPlugin js-319e4a23.f6dc02f820b63d9cbfba.js generate SourceMap\n  * webpack 92% sealing asset processing SourceMapDevToolPlugin js-319e4a23.f6dc02f820b63d9cbfba.js generated SourceMap\n  * webpack 92% sealing asset processing SourceMapDevToolPlugin vendor-cdd60c62.99bf8381c619825283e0.js generate SourceMap\n  * webpack 92% sealing asset processing SourceMapDevToolPlugin vendor-cdd60c62.99bf8381c619825283e0.js generated SourceMap\n  * webpack 92% sealing asset processing SourceMapDevToolPlugin vendor-d2eb5610.0193a0168c8aeb08b8ed.js generate SourceMap\n<s> [webpack.Progress] 92% sealing asset processing SourceMapDevToolPlugin vendor-d2eb5610.0193a0168c8aeb08b8ed.js generated SourceMap\n<s> [webpack.Progress] 92% sealing asset processing SourceMapDevToolPlugin vendor-efdee510.6e23ab7bf438a76407ad.js generate SourceMap\n<s> [webpack.Progress] 92% sealing asset processing SourceMapDevToolPlugin vendor-efdee510.6e23ab7bf438a76407ad.js generated SourceMap\n<s> [webpack.Progress] 92% sealing asset processing SourceMapDevToolPlugin vendor-24e2b4df.d68d64e92c761ac0d0b5.js generate SourceMap\n<s> [webpack.Progress] 92% sealing asset processing SourceMapDevToolPlugin vendor-24e2b4df.d68d64e92c761ac0d0b5.js generated SourceMap\n<s> [webpack.Progress] 92% sealing asset processing SourceMapDevToolPlugin vendor-6fff978b.5021dfe8769b936389e2.js generate SourceMap\n<s> [webpack.Progress] 92% sealing asset processing SourceMapDevToolPlugin vendor-6fff978b.5021dfe8769b936389e2.js generated SourceMap\n<s> [webpack.Progress] 92% sealing asset processing SourceMapDevToolPlugin vendor-9241dc7c.bd8dcf0c5a226f934fb7.js generate SourceMap\n<s> [webpack.Progress] 92% sealing asset processing SourceMapDevToolPlugin vendor-9241dc7c.bd8dcf0c5a226f934fb7.js generated SourceMap\n<s> [webpack.Progress] 92% sealing asset processing SourceMapDevToolPlugin vendor-059be3de.596e5383ad27ba9bb548.js generate SourceMap\n<s> [webpack.Progress] 92% sealing asset processing SourceMapDevToolPlugin vendor-059be3de.596e5383ad27ba9bb548.js generated SourceMap\n<s> [webpack.Progress] 92% sealing asset processing SourceMapDevToolPlugin vendor-2dee8ca3.f7ed6010faf63102ef3d.js generate SourceMap\n<s> [webpack.Progress] 92% sealing asset processing SourceMapDevToolPlugin vendor-2dee8ca3.f7ed6010faf63102ef3d.js generated SourceMap\n<s> [webpack.Progress] 92% sealing asset processing SourceMapDevToolPlugin vendor-9fdd03a1.cf0c991f376c4bb78c02.js generate SourceMap\n<s> [webpack.Progress] 92% sealing asset processing SourceMapDevToolPlugin vendor-9fdd03a1.cf0c991f376c4bb78c02.js generated SourceMap\n<s> [webpack.Progress] 92% sealing asset processing SourceMapDevToolPlugin vendor-d55b92e6.76d1916b2125f18e2ed9.js generate SourceMap\n<s> [webpack.Progress] 92% sealing asset processing SourceMapDevToolPlugin vendor-d55b92e6.76d1916b2125f18e2ed9.js generated SourceMap\n<s> [webpack.Progress] 92% sealing asset processing SourceMapDevToolPlugin vendor-631f4c9e.20d8397b5f2ff1e4a1d3.js generate SourceMap\n<s> [webpack.Progress] 92% sealing asset processing SourceMapDevToolPlugin vendor-631f4c9e.20d8397b5f2ff1e4a1d3.js generated SourceMap\n<s> [webpack.Progress] 92% sealing asset processing SourceMapDevToolPlugin vendor-0c1fb56a.d3f19a82688aab33d0fd.js generate SourceMap\n<s> [webpack.Progress] 92% sealing asset processing SourceMapDevToolPlugin vendor-0c1fb56a.d3f19a82688aab33d0fd.js generated SourceMap\n<s> [webpack.Progress] 92% sealing asset processing SourceMapDevToolPlugin vendor-a58ebfdb.976c4c851519f0c01188.js generate SourceMap\n<s> [webpack.Progress] 92% sealing asset processing SourceMapDevToolPlugin vendor-a58ebfdb.976c4c851519f0c01188.js generated SourceMap\n<s> [webpack.Progress] 92% sealing asset processing SourceMapDevToolPlugin vendor-da2abae2.c32606d0899b123b0b5a.js generate SourceMap\n<s> [webpack.Progress] 92% sealing asset processing SourceMapDevToolPlugin vendor-da2abae2.c32606d0899b123b0b5a.js generated SourceMap\n<s> [webpack.Progress] 92% sealing asset processing SourceMapDevToolPlugin vendor-0bc0478e.574d0a052159cfa877c7.js generate SourceMap\n<s> [webpack.Progress] 92% sealing asset processing SourceMapDevToolPlugin vendor-0bc0478e.574d0a052159cfa877c7.js generated SourceMap\n<s> [webpack.Progress] 92% sealing asset processing SourceMapDevToolPlugin vendor-d96105ec.ce6a417b51c3b321b043.js generate SourceMap\n<s> [webpack.Progress] 92% sealing asset processing SourceMapDevToolPlugin vendor-d96105ec.ce6a417b51c3b321b043.js generated SourceMap\n<s> [webpack.Progress] 92% sealing asset processing SourceMapDevToolPlugin vendor-eaa8b4e8.07dbbf931bb70191bde5.js generate SourceMap\nmm-harness | extension prepare\nmm-harness | full log: /Users/deeeed/dev/metamask/metamask-extension-1/temp/recipe/harness/extension/live/20260909T044858Z/launch/logs/launch.log\nmm-harness | full stream: mm-harness logs --full\n\n  * webpack 92% sealing asset processing SourceMapDevToolPlugin vendor-0c1fb56a.d3f19a82688aab33d0fd.js generated SourceMap\n  * webpack 92% sealing asset processing SourceMapDevToolPlugin vendor-a58ebfdb.976c4c851519f0c01188.js generate SourceMap\n  * webpack 92% sealing asset processing SourceMapDevToolPlugin vendor-a58ebfdb.976c4c851519f0c01188.js generated SourceMap\n  * webpack 92% sealing asset processing SourceMapDevToolPlugin vendor-da2abae2.c32606d0899b123b0b5a.js generate SourceMap\n  * webpack 92% sealing asset processing SourceMapDevToolPlugin vendor-da2abae2.c32606d0899b123b0b5a.js generated SourceMap\n  * webpack 92% sealing asset processing SourceMapDevToolPlugin vendor-0bc0478e.574d0a052159cfa877c7.js generate SourceMap\n  * webpack 92% sealing asset processing SourceMapDevToolPlugin vendor-0bc0478e.574d0a052159cfa877c7.js generated SourceMap\n  * webpack 92% sealing asset processing SourceMapDevToolPlugin vendor-d96105ec.ce6a417b51c3b321b043.js generate SourceMap\n  * webpack 92% sealing asset processing SourceMapDevToolPlugin vendor-d96105ec.ce6a417b51c3b321b043.js generated SourceMap\n  * webpack 92% sealing asset processing SourceMapDevToolPlugin vendor-eaa8b4e8.07dbbf931bb70191bde5.js generate SourceMap\n<s> [webpack.Progress] 92% sealing asset processing SourceMapDevToolPlugin vendor-eaa8b4e8.07dbbf931bb70191bde5.js generated SourceMap\n<s> [webpack.Progress] 92% sealing asset processing SourceMapDevToolPlugin vendor-229eafb5.fe334aae05af1617983f.js generate SourceMap\n<s> [webpack.Progress] 92% sealing asset processing SourceMapDevToolPlugin vendor-229eafb5.fe334aae05af1617983f.js generated SourceMap\n<s> [webpack.Progress] 92% sealing asset processing SourceMapDevToolPlugin 8554.1c9ea9308187c84ba3e2.js generate SourceMap\n<s> [webpack.Progress] 92% sealing asset processing SourceMapDevToolPlugin 8554.1c9ea9308187c84ba3e2.js generated SourceMap\n<s> [webpack.Progress] 92% sealing asset processing SourceMapDevToolPlugin 1245.8075c1d688ad30c82e99.js generate SourceMap\n<s> [webpack.Progress] 92% sealing asset processing SourceMapDevToolPlugin 1245.8075c1d688ad30c82e99.js generated SourceMap\n<s> [webpack.Progress] 92% sealing asset processing SourceMapDevToolPlugin 1089.440aeb8bd82290e85333.js generate SourceMap\n<s> [webpack.Progress] 92% sealing asset processing SourceMapDevToolPlugin 1089.440aeb8bd82290e85333.js generated SourceMap\n<s> [webpack.Progress] 92% sealing asset processing SourceMapDevToolPlugin 3527.2a6f190c9dff35391f4b.js generate SourceMap\n<s> [webpack.Progress] 92% sealing asset processing SourceMapDevToolPlugin 3527.2a6f190c9dff35391f4b.js generated SourceMap\n<s> [webpack.Progress] 92% sealing asset processing SourceMapDevToolPlugin 4305.688fc1d04bae7bed8bdb.js generate SourceMap\n<s> [webpack.Progress] 92% sealing asset processing SourceMapDevToolPlugin 4305.688fc1d04bae7bed8bdb.js generated SourceMap\n<s> [webpack.Progress] 92% sealing asset processing SourceMapDevToolPlugin 9523.f1731cc8bbfdb5854efc.js generate SourceMap\n<s> [webpack.Progress] 92% sealing asset processing SourceMapDevToolPlugin 9523.f1731cc8bbfdb5854efc.js generated SourceMap\n<s> [webpack.Progress] 92% sealing asset processing SourceMapDevToolPlugin 9525.ffcdffc7f67d3ddbcd3c.js generate SourceMap\n<s> [webpack.Progress] 92% sealing asset processing SourceMapDevToolPlugin 9525.ffcdffc7f67d3ddbcd3c.js generated SourceMap\n<s> [webpack.Progress] 92% sealing asset processing SourceMapDevToolPlugin 782.30539d47d49a433c20a7.js generate SourceMap\n<s> [webpack.Progress] 92% sealing asset processing SourceMapDevToolPlugin 782.30539d47d49a433c20a7.js generated SourceMap\n<s> [webpack.Progress] 92% sealing asset processing SourceMapDevToolPlugin 2913.6b7d99671ad736d46db2.js generate SourceMap\n<s> [webpack.Progress] 92% sealing asset processing SourceMapDevToolPlugin 2913.6b7d99671ad736d46db2.js generated SourceMap\n<s> [webpack.Progress] 92% sealing asset processing SourceMapDevToolPlugin 1189.afa0c31d6eae66c2db57.js generate SourceMap\n<s> [webpack.Progress] 92% sealing asset processing SourceMapDevToolPlugin 1189.afa0c31d6eae66c2db57.js generated SourceMap\n<s> [webpack.Progress] 92% sealing asset processing SourceMapDevToolPlugin 7786.e3670129cbffdc1bf1e6.js generate SourceMap\n<s> [webpack.Progress] 92% sealing asset processing SourceMapDevToolPlugin 7786.e3670129cbffdc1bf1e6.js generated SourceMap\n<s> [webpack.Progress] 92% sealing asset processing SourceMapDevToolPlugin 4065.e99cf508fcaf5c5ac52e.js generate SourceMap\n<s> [webpack.Progress] 92% sealing asset processing SourceMapDevToolPlugin 4065.e99cf508fcaf5c5ac52e.js generated SourceMap\n<s> [webpack.Progress] 92% sealing asset processing SourceMapDevToolPlugin 8945.d98c9db188c2f311551d.js generate SourceMap\n<s> [webpack.Progress] 92% sealing asset processing SourceMapDevToolPlugin 8945.d98c9db188c2f311551d.js generated SourceMap\n<s> [webpack.Progress] 92% sealing asset processing SourceMapDevToolPlugin 4439.27bb8db0ad37f7af304d.js generate SourceMap\n<s> [webpack.Progress] 92% sealing asset processing SourceMapDevToolPlugin 4439.27bb8db0ad37f7af304d.js generated SourceMap\n<s> [webpack.Progress] 92% sealing asset processing SourceMapDevToolPlugin 8381.2e19ad873bb3dbfd322f.js generate SourceMap\nmm-harness | extension prepare\nmm-harness | full log: /Users/deeeed/dev/metamask/metamask-extension-1/temp/recipe/harness/extension/live/20260909T044858Z/launch/logs/launch.log\nmm-harness | full stream: mm-harness logs --full\n\n  * webpack 92% sealing asset processing SourceMapDevToolPlugin 1189.afa0c31d6eae66c2db57.js generated SourceMap\n  * webpack 92% sealing asset processing SourceMapDevToolPlugin 7786.e3670129cbffdc1bf1e6.js generate SourceMap\n  * webpack 92% sealing asset processing SourceMapDevToolPlugin 7786.e3670129cbffdc1bf1e6.js generated SourceMap\n  * webpack 92% sealing asset processing SourceMapDevToolPlugin 4065.e99cf508fcaf5c5ac52e.js generate SourceMap\n  * webpack 92% sealing asset processing SourceMapDevToolPlugin 4065.e99cf508fcaf5c5ac52e.js generated SourceMap\n  * webpack 92% sealing asset processing SourceMapDevToolPlugin 8945.d98c9db188c2f311551d.js generate SourceMap\n  * webpack 92% sealing asset processing SourceMapDevToolPlugin 8945.d98c9db188c2f311551d.js generated SourceMap\n  * webpack 92% sealing asset processing SourceMapDevToolPlugin 4439.27bb8db0ad37f7af304d.js generate SourceMap\n  * webpack 92% sealing asset processing SourceMapDevToolPlugin 4439.27bb8db0ad37f7af304d.js generated SourceMap\n  * webpack 92% sealing asset processing SourceMapDevToolPlugin 8381.2e19ad873bb3dbfd322f.js generate SourceMap\n<s> [webpack.Progress] 92% sealing asset processing SourceMapDevToolPlugin 8381.2e19ad873bb3dbfd322f.js generated SourceMap\n<s> [webpack.Progress] 92% sealing asset processing SourceMapDevToolPlugin 388.3b4f0dd4414fd87b2c62.js generate SourceMap\n<s> [webpack.Progress] 92% sealing asset processing SourceMapDevToolPlugin 388.3b4f0dd4414fd87b2c62.js generated SourceMap\n<s> [webpack.Progress] 92% sealing asset processing SourceMapDevToolPlugin 9754.dee8bd36dd483b6113f3.js generate SourceMap\n<s> [webpack.Progress] 92% sealing asset processing SourceMapDevToolPlugin 9754.dee8bd36dd483b6113f3.js generated SourceMap\n<s> [webpack.Progress] 92% sealing asset processing SourceMapDevToolPlugin snaps/bundle.js generate SourceMap\n<s> [webpack.Progress] 92% sealing asset processing SourceMapDevToolPlugin snaps/bundle.js generated SourceMap\n<s> [webpack.Progress] 92% sealing asset processing SourceMapDevToolPlugin resolve sources\n<s> [webpack.Progress] 92% sealing asset processing SourceMapDevToolPlugin scripts/contentscript.js attach SourceMap\n<s> [webpack.Progress] 92% sealing asset processing SourceMapDevToolPlugin scripts/contentscript.js attached SourceMap\n<s> [webpack.Progress] 92% sealing asset processing SourceMapDevToolPlugin scripts/inpage.js attach SourceMap\n<s> [webpack.Progress] 92% sealing asset processing SourceMapDevToolPlugin scripts/inpage.js attached SourceMap\n<s> [webpack.Progress] 92% sealing asset processing SourceMapDevToolPlugin vendor/trezor/content-script.js attach SourceMap\n<s> [webpack.Progress] 92% sealing asset processing SourceMapDevToolPlugin vendor/trezor/content-script.js attached SourceMap\n<s> [webpack.Progress] 92% sealing asset processing SourceMapDevToolPlugin service-worker.js attach SourceMap\n<s> [webpack.Progress] 92% sealing asset processing SourceMapDevToolPlugin service-worker.js attached SourceMap\n<s> [webpack.Progress] 92% sealing asset processing SourceMapDevToolPlugin index.css attach SourceMap\n<s> [webpack.Progress] 92% sealing asset processing SourceMapDevToolPlugin index.css attached SourceMap\n<s> [webpack.Progress] 92% sealing asset processing SourceMapDevToolPlugin bootstrap.73e8a169750c1d7fe3b9.js attach SourceMap\n<s> [webpack.Progress] 92% sealing asset processing SourceMapDevToolPlugin bootstrap.73e8a169750c1d7fe3b9.js attached SourceMap\n<s> [webpack.Progress] 92% sealing asset processing SourceMapDevToolPlugin ui.ed5164dd0db8f5f08df4.js attach SourceMap\n<s> [webpack.Progress] 92% sealing asset processing SourceMapDevToolPlugin ui.ed5164dd0db8f5f08df4.js attached SourceMap\n<s> [webpack.Progress] 92% sealing asset processing SourceMapDevToolPlugin offscreen.1.c55c2f2c3add73f13985.js attach SourceMap\n<s> [webpack.Progress] 92% sealing asset processing SourceMapDevToolPlugin offscreen.1.c55c2f2c3add73f13985.js attached SourceMap\n<s> [webpack.Progress] 92% sealing asset processing SourceMapDevToolPlugin runtime.9a0fe3ca648ec1294d8c.js attach SourceMap\n<s> [webpack.Progress] 92% sealing asset processing SourceMapDevToolPlugin runtime.9a0fe3ca648ec1294d8c.js attached SourceMap\n<s> [webpack.Progress] 92% sealing asset processing SourceMapDevToolPlugin 9380.f7db18faea6f2d840e1e.js attach SourceMap\n<s> [webpack.Progress] 92% sealing asset processing SourceMapDevToolPlugin 9380.f7db18faea6f2d840e1e.js attached SourceMap\n<s> [webpack.Progress] 92% sealing asset processing SourceMapDevToolPlugin 1122.7b5a00910cae4f47d5e8.js attach SourceMap\n<s> [webpack.Progress] 92% sealing asset processing SourceMapDevToolPlugin 1122.7b5a00910cae4f47d5e8.js attached SourceMap\n<s> [webpack.Progress] 92% sealing asset processing SourceMapDevToolPlugin 2721.becc20539dc5a7dc5ba8.js attach SourceMap\n<s> [webpack.Progress] 92% sealing asset processing SourceMapDevToolPlugin 2721.becc20539dc5a7dc5ba8.js attached SourceMap\n<s> [webpack.Progress] 92% sealing asset processing SourceMapDevToolPlugin 7160.91dd0784d89945bd1dab.js attach SourceMap\n<s> [webpack.Progress] 92% sealing asset processing SourceMapDevToolPlugin 7160.91dd0784d89945bd1dab.js attached SourceMap\n<s> [webpack.Progress] 92% sealing asset processing SourceMapDevToolPlugin 8792.dcfa07f41b5d3b4cb06d.js attach SourceMap\n<s> [webpack.Progress] 92% sealing asset processing SourceMapDevToolPlugin 8792.dcfa07f41b5d3b4cb06d.js attached SourceMap\n<s> [webpack.Progress] 92% sealing asset processing SourceMapDevToolPlugin 5657.46bbe2be4cb8088dad60.js attach SourceMap\n<s> [webpack.Progress] 92% sealing asset processing SourceMapDevToolPlugin 5657.46bbe2be4cb8088dad60.js attached SourceMap\n<s> [webpack.Progress] 92% sealing asset processing SourceMapDevToolPlugin 2962.06a079739a7bbfb153b2.js attach SourceMap\n<s> [webpack.Progress] 92% sealing asset processing SourceMapDevToolPlugin 2962.06a079739a7bbfb153b2.js attached SourceMap\n<s> [webpack.Progress] 92% sealing asset processing SourceMapDevToolPlugin 5671.58c21003e2a330eaf759.js attach SourceMap\n<s> [webpack.Progress] 92% sealing asset processing SourceMapDevToolPlugin 5671.58c21003e2a330eaf759.js attached SourceMap\n<s> [webpack.Progress] 92% sealing asset processing SourceMapDevToolPlugin 6565.4eb185e80dd5aa5f059b.js attach SourceMap\n<s> [webpack.Progress] 92% sealing asset processing SourceMapDevToolPlugin 6565.4eb185e80dd5aa5f059b.js attached SourceMap\n<s> [webpack.Progress] 92% sealing asset processing SourceMapDevToolPlugin 4593.3ff40c54561bc2daed61.js attach SourceMap\n<s> [webpack.Progress] 92% sealing asset processing SourceMapDevToolPlugin 4593.3ff40c54561bc2daed61.js attached SourceMap\n<s> [webpack.Progress] 92% sealing asset processing SourceMapDevToolPlugin 2213.bd04ab64cbc78168ef9c.js attach SourceMap\n<s> [webpack.Progress] 92% sealing asset processing SourceMapDevToolPlugin 2213.bd04ab64cbc78168ef9c.js attached SourceMap\n<s> [webpack.Progress] 92% sealing asset processing SourceMapDevToolPlugin 7356.eccdc6f70710e68cc4a8.js attach SourceMap\n<s> [webpack.Progress] 92% sealing asset processing SourceMapDevToolPlugin 7356.eccdc6f70710e68cc4a8.js attached SourceMap\n<s> [webpack.Progress] 92% sealing asset processing SourceMapDevToolPlugin 2445.ebc1833418b14276524e.js attach SourceMap\n<s> [webpack.Progress] 92% sealing asset processing SourceMapDevToolPlugin 2445.ebc1833418b14276524e.js attached SourceMap\n<s> [webpack.Progress] 92% sealing asset processing SourceMapDevToolPlugin 891.94d4404b712fd53a72f6.js attach SourceMap\n<s> [webpack.Progress] 92% sealing asset processing SourceMapDevToolPlugin 891.94d4404b712fd53a72f6.js attached SourceMap\n<s> [webpack.Progress] 92% sealing asset processing SourceMapDevToolPlugin 4073.a0a47952952893b2e6e7.js attach SourceMap\n<s> [webpack.Progress] 92% sealing asset processing SourceMapDevToolPlugin 4073.a0a47952952893b2e6e7.js attached SourceMap\n<s> [webpack.Progress] 92% sealing asset processing SourceMapDevToolPlugin 9949.4c258d7311cd9ee2b89d.js attach SourceMap\n<s> [webpack.Progress] 92% sealing asset processing SourceMapDevToolPlugin 9949.4c258d7311cd9ee2b89d.js attached SourceMap\n<s> [webpack.Progress] 92% sealing asset processing SourceMapDevToolPlugin 4781.6a0e09b7ee38061ae664.js attach SourceMap\n<s> [webpack.Progress] 92% sealing asset processing SourceMapDevToolPlugin 4781.6a0e09b7ee38061ae664.js attached SourceMap\n<s> [webpack.Progress] 92% sealing asset processing SourceMapDevToolPlugin 343.40bb4d30116e829870f0.js attach SourceMap\n<s> [webpack.Progress] 92% sealing asset processing SourceMapDevToolPlugin 343.40bb4d30116e829870f0.js attached SourceMap\n<s> [webpack.Progress] 92% sealing asset processing SourceMapDevToolPlugin 1331.1c18e57a32d72e233e37.js attach SourceMap\n<s> [webpack.Progress] 92% sealing asset processing SourceMapDevToolPlugin 1331.1c18e57a32d72e233e37.js attached SourceMap\n<s> [webpack.Progress] 92% sealing asset processing SourceMapDevToolPlugin 133.a36d307179ff66933859.js attach SourceMap\n<s> [webpack.Progress] 92% sealing asset processing SourceMapDevToolPlugin 133.a36d307179ff66933859.js attached SourceMap\n<s> [webpack.Progress] 92% sealing asset processing SourceMapDevToolPlugin 483.8faa155b5d5d01459ef2.js attach SourceMap\n<s> [webpack.Progress] 92% sealing asset processing SourceMapDevToolPlugin 483.8faa155b5d5d01459ef2.js attached SourceMap\n<s> [webpack.Progress] 92% sealing asset processing SourceMapDevToolPlugin 6053.51e750c5b6eea9534e1f.js attach SourceMap\n<s> [webpack.Progress] 92% sealing asset processing SourceMapDevToolPlugin 6053.51e750c5b6eea9534e1f.js attached SourceMap\n<s> [webpack.Progress] 92% sealing asset processing SourceMapDevToolPlugin 5337.e8c6f311d6e2ca281caf.js attach SourceMap\n<s> [webpack.Progress] 92% sealing asset processing SourceMapDevToolPlugin 5337.e8c6f311d6e2ca281caf.js attached SourceMap\n<s> [webpack.Progress] 92% sealing asset processing SourceMapDevToolPlugin 1598.1d5ebda26ea8566939ce.js attach SourceMap\n<s> [webpack.Progress] 92% sealing asset processing SourceMapDevToolPlugin 1598.1d5ebda26ea8566939ce.js attached SourceMap\n<s> [webpack.Progress] 92% sealing asset processing SourceMapDevToolPlugin 9165.5abeb98fb31f19437f57.js attach SourceMap\n<s> [webpack.Progress] 92% sealing asset processing SourceMapDevToolPlugin 9165.5abeb98fb31f19437f57.js attached SourceMap\n<s> [webpack.Progress] 92% sealing asset processing SourceMapDevToolPlugin 7064.791e3741955923f44536.js attach SourceMap\n<s> [webpack.Progress] 92% sealing asset processing SourceMapDevToolPlugin 7064.791e3741955923f44536.js attached SourceMap\n<s> [webpack.Progress] 92% sealing asset processing SourceMapDevToolPlugin 1826.5369206db82691b7e18d.js attach SourceMap\n<s> [webpack.Progress] 92% sealing asset processing SourceMapDevToolPlugin 1826.5369206db82691b7e18d.js attached SourceMap\n<s> [webpack.Progress] 92% sealing asset processing SourceMapDevToolPlugin 2747.8e264e5d7fda0245a35e.js attach SourceMap\n<s> [webpack.Progress] 92% sealing asset processing SourceMapDevToolPlugin 2747.8e264e5d7fda0245a35e.js attached SourceMap\n<s> [webpack.Progress] 92% sealing asset processing SourceMapDevToolPlugin 2449.198974ec14f87826c693.js attach SourceMap\n<s> [webpack.Progress] 92% sealing asset processing SourceMapDevToolPlugin 2449.198974ec14f87826c693.js attached SourceMap\n<s> [webpack.Progress] 92% sealing asset processing SourceMapDevToolPlugin 2222.04d2d3b93693c95a6f9c.js attach SourceMap\n<s> [webpack.Progress] 92% sealing asset processing SourceMapDevToolPlugin 2222.04d2d3b93693c95a6f9c.js attached SourceMap\n<s> [webpack.Progress] 92% sealing asset processing SourceMapDevToolPlugin 1822.04c15daa24c62b84b485.js attach SourceMap\n<s> [webpack.Progress] 92% sealing asset processing SourceMapDevToolPlugin 1822.04c15daa24c62b84b485.js attached SourceMap\n<s> [webpack.Progress] 92% sealing asset processing SourceMapDevToolPlugin 305.5b017c9ea12ab2ecc5db.js attach SourceMap\n<s> [webpack.Progress] 92% sealing asset processing SourceMapDevToolPlugin 305.5b017c9ea12ab2ecc5db.js attached SourceMap\n<s> [webpack.Progress] 92% sealing asset processing SourceMapDevToolPlugin 2598.0223c138f017c27df3a1.js attach SourceMap\n<s> [webpack.Progress] 92% sealing asset processing SourceMapDevToolPlugin 2598.0223c138f017c27df3a1.js attached SourceMap\n<s> [webpack.Progress] 92% sealing asset processing SourceMapDevToolPlugin 3756.c54e9b2a5c3623716165.js attach SourceMap\n<s> [webpack.Progress] 92% sealing asset processing SourceMapDevToolPlugin 3756.c54e9b2a5c3623716165.js attached SourceMap\n<s> [webpack.Progress] 92% sealing asset processing SourceMapDevToolPlugin 4666.14d33f5059fe075ae7c5.js attach SourceMap\n<s> [webpack.Progress] 92% sealing asset processing SourceMapDevToolPlugin 4666.14d33f5059fe075ae7c5.js attached SourceMap\n<s> [webpack.Progress] 92% sealing asset processing SourceMapDevToolPlugin 4579.23b89764237cc268f333.js attach SourceMap\n<s> [webpack.Progress] 92% sealing asset processing SourceMapDevToolPlugin 4579.23b89764237cc268f333.js attached SourceMap\n<s> [webpack.Progress] 92% sealing asset processing SourceMapDevToolPlugin 4520.90049d21a6ccb3a931ea.js attach SourceMap\n<s> [webpack.Progress] 92% sealing asset processing SourceMapDevToolPlugin 4520.90049d21a6ccb3a931ea.js attached SourceMap\n<s> [webpack.Progress] 92% sealing asset processing SourceMapDevToolPlugin 339.e8510d7f2d09b6d54a30.js attach SourceMap\n<s> [webpack.Progress] 92% sealing asset processing SourceMapDevToolPlugin 339.e8510d7f2d09b6d54a30.js attached SourceMap\n<s> [webpack.Progress] 92% sealing asset processing SourceMapDevToolPlugin 8063.b7ae3ef40f4b8c630e04.js attach SourceMap\n<s> [webpack.Progress] 92% sealing asset processing SourceMapDevToolPlugin 8063.b7ae3ef40f4b8c630e04.js attached SourceMap\n<s> [webpack.Progress] 92% sealing asset processing SourceMapDevToolPlugin 9737.0c84ddf0117e0b321563.js attach SourceMap\n<s> [webpack.Progress] 92% sealing asset processing SourceMapDevToolPlugin 9737.0c84ddf0117e0b321563.js attached SourceMap\n<s> [webpack.Progress] 92% sealing asset processing SourceMapDevToolPlugin 4052.4b066fcf8fefa93e0e5a.js attach SourceMap\n<s> [webpack.Progress] 92% sealing asset processing SourceMapDevToolPlugin 4052.4b066fcf8fefa93e0e5a.js attached SourceMap\n<s> [webpack.Progress] 92% sealing asset processing SourceMapDevToolPlugin 3885.3ca736e6f6b35f5c566a.js attach SourceMap\n<s> [webpack.Progress] 92% sealing asset processing SourceMapDevToolPlugin 3885.3ca736e6f6b35f5c566a.js attached SourceMap\n<s> [webpack.Progress] 92% sealing asset processing SourceMapDevToolPlugin 5297.90033d7cc12e14327da7.js attach SourceMap\n<s> [webpack.Progress] 92% sealing asset processing SourceMapDevToolPlugin 5297.90033d7cc12e14327da7.js attached SourceMap\n<s> [webpack.Progress] 92% sealing asset processing SourceMapDevToolPlugin 9600.8784b9e06c058e3a7ddf.js attach SourceMap\n<s> [webpack.Progress] 92% sealing asset processing SourceMapDevToolPlugin 9600.8784b9e06c058e3a7ddf.js attached SourceMap\n<s> [webpack.Progress] 92% sealing asset processing SourceMapDevToolPlugin 8927.e5decb4fb6a49d6ed7cb.js attach SourceMap\n<s> [webpack.Progress] 92% sealing asset processing SourceMapDevToolPlugin 8927.e5decb4fb6a49d6ed7cb.js attached SourceMap\n<s> [webpack.Progress] 92% sealing asset processing SourceMapDevToolPlugin 3740.e479aecde29f67ccef00.js attach SourceMap\n<s> [webpack.Progress] 92% sealing asset processing SourceMapDevToolPlugin 3740.e479aecde29f67ccef00.js attached SourceMap\n<s> [webpack.Progress] 92% sealing asset processing SourceMapDevToolPlugin 1864.bfae41ed6e94ea2383c5.js attach SourceMap\n<s> [webpack.Progress] 92% sealing asset processing SourceMapDevToolPlugin 1864.bfae41ed6e94ea2383c5.js attached SourceMap\n<s> [webpack.Progress] 92% sealing asset processing SourceMapDevToolPlugin 5454.5857b61dc596b1582800.js attach SourceMap\n<s> [webpack.Progress] 92% sealing asset processing SourceMapDevToolPlugin 5454.5857b61dc596b1582800.js attached SourceMap\n<s> [webpack.Progress] 92% sealing asset processing SourceMapDevToolPlugin 5964.f6cb3beaa4575189a909.js attach SourceMap\n<s> [webpack.Progress] 92% sealing asset processing SourceMapDevToolPlugin 5964.f6cb3beaa4575189a909.js attached SourceMap\n<s> [webpack.Progress] 92% sealing asset processing SourceMapDevToolPlugin 5762.4aeb58a19e6bbdfa13a0.js attach SourceMap\n<s> [webpack.Progress] 92% sealing asset processing SourceMapDevToolPlugin 5762.4aeb58a19e6bbdfa13a0.js attached SourceMap\n<s> [webpack.Progress] 92% sealing asset processing SourceMapDevToolPlugin 2370.13462bfab1b0dc446368.js attach SourceMap\n<s> [webpack.Progress] 92% sealing asset processing SourceMapDevToolPlugin 2370.13462bfab1b0dc446368.js attached SourceMap\n<s> [webpack.Progress] 92% sealing asset processing SourceMapDevToolPlugin 1608.c8f0057ff3dbed7506fc.js attach SourceMap\n<s> [webpack.Progress] 92% sealing asset processing SourceMapDevToolPlugin 1608.c8f0057ff3dbed7506fc.js attached SourceMap\n<s> [webpack.Progress] 92% sealing asset processing SourceMapDevToolPlugin 5566.68873f9b582d04420ea9.js attach SourceMap\n<s> [webpack.Progress] 92% sealing asset processing SourceMapDevToolPlugin 5566.68873f9b582d04420ea9.js attached SourceMap\n<s> [webpack.Progress] 92% sealing asset processing SourceMapDevToolPlugin 4323.9b80a0ff284cdcfa9652.js attach SourceMap\n<s> [webpack.Progress] 92% sealing asset processing SourceMapDevToolPlugin 4323.9b80a0ff284cdcfa9652.js attached SourceMap\n<s> [webpack.Progress] 92% sealing asset processing SourceMapDevToolPlugin 3404.94840e60e5186aa6e626.js attach SourceMap\n<s> [webpack.Progress] 92% sealing asset processing SourceMapDevToolPlugin 3404.94840e60e5186aa6e626.js attached SourceMap\n<s> [webpack.Progress] 92% sealing asset processing SourceMapDevToolPlugin 6649.771fde35bd53cb1b1006.js attach SourceMap\n<s> [webpack.Progress] 92% sealing asset processing SourceMapDevToolPlugin 6649.771fde35bd53cb1b1006.js attached SourceMap\n<s> [webpack.Progress] 92% sealing asset processing SourceMapDevToolPlugin 2203.a6381a8e17d906fe7154.js attach SourceMap\n<s> [webpack.Progress] 92% sealing asset processing SourceMapDevToolPlugin 2203.a6381a8e17d906fe7154.js attached SourceMap\n<s> [webpack.Progress] 92% sealing asset processing SourceMapDevToolPlugin 5458.7af490f5a47261e03b60.js attach SourceMap\n<s> [webpack.Progress] 92% sealing asset processing SourceMapDevToolPlugin 5458.7af490f5a47261e03b60.js attached SourceMap\n<s> [webpack.Progress] 92% sealing asset processing SourceMapDevToolPlugin 229.7ca2dcf17f130685cdc5.js attach SourceMap\n<s> [webpack.Progress] 92% sealing asset processing SourceMapDevToolPlugin 229.7ca2dcf17f130685cdc5.js attached SourceMap\n<s> [webpack.Progress] 92% sealing asset processing SourceMapDevToolPlugin 8117.e35db4eeaba80b0b86c0.js attach SourceMap\n<s> [webpack.Progress] 92% sealing asset processing SourceMapDevToolPlugin 8117.e35db4eeaba80b0b86c0.js attached SourceMap\n<s> [webpack.Progress] 92% sealing asset processing SourceMapDevToolPlugin 1309.47b9e5d520629d3e1ef0.js attach SourceMap\n<s> [webpack.Progress] 92% sealing asset processing SourceMapDevToolPlugin 1309.47b9e5d520629d3e1ef0.js attached SourceMap\n<s> [webpack.Progress] 92% sealing asset processing SourceMapDevToolPlugin 8093.c3da9fbd456afc16d0d5.js attach SourceMap\n<s> [webpack.Progress] 92% sealing asset processing SourceMapDevToolPlugin 8093.c3da9fbd456afc16d0d5.js attached SourceMap\n<s> [webpack.Progress] 92% sealing asset processing SourceMapDevToolPlugin 3785.0e193a66e46ee856ef9f.js attach SourceMap\n<s> [webpack.Progress] 92% sealing asset processing SourceMapDevToolPlugin 3785.0e193a66e46ee856ef9f.js attached SourceMap\n<s> [webpack.Progress] 92% sealing asset processing SourceMapDevToolPlugin 7651.c1bcc3468615b524901d.js attach SourceMap\n<s> [webpack.Progress] 92% sealing asset processing SourceMapDevToolPlugin 7651.c1bcc3468615b524901d.js attached SourceMap\n<s> [webpack.Progress] 92% sealing asset processing SourceMapDevToolPlugin 7755.ae2db1d792adfde09bb6.js attach SourceMap\n<s> [webpack.Progress] 92% sealing asset processing SourceMapDevToolPlugin 7755.ae2db1d792adfde09bb6.js attached SourceMap\n<s> [webpack.Progress] 92% sealing asset processing SourceMapDevToolPlugin 3956.397d160ab39d3e0153f3.js attach SourceMap\n<s> [webpack.Progress] 92% sealing asset processing SourceMapDevToolPlugin 3956.397d160ab39d3e0153f3.js attached SourceMap\n<s> [webpack.Progress] 92% sealing asset processing SourceMapDevToolPlugin 5175.21b3250ec245595bd5b9.js attach SourceMap\n<s> [webpack.Progress] 92% sealing asset processing SourceMapDevToolPlugin 5175.21b3250ec245595bd5b9.js attached SourceMap\n<s> [webpack.Progress] 92% sealing asset processing SourceMapDevToolPlugin 461.616e565a85ce4c373a46.js attach SourceMap\n<s> [webpack.Progress] 92% sealing asset processing SourceMapDevToolPlugin 461.616e565a85ce4c373a46.js attached SourceMap\n<s> [webpack.Progress] 92% sealing asset processing SourceMapDevToolPlugin 2186.2fb46e625a7271fad729.js attach SourceMap\n<s> [webpack.Progress] 92% sealing asset processing SourceMapDevToolPlugin 2186.2fb46e625a7271fad729.js attached SourceMap\n<s> [webpack.Progress] 92% sealing asset processing SourceMapDevToolPlugin 2638.49dffdddb459a978d447.js attach SourceMap\n<s> [webpack.Progress] 92% sealing asset processing SourceMapDevToolPlugin 2638.49dffdddb459a978d447.js attached SourceMap\n<s> [webpack.Progress] 92% sealing asset processing SourceMapDevToolPlugin 9957.38796893cafb08d7d670.js attach SourceMap\n<s> [webpack.Progress] 92% sealing asset processing SourceMapDevToolPlugin 9957.38796893cafb08d7d670.js attached SourceMap\n<s> [webpack.Progress] 92% sealing asset processing SourceMapDevToolPlugin 1507.dd024d5592531534b5e3.js attach SourceMap\n<s> [webpack.Progress] 92% sealing asset processing SourceMapDevToolPlugin 1507.dd024d5592531534b5e3.js attached SourceMap\n<s> [webpack.Progress] 92% sealing asset processing SourceMapDevToolPlugin 425.86b3f2546733ff02a7f7.js attach SourceMap\n<s> [webpack.Progress] 92% sealing asset processing SourceMapDevToolPlugin 425.86b3f2546733ff02a7f7.js attached SourceMap\n<s> [webpack.Progress] 92% sealing asset processing SourceMapDevToolPlugin 6622.e52bfa12b1bf8fb1060f.js attach SourceMap\n<s> [webpack.Progress] 92% sealing asset processing SourceMapDevToolPlugin 6622.e52bfa12b1bf8fb1060f.js attached SourceMap\n<s> [webpack.Progress] 92% sealing asset processing SourceMapDevToolPlugin 9038.b63f13c900ba6b54cd52.js attach SourceMap\n<s> [webpack.Progress] 92% sealing asset processing SourceMapDevToolPlugin 9038.b63f13c900ba6b54cd52.js attached SourceMap\n<s> [webpack.Progress] 92% sealing asset processing SourceMapDevToolPlugin 2584.e9e61a85bba76221f06e.js attach SourceMap\n<s> [webpack.Progress] 92% sealing asset processing SourceMapDevToolPlugin 2584.e9e61a85bba76221f06e.js attached SourceMap\n<s> [webpack.Progress] 92% sealing asset processing SourceMapDevToolPlugin 6828.50fec138243ed6f00474.js attach SourceMap\n<s> [webpack.Progress] 92% sealing asset processing SourceMapDevToolPlugin 6828.50fec138243ed6f00474.js attached SourceMap\n<s> [webpack.Progress] 92% sealing asset processing SourceMapDevToolPlugin 407.23cf483d9f9cf266e08d.js attach SourceMap\n<s> [webpack.Progress] 92% sealing asset processing SourceMapDevToolPlugin 407.23cf483d9f9cf266e08d.js attached SourceMap\n<s> [webpack.Progress] 92% sealing asset processing SourceMapDevToolPlugin 9689.286259fb84cb182a9560.js attach SourceMap\n<s> [webpack.Progress] 92% sealing asset processing SourceMapDevToolPlugin 9689.286259fb84cb182a9560.js attached SourceMap\n<s> [webpack.Progress] 92% sealing asset processing SourceMapDevToolPlugin 670.8a3dd0a0a1104c4ee800.js attach SourceMap\n<s> [webpack.Progress] 92% sealing asset processing SourceMapDevToolPlugin 670.8a3dd0a0a1104c4ee800.js attached SourceMap\n<s> [webpack.Progress] 92% sealing asset processing SourceMapDevToolPlugin 8935.76f7d18ec2db1116472c.js attach SourceMap\n<s> [webpack.Progress] 92% sealing asset processing SourceMapDevToolPlugin 8935.76f7d18ec2db1116472c.js attached SourceMap\n<s> [webpack.Progress] 92% sealing asset processing SourceMapDevToolPlugin 9060.8c14b991ad6ad088c65e.js attach SourceMap\n<s> [webpack.Progress] 92% sealing asset processing SourceMapDevToolPlugin 9060.8c14b991ad6ad088c65e.js attached SourceMap\n<s> [webpack.Progress] 92% sealing asset processing SourceMapDevToolPlugin 4274.717a62df2a936e0d0796.js attach SourceMap\n<s> [webpack.Progress] 92% sealing asset processing SourceMapDevToolPlugin 4274.717a62df2a936e0d0796.js attached SourceMap\n<s> [webpack.Progress] 92% sealing asset processing SourceMapDevToolPlugin 2160.99f346ae2fcd65bd1ab3.js attach SourceMap\n<s> [webpack.Progress] 92% sealing asset processing SourceMapDevToolPlugin 2160.99f346ae2fcd65bd1ab3.js attached SourceMap\n<s> [webpack.Progress] 92% sealing asset processing SourceMapDevToolPlugin 7449.26dd398625f0ae6b6e91.js attach SourceMap\n<s> [webpack.Progress] 92% sealing asset processing SourceMapDevToolPlugin 7449.26dd398625f0ae6b6e91.js attached SourceMap\n<s> [webpack.Progress] 92% sealing asset processing SourceMapDevToolPlugin 904.ce4e51fea115b479b536.js attach SourceMap\n<s> [webpack.Progress] 92% sealing asset processing SourceMapDevToolPlugin 904.ce4e51fea115b479b536.js attached SourceMap\n<s> [webpack.Progress] 92% sealing asset processing SourceMapDevToolPlugin 659.556e417887174e764e0a.js attach SourceMap\n<s> [webpack.Progress] 92% sealing asset processing SourceMapDevToolPlugin 659.556e417887174e764e0a.js attached SourceMap\n<s> [webpack.Progress] 92% sealing asset processing SourceMapDevToolPlugin 7899.7bd59964da163d2433c5.js attach SourceMap\n<s> [webpack.Progress] 92% sealing asset processing SourceMapDevToolPlugin 7899.7bd59964da163d2433c5.js attached SourceMap\n<s> [webpack.Progress] 92% sealing asset processing SourceMapDevToolPlugin 8994.832035807bead8eee918.js attach SourceMap\n<s> [webpack.Progress] 92% sealing asset processing SourceMapDevToolPlugin 8994.832035807bead8eee918.js attached SourceMap\n<s> [webpack.Progress] 92% sealing asset processing SourceMapDevToolPlugin 2189.978d22f2bc84c669878f.js attach SourceMap\n<s> [webpack.Progress] 92% sealing asset processing SourceMapDevToolPlugin 2189.978d22f2bc84c669878f.js attached SourceMap\n<s> [webpack.Progress] 92% sealing asset processing SourceMapDevToolPlugin 6358.8fad22f2b4a12fd704df.js attach SourceMap\n<s> [webpack.Progress] 92% sealing asset processing SourceMapDevToolPlugin 6358.8fad22f2b4a12fd704df.js attached SourceMap\n<s> [webpack.Progress] 92% sealing asset processing SourceMapDevToolPlugin 3375.e7078b067afe373c1af8.js attach SourceMap\n<s> [webpack.Progress] 92% sealing asset processing SourceMapDevToolPlugin 3375.e7078b067afe373c1af8.js attached SourceMap\n<s> [webpack.Progress] 92% sealing asset processing SourceMapDevToolPlugin js-de2d6f9a.26c8871ef1694594a36a.js attach SourceMap\n<s> [webpack.Progress] 92% sealing asset processing SourceMapDevToolPlugin js-de2d6f9a.26c8871ef1694594a36a.js attached SourceMap\n<s> [webpack.Progress] 92% sealing asset processing SourceMapDevToolPlugin vendor-a5ce148e.ca5c3de6e081b438933e.js attach SourceMap\n<s> [webpack.Progress] 92% sealing asset processing SourceMapDevToolPlugin vendor-a5ce148e.ca5c3de6e081b438933e.js attached SourceMap\n<s> [webpack.Progress] 92% sealing asset processing SourceMapDevToolPlugin 1290.951fb81c1588228ca00a.js attach SourceMap\n<s> [webpack.Progress] 92% sealing asset processing SourceMapDevToolPlugin 1290.951fb81c1588228ca00a.js attached SourceMap\n<s> [webpack.Progress] 92% sealing asset processing SourceMapDevToolPlugin 868.3bf655100b12d90295ec.js attach SourceMap\n<s> [webpack.Progress] 92% sealing asset processing SourceMapDevToolPlugin 868.3bf655100b12d90295ec.js attached SourceMap\n<s> [webpack.Progress] 92% sealing asset processing SourceMapDevToolPlugin 427.b3bdd5d830acae36066d.js attach SourceMap\n<s> [webpack.Progress] 92% sealing asset processing SourceMapDevToolPlugin 427.b3bdd5d830acae36066d.js attached SourceMap\n<s> [webpack.Progress] 92% sealing asset processing SourceMapDevToolPlugin 9289.39551e4d8fe3ffd8412c.js attach SourceMap\n<s> [webpack.Progress] 92% sealing asset processing SourceMapDevToolPlugin 9289.39551e4d8fe3ffd8412c.js attached SourceMap\n<s> [webpack.Progress] 92% sealing asset processing SourceMapDevToolPlugin 2335.244e8378c2dc3b637b99.js attach SourceMap\n<s> [webpack.Progress] 92% sealing asset processing SourceMapDevToolPlugin 2335.244e8378c2dc3b637b99.js attached SourceMap\n<s> [webpack.Progress] 92% sealing asset processing SourceMapDevToolPlugin 9232.72b594a8ed982746306a.js attach SourceMap\n<s> [webpack.Progress] 92% sealing asset processing SourceMapDevToolPlugin 9232.72b594a8ed982746306a.js attached SourceMap\n<s> [webpack.Progress] 92% sealing asset processing SourceMapDevToolPlugin 418.51da2d19923c87178d9c.js attach SourceMap\n<s> [webpack.Progress] 92% sealing asset processing SourceMapDevToolPlugin 418.51da2d19923c87178d9c.js attached SourceMap\n<s> [webpack.Progress] 92% sealing asset processing SourceMapDevToolPlugin 2710.a6ba1bc4d4d2fd9c3e4b.js attach SourceMap\n<s> [webpack.Progress] 92% sealing asset processing SourceMapDevToolPlugin 2710.a6ba1bc4d4d2fd9c3e4b.js attached SourceMap\n<s> [webpack.Progress] 92% sealing asset processing SourceMapDevToolPlugin 989.8896e1b64e2901dc9de1.js attach SourceMap\n<s> [webpack.Progress] 92% sealing asset processing SourceMapDevToolPlugin 989.8896e1b64e2901dc9de1.js attached SourceMap\n<s> [webpack.Progress] 92% sealing asset processing SourceMapDevToolPlugin 8734.dd20a4395888014ccb8e.js attach SourceMap\n<s> [webpack.Progress] 92% sealing asset processing SourceMapDevToolPlugin 8734.dd20a4395888014ccb8e.js attached SourceMap\n<s> [webpack.Progress] 92% sealing asset processing SourceMapDevToolPlugin 6802.e89bbe7d98fd7ccdb08f.js attach SourceMap\n<s> [webpack.Progress] 92% sealing asset processing SourceMapDevToolPlugin 6802.e89bbe7d98fd7ccdb08f.js attached SourceMap\n<s> [webpack.Progress] 92% sealing asset processing SourceMapDevToolPlugin 7202.d33c520592c83214c153.js attach SourceMap\n<s> [webpack.Progress] 92% sealing asset processing SourceMapDevToolPlugin 7202.d33c520592c83214c153.js attached SourceMap\n<s> [webpack.Progress] 92% sealing asset processing SourceMapDevToolPlugin 1523.3cc4b6aa1f65298010a8.js attach SourceMap\n<s> [webpack.Progress] 92% sealing asset processing SourceMapDevToolPlugin 1523.3cc4b6aa1f65298010a8.js attached SourceMap\n<s> [webpack.Progress] 92% sealing asset processing SourceMapDevToolPlugin 8650.be281ea33afd3f6e91d0.js attach SourceMap\n<s> [webpack.Progress] 92% sealing asset processing SourceMapDevToolPlugin 8650.be281ea33afd3f6e91d0.js attached SourceMap\n<s> [webpack.Progress] 92% sealing asset processing SourceMapDevToolPlugin 5087.b024ed1057df2fe8b2be.js attach SourceMap\n<s> [webpack.Progress] 92% sealing asset processing SourceMapDevToolPlugin 5087.b024ed1057df2fe8b2be.js attached SourceMap\n<s> [webpack.Progress] 92% sealing asset processing SourceMapDevToolPlugin 9887.7ca56acc573873375645.js attach SourceMap\n<s> [webpack.Progress] 92% sealing asset processing SourceMapDevToolPlugin 9887.7ca56acc573873375645.js attached SourceMap\n<s> [webpack.Progress] 92% sealing asset processing SourceMapDevToolPlugin 2664.328825aa042147e8e696.js attach SourceMap\n<s> [webpack.Progress] 92% sealing asset processing SourceMapDevToolPlugin 2664.328825aa042147e8e696.js attached SourceMap\n<s> [webpack.Progress] 92% sealing asset processing SourceMapDevToolPlugin 1719.366898fb7ae2a3ff3a65.js attach SourceMap\n<s> [webpack.Progress] 92% sealing asset processing SourceMapDevToolPlugin 1719.366898fb7ae2a3ff3a65.js attached SourceMap\n<s> [webpack.Progress] 92% sealing asset processing SourceMapDevToolPlugin 7679.f7a42aa64823d152c30d.js attach SourceMap\n<s> [webpack.Progress] 92% sealing asset processing SourceMapDevToolPlugin 7679.f7a42aa64823d152c30d.js attached SourceMap\n<s> [webpack.Progress] 92% sealing asset processing SourceMapDevToolPlugin 8811.fe865bb1afa3a9e1a0d2.js attach SourceMap\n<s> [webpack.Progress] 92% sealing asset processing SourceMapDevToolPlugin 8811.fe865bb1afa3a9e1a0d2.js attached SourceMap\n<s> [webpack.Progress] 92% sealing asset processing SourceMapDevToolPlugin 6141.94df711f4d24ff0d0ca2.js attach SourceMap\n<s> [webpack.Progress] 92% sealing asset processing SourceMapDevToolPlugin 6141.94df711f4d24ff0d0ca2.js attached SourceMap\n<s> [webpack.Progress] 92% sealing asset processing SourceMapDevToolPlugin 4753.2bad3b00366f86033609.js attach SourceMap\n<s> [webpack.Progress] 92% sealing asset processing SourceMapDevToolPlugin 4753.2bad3b00366f86033609.js attached SourceMap\n<s> [webpack.Progress] 92% sealing asset processing SourceMapDevToolPlugin 1768.1b3f5673a5cb6bfe1c65.js attach SourceMap\n<s> [webpack.Progress] 92% sealing asset processing SourceMapDevToolPlugin 1768.1b3f5673a5cb6bfe1c65.js attached SourceMap\n<s> [webpack.Progress] 92% sealing asset processing SourceMapDevToolPlugin 9597.f380024c06693e2044d4.js attach SourceMap\n<s> [webpack.Progress] 92% sealing asset processing SourceMapDevToolPlugin 9597.f380024c06693e2044d4.js attached SourceMap\n<s> [webpack.Progress] 92% sealing asset processing SourceMapDevToolPlugin 8620.be0718a58064e983c476.js attach SourceMap\n<s> [webpack.Progress] 92% sealing asset processing SourceMapDevToolPlugin 8620.be0718a58064e983c476.js attached SourceMap\n<s> [webpack.Progress] 92% sealing asset processing SourceMapDevToolPlugin 9354.6dc8a0eada16bd8c74de.js attach SourceMap\n<s> [webpack.Progress] 92% sealing asset processing SourceMapDevToolPlugin 9354.6dc8a0eada16bd8c74de.js attached SourceMap\n<s> [webpack.Progress] 92% sealing asset processing SourceMapDevToolPlugin 1391.9130ebca0d5c68b22e4f.js attach SourceMap\n<s> [webpack.Progress] 92% sealing asset processing SourceMapDevToolPlugin 1391.9130ebca0d5c68b22e4f.js attached SourceMap\n<s> [webpack.Progress] 92% sealing asset processing SourceMapDevToolPlugin 8015.71952a189ab0065ecbad.js attach SourceMap\n<s> [webpack.Progress] 92% sealing asset processing SourceMapDevToolPlugin 8015.71952a189ab0065ecbad.js attached SourceMap\n<s> [webpack.Progress] 92% sealing asset processing SourceMapDevToolPlugin 110.3c937abac099ee93d0ae.js attach SourceMap\n<s> [webpack.Progress] 92% sealing asset processing SourceMapDevToolPlugin 110.3c937abac099ee93d0ae.js attached SourceMap\n<s> [webpack.Progress] 92% sealing asset processing SourceMapDevToolPlugin 4473.379a98e30f903f4d1f4a.js attach SourceMap\n<s> [webpack.Progress] 92% sealing asset processing SourceMapDevToolPlugin 4473.379a98e30f903f4d1f4a.js attached SourceMap\n<s> [webpack.Progress] 92% sealing asset processing SourceMapDevToolPlugin 3139.06c46528c7e9e81dc3eb.js attach SourceMap\n<s> [webpack.Progress] 92% sealing asset processing SourceMapDevToolPlugin 3139.06c46528c7e9e81dc3eb.js attached SourceMap\n<s> [webpack.Progress] 92% sealing asset processing SourceMapDevToolPlugin 3931.f5a7ef427a54cb861f3a.js attach SourceMap\n<s> [webpack.Progress] 92% sealing asset processing SourceMapDevToolPlugin 3931.f5a7ef427a54cb861f3a.js attached SourceMap\n<s> [webpack.Progress] 92% sealing asset processing SourceMapDevToolPlugin 3809.f0edcd9b73d56ec726aa.js attach SourceMap\n<s> [webpack.Progress] 92% sealing asset processing SourceMapDevToolPlugin 3809.f0edcd9b73d56ec726aa.js attached SourceMap\n<s> [webpack.Progress] 92% sealing asset processing SourceMapDevToolPlugin 9984.c08336abbc264b614c72.js attach SourceMap\n<s> [webpack.Progress] 92% sealing asset processing SourceMapDevToolPlugin 9984.c08336abbc264b614c72.js attached SourceMap\n<s> [webpack.Progress] 92% sealing asset processing SourceMapDevToolPlugin 5925.3a222b6e2e860ca14288.js attach SourceMap\n<s> [webpack.Progress] 92% sealing asset processing SourceMapDevToolPlugin 5925.3a222b6e2e860ca14288.js attached SourceMap\n<s> [webpack.Progress] 92% sealing asset processing SourceMapDevToolPlugin 6091.741017fb70f209ae4ef5.js attach SourceMap\n<s> [webpack.Progress] 92% sealing asset processing SourceMapDevToolPlugin 6091.741017fb70f209ae4ef5.js attached SourceMap\n<s> [webpack.Progress] 92% sealing asset processing SourceMapDevToolPlugin 4910.b5af0ca19aeb0f161f3f.js attach SourceMap\n<s> [webpack.Progress] 92% sealing asset processing SourceMapDevToolPlugin 4910.b5af0ca19aeb0f161f3f.js attached SourceMap\n<s> [webpack.Progress] 92% sealing asset processing SourceMapDevToolPlugin 8946.1b5b98f715e0f83d4b38.js attach SourceMap\n<s> [webpack.Progress] 92% sealing asset processing SourceMapDevToolPlugin 8946.1b5b98f715e0f83d4b38.js attached SourceMap\n<s> [webpack.Progress] 92% sealing asset processing SourceMapDevToolPlugin 5151.564c0f8700b36d9d0788.js attach SourceMap\n<s> [webpack.Progress] 92% sealing asset processing SourceMapDevToolPlugin 5151.564c0f8700b36d9d0788.js attached SourceMap\n<s> [webpack.Progress] 92% sealing asset processing SourceMapDevToolPlugin 463.7073eb4a57071adb37d5.js attach SourceMap\n<s> [webpack.Progress] 92% sealing asset processing SourceMapDevToolPlugin 463.7073eb4a57071adb37d5.js attached SourceMap\n<s> [webpack.Progress] 92% sealing asset processing SourceMapDevToolPlugin 1791.c6596692aacffe4f1783.js attach SourceMap\n<s> [webpack.Progress] 92% sealing asset processing SourceMapDevToolPlugin 1791.c6596692aacffe4f1783.js attached SourceMap\n<s> [webpack.Progress] 92% sealing asset processing SourceMapDevToolPlugin 1474.25bc45b05a321a65ea14.js attach SourceMap\n<s> [webpack.Progress] 92% sealing asset processing SourceMapDevToolPlugin 1474.25bc45b05a321a65ea14.js attached SourceMap\n<s> [webpack.Progress] 92% sealing asset processing SourceMapDevToolPlugin 3306.33e8e0b40a93f145e67b.js attach SourceMap\n<s> [webpack.Progress] 92% sealing asset processing SourceMapDevToolPlugin 3306.33e8e0b40a93f145e67b.js attached SourceMap\n<s> [webpack.Progress] 92% sealing asset processing SourceMapDevToolPlugin 9743.0d99166403883b338a35.js attach SourceMap\n<s> [webpack.Progress] 92% sealing asset processing SourceMapDevToolPlugin 9743.0d99166403883b338a35.js attached SourceMap\n<s> [webpack.Progress] 92% sealing asset processing SourceMapDevToolPlugin 5404.4343e7a07b76e3d14596.js attach SourceMap\n<s> [webpack.Progress] 92% sealing asset processing SourceMapDevToolPlugin 5404.4343e7a07b76e3d14596.js attached SourceMap\n<s> [webpack.Progress] 92% sealing asset processing SourceMapDevToolPlugin 1105.864c014b3ae23d04359e.js attach SourceMap\n<s> [webpack.Progress] 92% sealing asset processing SourceMapDevToolPlugin 1105.864c014b3ae23d04359e.js attached SourceMap\n<s> [webpack.Progress] 92% sealing asset processing SourceMapDevToolPlugin 308.633f0a52a25f8a4aab2d.js attach SourceMap\n<s> [webpack.Progress] 92% sealing asset processing SourceMapDevToolPlugin 308.633f0a52a25f8a4aab2d.js attached SourceMap\n<s> [webpack.Progress] 92% sealing asset processing SourceMapDevToolPlugin 3701.5553cf4c766e21395257.js attach SourceMap\n<s> [webpack.Progress] 92% sealing asset processing SourceMapDevToolPlugin 3701.5553cf4c766e21395257.js attached SourceMap\n<s> [webpack.Progress] 92% sealing asset processing SourceMapDevToolPlugin 5098.d593c7f0469b58803654.js attach SourceMap\n<s> [webpack.Progress] 92% sealing asset processing SourceMapDevToolPlugin 5098.d593c7f0469b58803654.js attached SourceMap\n<s> [webpack.Progress] 92% sealing asset processing SourceMapDevToolPlugin 4603.2f239ba57921e28d1924.js attach SourceMap\n<s> [webpack.Progress] 92% sealing asset processing SourceMapDevToolPlugin 4603.2f239ba57921e28d1924.js attached SourceMap\n<s> [webpack.Progress] 92% sealing asset processing SourceMapDevToolPlugin 4655.a0f77a1eb09a19433fac.js attach SourceMap\n<s> [webpack.Progress] 92% sealing asset processing SourceMapDevToolPlugin 4655.a0f77a1eb09a19433fac.js attached SourceMap\n<s> [webpack.Progress] 92% sealing asset processing SourceMapDevToolPlugin 1887.7df369ce8790a4754258.js attach SourceMap\n<s> [webpack.Progress] 92% sealing asset processing SourceMapDevToolPlugin 1887.7df369ce8790a4754258.js attached SourceMap\n<s> [webpack.Progress] 92% sealing asset processing SourceMapDevToolPlugin 7133.7e2226ca624aac9d7f59.js attach SourceMap\n<s> [webpack.Progress] 92% sealing asset processing SourceMapDevToolPlugin 7133.7e2226ca624aac9d7f59.js attached SourceMap\n<s> [webpack.Progress] 92% sealing asset processing SourceMapDevToolPlugin 46.b83faa3d5da15aef2a8c.js attach SourceMap\n<s> [webpack.Progress] 92% sealing asset processing SourceMapDevToolPlugin 46.b83faa3d5da15aef2a8c.js attached SourceMap\n<s> [webpack.Progress] 92% sealing asset processing SourceMapDevToolPlugin 6906.8745e137149bfafc163e.js attach SourceMap\n<s> [webpack.Progress] 92% sealing asset processing SourceMapDevToolPlugin 6906.8745e137149bfafc163e.js attached SourceMap\n<s> [webpack.Progress] 92% sealing asset processing SourceMapDevToolPlugin 2514.d760cba2897db44f4628.js attach SourceMap\n<s> [webpack.Progress] 92% sealing asset processing SourceMapDevToolPlugin 2514.d760cba2897db44f4628.js attached SourceMap\n<s> [webpack.Progress] 92% sealing asset processing SourceMapDevToolPlugin 7378.7ea8eedad174ddf271d0.js attach SourceMap\n<s> [webpack.Progress] 92% sealing asset processing SourceMapDevToolPlugin 7378.7ea8eedad174ddf271d0.js attached SourceMap\n<s> [webpack.Progress] 92% sealing asset processing SourceMapDevToolPlugin 5609.9683e381bf98a8f14744.js attach SourceMap\n<s> [webpack.Progress] 92% sealing asset processing SourceMapDevToolPlugin 5609.9683e381bf98a8f14744.js attached SourceMap\n<s> [webpack.Progress] 92% sealing asset processing SourceMapDevToolPlugin 4113.0aa39c5b240c73da0dbb.js attach SourceMap\n<s> [webpack.Progress] 92% sealing asset processing SourceMapDevToolPlugin 4113.0aa39c5b240c73da0dbb.js attached SourceMap\n<s> [webpack.Progress] 92% sealing asset processing SourceMapDevToolPlugin 4859.acc75fd3dbaf325a718f.js attach SourceMap\n<s> [webpack.Progress] 92% sealing asset processing SourceMapDevToolPlugin 4859.acc75fd3dbaf325a718f.js attached SourceMap\n<s> [webpack.Progress] 92% sealing asset processing SourceMapDevToolPlugin 836.d88d350a9191af86e09d.js attach SourceMap\n<s> [webpack.Progress] 92% sealing asset processing SourceMapDevToolPlugin 836.d88d350a9191af86e09d.js attached SourceMap\n<s> [webpack.Progress] 92% sealing asset processing SourceMapDevToolPlugin 1476.5aafc55fa3d5f1738552.js attach SourceMap\n<s> [webpack.Progress] 92% sealing asset processing SourceMapDevToolPlugin 1476.5aafc55fa3d5f1738552.js attached SourceMap\n<s> [webpack.Progress] 92% sealing asset processing SourceMapDevToolPlugin 2317.b03c1ff7c974c04cf43e.js attach SourceMap\n<s> [webpack.Progress] 92% sealing asset processing SourceMapDevToolPlugin 2317.b03c1ff7c974c04cf43e.js attached SourceMap\n<s> [webpack.Progress] 92% sealing asset processing SourceMapDevToolPlugin 4939.bb41c4c4294db9c65c4f.js attach SourceMap\n<s> [webpack.Progress] 92% sealing asset processing SourceMapDevToolPlugin 4939.bb41c4c4294db9c65c4f.js attached SourceMap\n<s> [webpack.Progress] 92% sealing asset processing SourceMapDevToolPlugin 4162.5d671f33c383a7a81147.js attach SourceMap\n<s> [webpack.Progress] 92% sealing asset processing SourceMapDevToolPlugin 4162.5d671f33c383a7a81147.js attached SourceMap\n<s> [webpack.Progress] 92% sealing asset processing SourceMapDevToolPlugin 5466.a812166d75b4518e04b6.js attach SourceMap\n<s> [webpack.Progress] 92% sealing asset processing SourceMapDevToolPlugin 5466.a812166d75b4518e04b6.js attached SourceMap\n<s> [webpack.Progress] 92% sealing asset processing SourceMapDevToolPlugin 7219.b5d828153d854be8ddae.js attach SourceMap\n<s> [webpack.Progress] 92% sealing asset processing SourceMapDevToolPlugin 7219.b5d828153d854be8ddae.js attached SourceMap\n<s> [webpack.Progress] 92% sealing asset processing SourceMapDevToolPlugin js-5fa74877.a979560a0bc977c529ea.js attach SourceMap\n<s> [webpack.Progress] 92% sealing asset processing SourceMapDevToolPlugin js-5fa74877.a979560a0bc977c529ea.js attached SourceMap\n<s> [webpack.Progress] 92% sealing asset processing SourceMapDevToolPlugin js-2c7117ce.b5df8fa1c2312bf5e2db.js attach SourceMap\n<s> [webpack.Progress] 92% sealing asset processing SourceMapDevToolPlugin js-2c7117ce.b5df8fa1c2312bf5e2db.js attached SourceMap\n<s> [webpack.Progress] 92% sealing asset processing SourceMapDevToolPlugin js-84e32abe.ef85825cd857b90d27c4.js attach SourceMap\n<s> [webpack.Progress] 92% sealing asset processing SourceMapDevToolPlugin js-84e32abe.ef85825cd857b90d27c4.js attached SourceMap\n<s> [webpack.Progress] 92% sealing asset processing SourceMapDevToolPlugin js-71051298.9e8aab43c2ed2b3aa40c.js attach SourceMap\n<s> [webpack.Progress] 92% sealing asset processing SourceMapDevToolPlugin js-71051298.9e8aab43c2ed2b3aa40c.js attached SourceMap\n<s> [webpack.Progress] 92% sealing asset processing SourceMapDevToolPlugin js-319e4a23.f6dc02f820b63d9cbfba.js attach SourceMap\n<s> [webpack.Progress] 92% sealing asset processing SourceMapDevToolPlugin js-319e4a23.f6dc02f820b63d9cbfba.js attached SourceMap\n<s> [webpack.Progress] 92% sealing asset processing SourceMapDevToolPlugin vendor-cdd60c62.99bf8381c619825283e0.js attach SourceMap\n<s> [webpack.Progress] 92% sealing asset processing SourceMapDevToolPlugin vendor-cdd60c62.99bf8381c619825283e0.js attached SourceMap\n<s> [webpack.Progress] 92% sealing asset processing SourceMapDevToolPlugin vendor-d2eb5610.0193a0168c8aeb08b8ed.js attach SourceMap\n<s> [webpack.Progress] 92% sealing asset processing SourceMapDevToolPlugin vendor-d2eb5610.0193a0168c8aeb08b8ed.js attached SourceMap\n<s> [webpack.Progress] 92% sealing asset processing SourceMapDevToolPlugin vendor-efdee510.6e23ab7bf438a76407ad.js attach SourceMap\n<s> [webpack.Progress] 92% sealing asset processing SourceMapDevToolPlugin vendor-efdee510.6e23ab7bf438a76407ad.js attached SourceMap\n<s> [webpack.Progress] 92% sealing asset processing SourceMapDevToolPlugin vendor-24e2b4df.d68d64e92c761ac0d0b5.js attach SourceMap\n<s> [webpack.Progress] 92% sealing asset processing SourceMapDevToolPlugin vendor-24e2b4df.d68d64e92c761ac0d0b5.js attached SourceMap\n<s> [webpack.Progress] 92% sealing asset processing SourceMapDevToolPlugin vendor-6fff978b.5021dfe8769b936389e2.js attach SourceMap\n<s> [webpack.Progress] 92% sealing asset processing SourceMapDevToolPlugin vendor-6fff978b.5021dfe8769b936389e2.js attached SourceMap\n<s> [webpack.Progress] 92% sealing asset processing SourceMapDevToolPlugin vendor-9241dc7c.bd8dcf0c5a226f934fb7.js attach SourceMap\n<s> [webpack.Progress] 92% sealing asset processing SourceMapDevToolPlugin vendor-9241dc7c.bd8dcf0c5a226f934fb7.js attached SourceMap\n<s> [webpack.Progress] 92% sealing asset processing SourceMapDevToolPlugin vendor-059be3de.596e5383ad27ba9bb548.js attach SourceMap\n<s> [webpack.Progress] 92% sealing asset processing SourceMapDevToolPlugin vendor-059be3de.596e5383ad27ba9bb548.js attached SourceMap\n<s> [webpack.Progress] 92% sealing asset processing SourceMapDevToolPlugin vendor-2dee8ca3.f7ed6010faf63102ef3d.js attach SourceMap\n<s> [webpack.Progress] 92% sealing asset processing SourceMapDevToolPlugin vendor-2dee8ca3.f7ed6010faf63102ef3d.js attached SourceMap\n<s> [webpack.Progress] 92% sealing asset processing SourceMapDevToolPlugin vendor-9fdd03a1.cf0c991f376c4bb78c02.js attach SourceMap\n<s> [webpack.Progress] 92% sealing asset processing SourceMapDevToolPlugin vendor-9fdd03a1.cf0c991f376c4bb78c02.js attached SourceMap\n<s> [webpack.Progress] 92% sealing asset processing SourceMapDevToolPlugin vendor-d55b92e6.76d1916b2125f18e2ed9.js attach SourceMap\n<s> [webpack.Progress] 92% sealing asset processing SourceMapDevToolPlugin vendor-d55b92e6.76d1916b2125f18e2ed9.js attached SourceMap\n<s> [webpack.Progress] 92% sealing asset processing SourceMapDevToolPlugin vendor-631f4c9e.20d8397b5f2ff1e4a1d3.js attach SourceMap\n<s> [webpack.Progress] 92% sealing asset processing SourceMapDevToolPlugin vendor-631f4c9e.20d8397b5f2ff1e4a1d3.js attached SourceMap\n<s> [webpack.Progress] 92% sealing asset processing SourceMapDevToolPlugin vendor-0c1fb56a.d3f19a82688aab33d0fd.js attach SourceMap\n<s> [webpack.Progress] 92% sealing asset processing SourceMapDevToolPlugin vendor-0c1fb56a.d3f19a82688aab33d0fd.js attached SourceMap\n<s> [webpack.Progress] 92% sealing asset processing SourceMapDevToolPlugin vendor-a58ebfdb.976c4c851519f0c01188.js attach SourceMap\n<s> [webpack.Progress] 92% sealing asset processing SourceMapDevToolPlugin vendor-a58ebfdb.976c4c851519f0c01188.js attached SourceMap\n<s> [webpack.Progress] 92% sealing asset processing SourceMapDevToolPlugin vendor-da2abae2.c32606d0899b123b0b5a.js attach SourceMap\n<s> [webpack.Progress] 92% sealing asset processing SourceMapDevToolPlugin vendor-da2abae2.c32606d0899b123b0b5a.js attached SourceMap\n<s> [webpack.Progress] 92% sealing asset processing SourceMapDevToolPlugin vendor-0bc0478e.574d0a052159cfa877c7.js attach SourceMap\n<s> [webpack.Progress] 92% sealing asset processing SourceMapDevToolPlugin vendor-0bc0478e.574d0a052159cfa877c7.js attached SourceMap\n<s> [webpack.Progress] 92% sealing asset processing SourceMapDevToolPlugin vendor-d96105ec.ce6a417b51c3b321b043.js attach SourceMap\n<s> [webpack.Progress] 92% sealing asset processing SourceMapDevToolPlugin vendor-d96105ec.ce6a417b51c3b321b043.js attached SourceMap\n<s> [webpack.Progress] 92% sealing asset processing SourceMapDevToolPlugin vendor-eaa8b4e8.07dbbf931bb70191bde5.js attach SourceMap\n<s> [webpack.Progress] 92% sealing asset processing SourceMapDevToolPlugin vendor-eaa8b4e8.07dbbf931bb70191bde5.js attached SourceMap\n<s> [webpack.Progress] 92% sealing asset processing SourceMapDevToolPlugin vendor-229eafb5.fe334aae05af1617983f.js attach SourceMap\n<s> [webpack.Progress] 92% sealing asset processing SourceMapDevToolPlugin vendor-229eafb5.fe334aae05af1617983f.js attached SourceMap\n<s> [webpack.Progress] 92% sealing asset processing SourceMapDevToolPlugin 8554.1c9ea9308187c84ba3e2.js attach SourceMap\n<s> [webpack.Progress] 92% sealing asset processing SourceMapDevToolPlugin 8554.1c9ea9308187c84ba3e2.js attached SourceMap\n<s> [webpack.Progress] 92% sealing asset processing SourceMapDevToolPlugin 1245.8075c1d688ad30c82e99.js attach SourceMap\n<s> [webpack.Progress] 92% sealing asset processing SourceMapDevToolPlugin 1245.8075c1d688ad30c82e99.js attached SourceMap\n<s> [webpack.Progress] 92% sealing asset processing SourceMapDevToolPlugin 1089.440aeb8bd82290e85333.js attach SourceMap\n<s> [webpack.Progress] 92% sealing asset processing SourceMapDevToolPlugin 1089.440aeb8bd82290e85333.js attached SourceMap\n<s> [webpack.Progress] 92% sealing asset processing SourceMapDevToolPlugin 3527.2a6f190c9dff35391f4b.js attach SourceMap\n<s> [webpack.Progress] 92% sealing asset processing SourceMapDevToolPlugin 3527.2a6f190c9dff35391f4b.js attached SourceMap\n<s> [webpack.Progress] 92% sealing asset processing SourceMapDevToolPlugin 4305.688fc1d04bae7bed8bdb.js attach SourceMap\n<s> [webpack.Progress] 92% sealing asset processing SourceMapDevToolPlugin 4305.688fc1d04bae7bed8bdb.js attached SourceMap\n<s> [webpack.Progress] 92% sealing asset processing SourceMapDevToolPlugin 9523.f1731cc8bbfdb5854efc.js attach SourceMap\n<s> [webpack.Progress] 92% sealing asset processing SourceMapDevToolPlugin 9523.f1731cc8bbfdb5854efc.js attached SourceMap\n<s> [webpack.Progress] 92% sealing asset processing SourceMapDevToolPlugin 9525.ffcdffc7f67d3ddbcd3c.js attach SourceMap\n<s> [webpack.Progress] 92% sealing asset processing SourceMapDevToolPlugin 9525.ffcdffc7f67d3ddbcd3c.js attached SourceMap\n<s> [webpack.Progress] 92% sealing asset processing SourceMapDevToolPlugin 782.30539d47d49a433c20a7.js attach SourceMap\n<s> [webpack.Progress] 92% sealing asset processing SourceMapDevToolPlugin 782.30539d47d49a433c20a7.js attached SourceMap\n<s> [webpack.Progress] 92% sealing asset processing SourceMapDevToolPlugin 2913.6b7d99671ad736d46db2.js attach SourceMap\n<s> [webpack.Progress] 92% sealing asset processing SourceMapDevToolPlugin 2913.6b7d99671ad736d46db2.js attached SourceMap\n<s> [webpack.Progress] 92% sealing asset processing SourceMapDevToolPlugin 1189.afa0c31d6eae66c2db57.js attach SourceMap\n<s> [webpack.Progress] 92% sealing asset processing SourceMapDevToolPlugin 1189.afa0c31d6eae66c2db57.js attached SourceMap\n<s> [webpack.Progress] 92% sealing asset processing SourceMapDevToolPlugin 7786.e3670129cbffdc1bf1e6.js attach SourceMap\n<s> [webpack.Progress] 92% sealing asset processing SourceMapDevToolPlugin 7786.e3670129cbffdc1bf1e6.js attached SourceMap\n<s> [webpack.Progress] 92% sealing asset processing SourceMapDevToolPlugin 4065.e99cf508fcaf5c5ac52e.js attach SourceMap\n<s> [webpack.Progress] 92% sealing asset processing SourceMapDevToolPlugin 4065.e99cf508fcaf5c5ac52e.js attached SourceMap\n<s> [webpack.Progress] 92% sealing asset processing SourceMapDevToolPlugin 8945.d98c9db188c2f311551d.js attach SourceMap\n<s> [webpack.Progress] 92% sealing asset processing SourceMapDevToolPlugin 8945.d98c9db188c2f311551d.js attached SourceMap\n<s> [webpack.Progress] 92% sealing asset processing SourceMapDevToolPlugin 4439.27bb8db0ad37f7af304d.js attach SourceMap\n<s> [webpack.Progress] 92% sealing asset processing SourceMapDevToolPlugin 4439.27bb8db0ad37f7af304d.js attached SourceMap\n<s> [webpack.Progress] 92% sealing asset processing SourceMapDevToolPlugin 8381.2e19ad873bb3dbfd322f.js attach SourceMap\n<s> [webpack.Progress] 92% sealing asset processing SourceMapDevToolPlugin 8381.2e19ad873bb3dbfd322f.js attached SourceMap\n<s> [webpack.Progress] 92% sealing asset processing SourceMapDevToolPlugin 388.3b4f0dd4414fd87b2c62.js attach SourceMap\n<s> [webpack.Progress] 92% sealing asset processing SourceMapDevToolPlugin 388.3b4f0dd4414fd87b2c62.js attached SourceMap\n<s> [webpack.Progress] 92% sealing asset processing SourceMapDevToolPlugin 9754.dee8bd36dd483b6113f3.js attach SourceMap\n<s> [webpack.Progress] 92% sealing asset processing SourceMapDevToolPlugin 9754.dee8bd36dd483b6113f3.js attached SourceMap\n<s> [webpack.Progress] 92% sealing asset processing SourceMapDevToolPlugin\n<s> [webpack.Progress] 92% sealing asset processing SourceMapDevToolPlugin\n<s> [webpack.Progress] 92% sealing asset processing SourceMapDevToolPlugin resolve sources\n<s> [webpack.Progress] 92% sealing asset processing SourceMapDevToolPlugin\n<s> [webpack.Progress] 92% sealing asset processing RealContentHashPlugin\n<s> [webpack.Progress] 92% sealing asset processing RealContentHashPlugin\n<s> [webpack.Progress] 92% sealing asset processing RealContentHashPlugin usb-permissions.276d3937ce9d41f04055.js generate SourceMap\n<s> [webpack.Progress] 92% sealing asset processing RealContentHashPlugin usb-permissions.276d3937ce9d41f04055.js generated SourceMap\n<s> [webpack.Progress] 92% sealing asset processing RealContentHashPlugin 6401.fd0961664f365a281da4.js generate SourceMap\n<s> [webpack.Progress] 92% sealing asset processing RealContentHashPlugin 6401.fd0961664f365a281da4.js generated SourceMap\n<s> [webpack.Progress] 92% sealing asset processing RealContentHashPlugin 5593.b3aa0c465d79da10619e.js generate SourceMap\n<s> [webpack.Progress] 92% sealing asset processing RealContentHashPlugin 5593.b3aa0c465d79da10619e.js generated SourceMap\n<s> [webpack.Progress] 92% sealing asset processing RealContentHashPlugin 7115.b2e2a6fedded1fd317fb.js generate SourceMap\n<s> [webpack.Progress] 92% sealing asset processing RealContentHashPlugin 7115.b2e2a6fedded1fd317fb.js generated SourceMap\n<s> [webpack.Progress] 92% sealing asset processing RealContentHashPlugin resolve sources\n<s> [webpack.Progress] 92% sealing asset processing RealContentHashPlugin\n<s> [webpack.Progress] 92% sealing asset processing html-bundler-webpack-plugin\n<s> [webpack.Progress] 92% sealing asset processing ManifestPlugin\n<s> [webpack.Progress] 92% sealing asset processing ManifestPlugin\n<s> [webpack.Progress] 92% sealing asset processing ManifestPlugin chrome/snaps/bundle.js generate SourceMap\n<s> [webpack.Progress] 92% sealing asset processing ManifestPlugin chrome/snaps/bundle.js generated SourceMap\n<s> [webpack.Progress] 92% sealing asset processing ManifestPlugin chrome/usb-permissions.276d3937ce9d41f04055.js generate SourceMap\n<s> [webpack.Progress] 92% sealing asset processing ManifestPlugin chrome/usb-permissions.276d3937ce9d41f04055.js generated SourceMap\n<s> [webpack.Progress] 92% sealing asset processing ManifestPlugin chrome/6401.fd0961664f365a281da4.js generate SourceMap\n<s> [webpack.Progress] 92% sealing asset processing ManifestPlugin chrome/6401.fd0961664f365a281da4.js generated SourceMap\n<s> [webpack.Progress] 92% sealing asset processing ManifestPlugin chrome/5593.b3aa0c465d79da10619e.js generate SourceMap\n<s> [webpack.Progress] 92% sealing asset processing ManifestPlugin chrome/5593.b3aa0c465d79da10619e.js generated SourceMap\n<s> [webpack.Progress] 92% sealing asset processing ManifestPlugin chrome/7115.b2e2a6fedded1fd317fb.js generate SourceMap\n<s> [webpack.Progress] 92% sealing asset processing ManifestPlugin chrome/7115.b2e2a6fedded1fd317fb.js generated SourceMap\n<s> [webpack.Progress] 92% sealing asset processing ManifestPlugin resolve sources\n<s> [webpack.Progress] 92% sealing asset processing ManifestPlugin\n<s> [webpack.Progress] 92% sealing asset processing\n<s> [webpack.Progress] 93% sealing after asset optimization\n<s> [webpack.Progress] 93% sealing after asset optimization\n<s> [webpack.Progress] 93% sealing recording\n<s> [webpack.Progress] 93% sealing recording\n<s> [webpack.Progress] 94% sealing after seal\n<s> [webpack.Progress] 94% sealing after seal\n<s> [webpack.Progress] 95% emitting emit\n<s> [webpack.Progress] 95% emitting emit CleanPlugin\n<s> [webpack.Progress] 95% emitting emit\nmm-harness | extension prepare\nmm-harness | full log: /Users/deeeed/dev/metamask/metamask-extension-1/temp/recipe/harness/extension/live/20260909T044858Z/launch/logs/launch.log\nmm-harness | full stream: mm-harness logs --full\n\n  * webpack 92% sealing asset processing ManifestPlugin chrome/7115.b2e2a6fedded1fd317fb.js generated SourceMap\n  * webpack 92% sealing asset processing ManifestPlugin resolve sources\n  * webpack 92% sealing asset processing ManifestPlugin\n  * webpack 92% sealing asset processing\n  * webpack 93% sealing after asset optimization\n  * webpack 93% sealing recording\n  * webpack 94% sealing after seal\n  * webpack 95% emitting emit\n  * webpack 95% emitting emit CleanPlugin\n  * webpack 95% emitting emit\n<s> [webpack.Progress] 98% emitting after emit\n<s> [webpack.Progress] 98% emitting after emit html-bundler-webpack-plugin\n<s> [webpack.Progress] 98% emitting after emit SizeLimitsPlugin\n<s> [webpack.Progress] 98% emitting after emit\n<s> [webpack.Progress] 99% done plugins\n<s> [webpack.Progress] 99% done plugins html-bundler-webpack-plugin\n<s> [webpack.Progress] 99% done plugins\n<s> [webpack.Progress] 99% \n\n<s> [webpack.Progress] 99% cache store build dependencies\n<s> [webpack.Progress] 99% cache store build dependencies\n<s> [webpack.Progress] 99% cache begin idle\n<s> [webpack.Progress] 99% cache begin idle\n<s> [webpack.Progress] 100% \n\nWARNING in asset size limit: The following asset(s) exceed the recommended size limit (4 MiB).\nThis can impact web performance.\nAssets: \n  chrome/c73eb46ffdb2d28382ea.json (4.01 MiB)\n\nWARNING in entrypoint size limit: The following entrypoint(s) combined asset size exceeds the recommended limit (244 KiB). This can impact web performance.\nEntrypoints:\n  scripts/contentscript.js (1.28 MiB)\n      chrome/scripts/contentscript.js\n  scripts/inpage.js (344 KiB)\n      chrome/scripts/inpage.js\n  vendor/trezor/content-script.js (304 KiB)\n      chrome/vendor/trezor/content-script.js\n  service-worker.ts (1.41 MiB)\n      chrome/service-worker.js\n  home (15.1 MiB)\n      chrome/runtime.d4face84a0d27da142e7.js\n      chrome/js-5fa74877.4f3d7511bcc7df529566.js\n      chrome/js-2c7117ce.5055302a9c7eaf05a339.js\n      chrome/js-84e32abe.12b3953f9de295afbc86.js\n      chrome/js-71051298.6b089a64476d34430b50.js\n      chrome/js-319e4a23.4bf59a16c95a0e995e04.js\n      chrome/js-de2d6f9a.1cb1095c5fcd1b6cc84e.js\n      chrome/vendor-cdd60c62.69fa6ca3984ef02b8846.js\n      chrome/vendor-d2eb5610.dd4a75e9692c135439d8.js\n      chrome/vendor-efdee510.92e39d5f42d0f4f9cd88.js\n      chrome/vendor-24e2b4df.98c69e4a7e52cc6b4b02.js\n      chrome/vendor-6fff978b.22dc14bf2594b23be101.js\n      chrome/vendor-9241dc7c.d2a954f81eef872ef6ca.js\n      chrome/vendor-059be3de.072aae0f28e17fcc2c72.js\n      chrome/vendor-2dee8ca3.6ea03d299f7e58524892.js\n      chrome/vendor-9fdd03a1.ccd96eeb42a45746fb64.js\n      chrome/vendor-d55b92e6.443cbdbb483d4b745e4e.js\n      chrome/vendor-631f4c9e.e90c4ce60f950fa3fd71.js\n      chrome/vendor-0c1fb56a.d93c42d05b13af9d4503.js\n      chrome/vendor-a58ebfdb.f41dbbe231edc133b1b8.js\n      chrome/vendor-da2abae2.40bff82e4da7b12295e5.js\n      chrome/vendor-0bc0478e.91b94c0c8de72768f1bd.js\n      chrome/vendor-d96105ec.a77bd8e190ba179bcc86.js\n      chrome/vendor-eaa8b4e8.fc482fe612403258b557.js\n      chrome/vendor-229eafb5.6aef6a8ea5fe9e018751.js\n      chrome/vendor-a5ce148e.ae9f20a3c57e80bfacf6.js\n      chrome/home.html\n      chrome/index.css\n  loading (805 KiB)\n      chrome/runtime.d4face84a0d27da142e7.js\n      chrome/loading.html\n  notification (14.3 MiB)\n      chrome/runtime.d4face84a0d27da142e7.js\n      chrome/js-5fa74877.4f3d7511bcc7df529566.js\n      chrome/js-2c7117ce.5055302a9c7eaf05a339.js\n      chrome/js-84e32abe.12b3953f9de295afbc86.js\n      chrome/js-71051298.6b089a64476d34430b50.js\n      chrome/js-319e4a23.4bf59a16c95a0e995e04.js\n      chrome/js-de2d6f9a.1cb1095c5fcd1b6cc84e.js\n      chrome/vendor-cdd60c62.69fa6ca3984ef02b8846.js\n      chrome/vendor-d2eb5610.dd4a75e9692c135439d8.js\n      chrome/vendor-efdee510.92e39d5f42d0f4f9cd88.js\n      chrome/vendor-24e2b4df.98c69e4a7e52cc6b4b02.js\n      chrome/vendor-6fff978b.22dc14bf2594b23be101.js\n      chrome/vendor-9241dc7c.d2a954f81eef872ef6ca.js\n      chrome/vendor-059be3de.072aae0f28e17fcc2c72.js\n      chrome/vendor-2dee8ca3.6ea03d299f7e58524892.js\n      chrome/vendor-9fdd03a1.ccd96eeb42a45746fb64.js\n      chrome/vendor-d55b92e6.443cbdbb483d4b745e4e.js\n      chrome/vendor-631f4c9e.e90c4ce60f950fa3fd71.js\n      chrome/vendor-0c1fb56a.d93c42d05b13af9d4503.js\n      chrome/vendor-a58ebfdb.f41dbbe231edc133b1b8.js\n      chrome/vendor-da2abae2.40bff82e4da7b12295e5.js\n      chrome/vendor-0bc0478e.91b94c0c8de72768f1bd.js\n      chrome/vendor-d96105ec.a77bd8e190ba179bcc86.js\n      chrome/vendor-eaa8b4e8.fc482fe612403258b557.js\n      chrome/vendor-229eafb5.6aef6a8ea5fe9e018751.js\n      chrome/vendor-a5ce148e.ae9f20a3c57e80bfacf6.js\n      chrome/notification.html\n  popup-init (804 KiB)\n      chrome/runtime.d4face84a0d27da142e7.js\n      chrome/popup-init.html\n  popup (14.3 MiB)\n      chrome/runtime.d4face84a0d27da142e7.js\n      chrome/js-5fa74877.4f3d7511bcc7df529566.js\n      chrome/js-2c7117ce.5055302a9c7eaf05a339.js\n      chrome/js-84e32abe.12b3953f9de295afbc86.js\n      chrome/js-71051298.6b089a64476d34430b50.js\n      chrome/js-319e4a23.4bf59a16c95a0e995e04.js\n      chrome/js-de2d6f9a.1cb1095c5fcd1b6cc84e.js\n      chrome/vendor-cdd60c62.69fa6ca3984ef02b8846.js\n      chrome/vendor-d2eb5610.dd4a75e9692c135439d8.js\n      chrome/vendor-efdee510.92e39d5f42d0f4f9cd88.js\n      chrome/vendor-24e2b4df.98c69e4a7e52cc6b4b02.js\n      chrome/vendor-6fff978b.22dc14bf2594b23be101.js\n      chrome/vendor-9241dc7c.d2a954f81eef872ef6ca.js\n      chrome/vendor-059be3de.072aae0f28e17fcc2c72.js\n      chrome/vendor-2dee8ca3.6ea03d299f7e58524892.js\n      chrome/vendor-9fdd03a1.ccd96eeb42a45746fb64.js\n      chrome/vendor-d55b92e6.443cbdbb483d4b745e4e.js\n      chrome/vendor-631f4c9e.e90c4ce60f950fa3fd71.js\n      chrome/vendor-0c1fb56a.d93c42d05b13af9d4503.js\n      chrome/vendor-a58ebfdb.f41dbbe231edc133b1b8.js\n      chrome/vendor-da2abae2.40bff82e4da7b12295e5.js\n      chrome/vendor-0bc0478e.91b94c0c8de72768f1bd.js\n      chrome/vendor-d96105ec.a77bd8e190ba179bcc86.js\n      chrome/vendor-eaa8b4e8.fc482fe612403258b557.js\n      chrome/vendor-229eafb5.6aef6a8ea5fe9e018751.js\n      chrome/vendor-a5ce148e.ae9f20a3c57e80bfacf6.js\n      chrome/popup.html\n  sidepanel (14.3 MiB)\n      chrome/runtime.d4face84a0d27da142e7.js\n      chrome/js-5fa74877.4f3d7511bcc7df529566.js\n      chrome/js-2c7117ce.5055302a9c7eaf05a339.js\n      chrome/js-84e32abe.12b3953f9de295afbc86.js\n      chrome/js-71051298.6b089a64476d34430b50.js\n      chrome/js-319e4a23.4bf59a16c95a0e995e04.js\n      chrome/js-de2d6f9a.1cb1095c5fcd1b6cc84e.js\n      chrome/vendor-cdd60c62.69fa6ca3984ef02b8846.js\n      chrome/vendor-d2eb5610.dd4a75e9692c135439d8.js\n      chrome/vendor-efdee510.92e39d5f42d0f4f9cd88.js\n      chrome/vendor-24e2b4df.98c69e4a7e52cc6b4b02.js\n      chrome/vendor-6fff978b.22dc14bf2594b23be101.js\n      chrome/vendor-9241dc7c.d2a954f81eef872ef6ca.js\n      chrome/vendor-059be3de.072aae0f28e17fcc2c72.js\n      chrome/vendor-2dee8ca3.6ea03d299f7e58524892.js\n      chrome/vendor-9fdd03a1.ccd96eeb42a45746fb64.js\n      chrome/vendor-d55b92e6.443cbdbb483d4b745e4e.js\n      chrome/vendor-631f4c9e.e90c4ce60f950fa3fd71.js\n      chrome/vendor-0c1fb56a.d93c42d05b13af9d4503.js\n      chrome/vendor-a58ebfdb.f41dbbe231edc133b1b8.js\n      chrome/vendor-da2abae2.40bff82e4da7b12295e5.js\n      chrome/vendor-0bc0478e.91b94c0c8de72768f1bd.js\n      chrome/vendor-d96105ec.a77bd8e190ba179bcc86.js\n      chrome/vendor-eaa8b4e8.fc482fe612403258b557.js\n      chrome/vendor-229eafb5.6aef6a8ea5fe9e018751.js\n      chrome/vendor-a5ce148e.ae9f20a3c57e80bfacf6.js\n      chrome/sidepanel.html\n  offscreen (14.3 MiB)\n      chrome/runtime.d4face84a0d27da142e7.js\n      chrome/js-5fa74877.4f3d7511bcc7df529566.js\n      chrome/js-2c7117ce.5055302a9c7eaf05a339.js\n      chrome/js-84e32abe.12b3953f9de295afbc86.js\n      chrome/js-71051298.6b089a64476d34430b50.js\n      chrome/js-319e4a23.4bf59a16c95a0e995e04.js\n      chrome/js-de2d6f9a.1cb1095c5fcd1b6cc84e.js\n      chrome/vendor-cdd60c62.69fa6ca3984ef02b8846.js\n      chrome/vendor-d2eb5610.dd4a75e9692c135439d8.js\n      chrome/vendor-efdee510.92e39d5f42d0f4f9cd88.js\n      chrome/vendor-24e2b4df.98c69e4a7e52cc6b4b02.js\n      chrome/vendor-6fff978b.22dc14bf2594b23be101.js\n      chrome/vendor-9241dc7c.d2a954f81eef872ef6ca.js\n      chrome/vendor-059be3de.072aae0f28e17fcc2c72.js\n      chrome/vendor-2dee8ca3.6ea03d299f7e58524892.js\n      chrome/vendor-9fdd03a1.ccd96eeb42a45746fb64.js\n      chrome/vendor-d55b92e6.443cbdbb483d4b745e4e.js\n      chrome/vendor-631f4c9e.e90c4ce60f950fa3fd71.js\n      chrome/vendor-0c1fb56a.d93c42d05b13af9d4503.js\n      chrome/vendor-a58ebfdb.f41dbbe231edc133b1b8.js\n      chrome/vendor-da2abae2.40bff82e4da7b12295e5.js\n      chrome/vendor-0bc0478e.91b94c0c8de72768f1bd.js\n      chrome/vendor-d96105ec.a77bd8e190ba179bcc86.js\n      chrome/vendor-eaa8b4e8.fc482fe612403258b557.js\n      chrome/vendor-229eafb5.6aef6a8ea5fe9e018751.js\n      chrome/vendor-a5ce148e.ae9f20a3c57e80bfacf6.js\n      chrome/offscreen.html\n  trezor-usb-permissions (4.12 MiB)\n      chrome/runtime.d4face84a0d27da142e7.js\n      chrome/js-5fa74877.4f3d7511bcc7df529566.js\n      chrome/js-2c7117ce.5055302a9c7eaf05a339.js\n      chrome/js-84e32abe.12b3953f9de295afbc86.js\n      chrome/js-71051298.6b089a64476d34430b50.js\n      chrome/js-319e4a23.4bf59a16c95a0e995e04.js\n      chrome/js-de2d6f9a.1cb1095c5fcd1b6cc84e.js\n      chrome/trezor-usb-permissions.html\n  bootstrap (667 KiB)\n      chrome/bootstrap.f78259bb8065324d06ae.js\n  ui (15.2 MiB)\n      chrome/runtime.d4face84a0d27da142e7.js\n      chrome/js-5fa74877.4f3d7511bcc7df529566.js\n      chrome/js-2c7117ce.5055302a9c7eaf05a339.js\n      chrome/js-84e32abe.12b3953f9de295afbc86.js\n      chrome/js-71051298.6b089a64476d34430b50.js\n      chrome/js-319e4a23.4bf59a16c95a0e995e04.js\n      chrome/js-de2d6f9a.1cb1095c5fcd1b6cc84e.js\n      chrome/vendor-cdd60c62.69fa6ca3984ef02b8846.js\n      chrome/vendor-d2eb5610.dd4a75e9692c135439d8.js\n      chrome/vendor-efdee510.92e39d5f42d0f4f9cd88.js\n      chrome/vendor-24e2b4df.98c69e4a7e52cc6b4b02.js\n      chrome/vendor-6fff978b.22dc14bf2594b23be101.js\n      chrome/vendor-9241dc7c.d2a954f81eef872ef6ca.js\n      chrome/vendor-059be3de.072aae0f28e17fcc2c72.js\n      chrome/vendor-2dee8ca3.6ea03d299f7e58524892.js\n      chrome/vendor-9fdd03a1.ccd96eeb42a45746fb64.js\n      chrome/vendor-d55b92e6.443cbdbb483d4b745e4e.js\n      chrome/vendor-631f4c9e.e90c4ce60f950fa3fd71.js\n      chrome/vendor-0c1fb56a.d93c42d05b13af9d4503.js\n      chrome/vendor-a58ebfdb.f41dbbe231edc133b1b8.js\n      chrome/vendor-da2abae2.40bff82e4da7b12295e5.js\n      chrome/vendor-0bc0478e.91b94c0c8de72768f1bd.js\n      chrome/vendor-d96105ec.a77bd8e190ba179bcc86.js\n      chrome/vendor-eaa8b4e8.fc482fe612403258b557.js\n      chrome/vendor-229eafb5.6aef6a8ea5fe9e018751.js\n      chrome/vendor-a5ce148e.ae9f20a3c57e80bfacf6.js\n      chrome/ui.de5bd189a475f7f8a757.js\n  offscreen.1 (15.3 MiB)\n      chrome/runtime.d4face84a0d27da142e7.js\n      chrome/js-5fa74877.4f3d7511bcc7df529566.js\n      chrome/js-2c7117ce.5055302a9c7eaf05a339.js\n      chrome/js-84e32abe.12b3953f9de295afbc86.js\n      chrome/js-71051298.6b089a64476d34430b50.js\n      chrome/js-319e4a23.4bf59a16c95a0e995e04.js\n      chrome/js-de2d6f9a.1cb1095c5fcd1b6cc84e.js\n      chrome/vendor-cdd60c62.69fa6ca3984ef02b8846.js\n      chrome/vendor-d2eb5610.dd4a75e9692c135439d8.js\n      chrome/vendor-efdee510.92e39d5f42d0f4f9cd88.js\n      chrome/vendor-24e2b4df.98c69e4a7e52cc6b4b02.js\n      chrome/vendor-6fff978b.22dc14bf2594b23be101.js\n      chrome/vendor-9241dc7c.d2a954f81eef872ef6ca.js\n      chrome/vendor-059be3de.072aae0f28e17fcc2c72.js\n      chrome/vendor-2dee8ca3.6ea03d299f7e58524892.js\n      chrome/vendor-9fdd03a1.ccd96eeb42a45746fb64.js\n      chrome/vendor-d55b92e6.443cbdbb483d4b745e4e.js\n      chrome/vendor-631f4c9e.e90c4ce60f950fa3fd71.js\n      chrome/vendor-0c1fb56a.d93c42d05b13af9d4503.js\n      chrome/vendor-a58ebfdb.f41dbbe231edc133b1b8.js\n      chrome/vendor-da2abae2.40bff82e4da7b12295e5.js\n      chrome/vendor-0bc0478e.91b94c0c8de72768f1bd.js\n      chrome/vendor-d96105ec.a77bd8e190ba179bcc86.js\n      chrome/vendor-eaa8b4e8.fc482fe612403258b557.js\n      chrome/vendor-229eafb5.6aef6a8ea5fe9e018751.js\n      chrome/vendor-a5ce148e.ae9f20a3c57e80bfacf6.js\n      chrome/offscreen.1.5ab98738cf49739e958c.js\n  usb-permissions (4.12 MiB)\n      chrome/runtime.d4face84a0d27da142e7.js\n      chrome/js-5fa74877.4f3d7511bcc7df529566.js\n      chrome/js-2c7117ce.5055302a9c7eaf05a339.js\n      chrome/js-84e32abe.12b3953f9de295afbc86.js\n      chrome/js-71051298.6b089a64476d34430b50.js\n      chrome/js-319e4a23.4bf59a16c95a0e995e04.js\n      chrome/js-de2d6f9a.1cb1095c5fcd1b6cc84e.js\n      chrome/usb-permissions.276d3937ce9d41f04055.js\n\n🦊 MetaMask – production compiled with 2 warnings\n<s> [webpack.Progress] 99% cache shutdown\n<s> [webpack.Progress] 99% cache shutdown MemoryCachePlugin\n<s> [webpack.Progress] 99% cache shutdown\n<s> [webpack.Progress] 100% \n\n[recipe-harness] non-test LavaMoat build completed\nmm-harness | extension prepare\nmm-harness | full log: /Users/deeeed/dev/metamask/metamask-extension-1/temp/recipe/harness/extension/live/20260909T044858Z/launch/logs/launch.log\nmm-harness | full stream: mm-harness logs --full\n\n  * webpack 99%\n  * webpack 99% cache store build dependencies\n  * webpack 99% cache begin idle\n  * webpack 100%\n  * 🦊 MetaMask – production compiled with 2 warnings\n  * webpack 99% cache shutdown\n  * webpack 99% cache shutdown MemoryCachePlugin\n  * webpack 99% cache shutdown\n  * webpack 100%\n  * non-test LavaMoat build completed\nInfura readiness preflight passed for Ethereum and Linea.\n[recipe-harness] snapshotting dist -> runtime-dist: /Users/deeeed/dev/metamask/metamask-extension-1/temp/recipe/runtime/runtime-dist\n[recipe-harness] runtime-dist snapshot complete\nConfigured runtime Infura credentials through manifest flags.\nslot title macpro-mme-1: home.html, sidepanel.html\nmm-harness | extension prepare\nmm-harness | full log: /Users/deeeed/dev/metamask/metamask-extension-1/temp/recipe/harness/extension/live/20260909T044858Z/launch/logs/launch.log\nmm-harness | full stream: mm-harness logs --full\n\n  * webpack 99% cache begin idle\n  * webpack 100%\n  * 🦊 MetaMask – production compiled with 2 warnings\n  * webpack 99% cache shutdown\n  * webpack 99% cache shutdown MemoryCachePlugin\n  * webpack 99% cache shutdown\n  * webpack 100%\n  * non-test LavaMoat build completed\n  * snapshotting dist -> runtime-dist: /Users/deeeed/dev/metamask/metamask-extension-1/temp/recipe/runtime/runtime-dist\n  * runtime-dist snapshot complete\nmm-harness | extension prepare complete (92s)\nExtension harness launch pass: /Users/deeeed/dev/metamask/metamask-extension-1/temp/recipe/harness/extension/live/20260909T044858Z/launch/summary.json\n[recipe-harness] phase 2/2: live verify (readiness + smoke recipe)\ndist-freshness: unknown — no git id in dist or not a git checkout; cannot prove parity.\nbuild-health: no-watch — no webpack watch log; build-health n/a (e.g. one-shot build).\nFixture status: READY (temp/recipe/runtime/wallet-fixture.json).\nEVM_RPC_UNREACHABLE: EVM RPC readiness probe failed: Ethereum provider is unavailable. Infura configured ≠ RPC reachable.\nNext: Confirm '/Users/deeeed/dev/metamask/metamask-extension-1/.metamaskrc' has a real INFURA_PROJECT_ID (not 00000000000), then rerun: mm-harness launch --verify --target '/Users/deeeed/dev/metamask/metamask-extension-1'\nExtension harness verify fail: /Users/deeeed/dev/metamask/metamask-extension-1/temp/recipe/harness/extension/live/20260909T044858Z/verify/summary.json\nExtension live validation summary: /Users/deeeed/dev/metamask/metamask-extension-1/temp/recipe/harness/extension/live/20260909T044858Z/summary.json"
  }
}
