[recipe-harness] running prepare pipeline (watch/build, dist snapshot, browser, fixture seed)...
[env] node v24.13.0 from .tool-versions/.nvmrc via asdf (24.13.0)
[recipe-harness] clean non-test LavaMoat build
🦊 Running production build…
<s> [webpack.Progress] 0% 

<s> [webpack.Progress] 1% setup before run
<s> [webpack.Progress] 1% setup before run NodeEnvironmentPlugin
<s> [webpack.Progress] 1% setup before run LavaMoatPlugin
<s> [webpack.Progress] 1% setup before run
<s> [webpack.Progress] 2% setup run
<s> [webpack.Progress] 2% setup run
<s> [webpack.Progress] 4% setup normal module factory
<s> [webpack.Progress] 4% setup normal module factory
<s> [webpack.Progress] 5% setup context module factory
<s> [webpack.Progress] 5% setup context module factory
<s> [webpack.Progress] 6% setup before compile
<s> [webpack.Progress] 6% setup before compile ProgressPlugin
<s> [webpack.Progress] 6% setup before compile
<s> [webpack.Progress] 7% setup compile
<s> [webpack.Progress] 7% setup compile ExternalsPlugin
<s> [webpack.Progress] 7% setup compile
<s> [webpack.Progress] 8% setup compilation
<s> [webpack.Progress] 8% setup compilation html-bundler-webpack-plugin
<s> [webpack.Progress] 8% setup compilation CopyPlugin
<s> [webpack.Progress] 8% setup compilation LavaMoatPlugin
<s> [webpack.Progress] 8% setup compilation Layer
<s> [webpack.Progress] 8% setup compilation ArrayPushCallbackChunkFormatPlugin
<s> [webpack.Progress] 8% setup compilation JsonpChunkLoadingPlugin
<s> [webpack.Progress] 8% setup compilation StartupChunkDependenciesPlugin
<s> [webpack.Progress] 8% setup compilation ImportScriptsChunkLoadingPlugin
<s> [webpack.Progress] 8% setup compilation ExportPropertyLibraryPlugin
<s> [webpack.Progress] 8% setup compilation JsonpLibraryPlugin
<s> [webpack.Progress] 8% setup compilation WorkerPlugin
<s> [webpack.Progress] 8% setup compilation SplitChunksPlugin
<s> [webpack.Progress] 8% setup compilation RuntimeChunkPlugin
<s> [webpack.Progress] 8% setup compilation ResolverCachePlugin
<s> [webpack.Progress] 8% setup compilation
<s> [webpack.Progress] 9% setup compilation
<s> [webpack.Progress] 9% setup compilation ManifestPlugin
<s> [webpack.Progress] 9% setup compilation ProvidePlugin
<s> [webpack.Progress] 9% setup compilation ProgressPlugin
<s> [webpack.Progress] 9% setup compilation ExternalsPlugin
<s> [webpack.Progress] 9% setup compilation ChunkPrefetchPreloadPlugin
<s> [webpack.Progress] 9% setup compilation SourceMapDevToolPlugin
<s> [webpack.Progress] 9% setup compilation JavascriptModulesPlugin
<s> [webpack.Progress] 9% setup compilation JsonModulesPlugin
<s> [webpack.Progress] 9% setup compilation AssetModulesPlugin
<s> [webpack.Progress] 9% setup compilation EntryPlugin
<s> [webpack.Progress] 9% setup compilation EntryPlugin
<s> [webpack.Progress] 9% setup compilation EntryPlugin
<s> [webpack.Progress] 9% setup compilation EntryPlugin
<s> [webpack.Progress] 9% setup compilation EntryPlugin
<s> [webpack.Progress] 9% setup compilation EntryPlugin
<s> [webpack.Progress] 9% setup compilation EntryPlugin
<s> [webpack.Progress] 9% setup compilation EntryPlugin
<s> [webpack.Progress] 9% setup compilation EntryPlugin
<s> [webpack.Progress] 9% setup compilation EntryPlugin
<s> [webpack.Progress] 9% setup compilation EntryPlugin
<s> [webpack.Progress] 9% setup compilation EntryPlugin
<s> [webpack.Progress] 9% setup compilation RuntimePlugin
<s> [webpack.Progress] 9% setup compilation InferAsyncModulesPlugin
<s> [webpack.Progress] 9% setup compilation DataUriPlugin
<s> [webpack.Progress] 9% setup compilation FileUriPlugin
<s> [webpack.Progress] 9% setup compilation CompatibilityPlugin
<s> [webpack.Progress] 9% setup compilation HarmonyModulesPlugin
<s> [webpack.Progress] 9% setup compilation AMDPlugin
<s> [webpack.Progress] 9% setup compilation RequireJsStuffPlugin
<s> [webpack.Progress] 9% setup compilation CommonJsPlugin
<s> [webpack.Progress] 9% setup compilation LoaderPlugin
<s> [webpack.Progress] 9% setup compilation LoaderPlugin
<s> [webpack.Progress] 9% setup compilation NodeStuffPlugin
<s> [webpack.Progress] 9% setup compilation APIPlugin
<s> [webpack.Progress] 9% setup compilation ExportsInfoApiPlugin
<s> [webpack.Progress] 9% setup compilation WebpackIsIncludedPlugin
<s> [webpack.Progress] 9% setup compilation ConstPlugin
<s> [webpack.Progress] 9% setup compilation UseStrictPlugin
<s> [webpack.Progress] 9% setup compilation RequireIncludePlugin
<s> [webpack.Progress] 9% setup compilation RequireEnsurePlugin
<s> [webpack.Progress] 9% setup compilation RequireContextPlugin
<s> [webpack.Progress] 9% setup compilation ImportPlugin
<s> [webpack.Progress] 9% setup compilation ImportMetaContextPlugin
<s> [webpack.Progress] 9% setup compilation SystemPlugin
<s> [webpack.Progress] 9% setup compilation ImportMetaPlugin
<s> [webpack.Progress] 9% setup compilation URLPlugin
<s> [webpack.Progress] 9% setup compilation DefaultStatsFactoryPlugin
<s> [webpack.Progress] 9% setup compilation DefaultStatsPresetPlugin
<s> [webpack.Progress] 9% setup compilation DefaultStatsPrinterPlugin
<s> [webpack.Progress] 9% setup compilation JavascriptMetaInfoPlugin
<s> [webpack.Progress] 9% setup compilation EnsureChunkConditionsPlugin
<s> [webpack.Progress] 9% setup compilation RemoveParentModulesPlugin
<s> [webpack.Progress] 9% setup compilation RemoveEmptyChunksPlugin
<s> [webpack.Progress] 9% setup compilation MergeDuplicateChunksPlugin
<s> [webpack.Progress] 9% setup compilation FlagIncludedChunksPlugin
<s> [webpack.Progress] 9% setup compilation SideEffectsFlagPlugin
<s> [webpack.Progress] 9% setup compilation FlagDependencyExportsPlugin
<s> [webpack.Progress] 9% setup compilation FlagDependencyUsagePlugin
<s> [webpack.Progress] 9% setup compilation InnerGraphPlugin
<s> [webpack.Progress] 9% setup compilation MangleExportsPlugin
<s> [webpack.Progress] 9% setup compilation NoEmitOnErrorsPlugin
<s> [webpack.Progress] 9% setup compilation RealContentHashPlugin
<s> [webpack.Progress] 9% setup compilation WasmFinalizeExportsPlugin
<s> [webpack.Progress] 9% setup compilation DeterministicModuleIdsPlugin
<s> [webpack.Progress] 9% setup compilation DeterministicChunkIdsPlugin
<s> [webpack.Progress] 9% setup compilation DefinePlugin
<s> [webpack.Progress] 9% setup compilation TerserPlugin
<s> [webpack.Progress] 9% setup compilation TemplatedPathPlugin
<s> [webpack.Progress] 9% setup compilation RecordIdsPlugin
<s> [webpack.Progress] 9% setup compilation WarnCaseSensitiveModulesPlugin
<s> [webpack.Progress] 9% setup compilation IgnoreWarningsPlugin
<s> [webpack.Progress] 9% setup compilation
<s> [webpack.Progress] 10% building
<s> [webpack.Progress] 10% building 0/1 entries 0/0 dependencies 0/0 modules
<s> [webpack.Progress] 10% building import loader ../development/.webpack/utils/loaders/swcLoader.js
<s> [webpack.Progress] 10% building import loader ../node_modules/@lavamoat/webpack/src/excludeLoader.js
<s> [webpack.Progress] 10% building import loader ../development/.webpack/utils/loaders/envValidationLoader.js
<s> [webpack.Progress] 10% building 0/12 entries 12/12 dependencies 0/12 modules
<s> [webpack.Progress] 10% building import loader ../node_modules/html-bundler-webpack-plugin/src/Loader/index.js
<s> [webpack.Progress] 10% building 0/12 entries 12/12 dependencies 0/12 modules
<s> [webpack.Progress] 13% building 1/16 entries 16/51 dependencies 1/12 modules
<s> [webpack.Progress] 16% building 2/16 entries 20/71 dependencies 2/12 modules
<s> [webpack.Progress] 20% building 3/16 entries 90/175 dependencies 8/51 modules
<s> [webpack.Progress] 23% building 4/16 entries 90/175 dependencies 11/51 modules
<s> [webpack.Progress] 27% building 5/16 entries 90/175 dependencies 12/51 modules
<s> [webpack.Progress] 27% building import loader ../node_modules/css-loader/dist/cjs.js
<s> [webpack.Progress] 27% building import loader ../node_modules/postcss-loader/dist/cjs.js
<s> [webpack.Progress] 27% building import loader ../node_modules/sass-loader/dist/cjs.js
<s> [webpack.Progress] 27% building 5/16 entries 180/247 dependencies 29/117 modules
Deprecation [legacy-js-api]: The legacy JS API is deprecated and will be removed in Dart Sass 2.0.0.

More info: https://sass-lang.com/d/legacy-js-api
<s> [webpack.Progress] 27% building 5/16 entries 877/1000 dependencies 126/560 modules
<s> [webpack.Progress] 27% building 5/16 entries 2422/2500 dependencies 233/1495 modules
<s> [webpack.Progress] 27% building 5/16 entries 3351/3500 dependencies 532/1775 modules
<s> [webpack.Progress] 27% building 5/16 entries 4900/4982 dependencies 719/2484 modules
<s> [webpack.Progress] 27% building 5/16 entries 6500/6581 dependencies 962/3114 modules
<s> [webpack.Progress] 27% building 5/16 entries 8299/8370 dependencies 1300/3439 modules
<s> [webpack.Progress] 27% building import loader ../node_modules/thread-loader/dist/cjs.js
<s> [webpack.Progress] 27% building import loader ../development/.webpack/utils/loaders/reactCompilerLoaderWrapper.js
<s> [webpack.Progress] 27% building 5/16 entries 8696/8762 dependencies 1462/3530 modules
<s> [webpack.Progress] 28% building 5/16 entries 9655/9700 dependencies 1684/3864 modules
<s> [webpack.Progress] 32% building 5/16 entries 11238/11300 dependencies 2026/4352 modules
<s> [webpack.Progress] 37% building 5/16 entries 12700/12840 dependencies 2468/4980 modules
<s> [webpack.Progress] 37% building 5/16 entries 14279/14300 dependencies 2862/5672 modules
<s> [webpack.Progress] 39% building 5/16 entries 15841/15900 dependencies 3263/6150 modules
<s> [webpack.Progress] 39% building 5/16 entries 17468/17500 dependencies 3628/6764 modules
<s> [webpack.Progress] 40% building 5/16 entries 18900/18955 dependencies 3996/7136 modules
<s> [webpack.Progress] 41% building 5/16 entries 20855/21000 dependencies 4314/7645 modules
<s> [webpack.Progress] 41% building 5/16 entries 22565/22618 dependencies 4700/8095 modules
<s> [webpack.Progress] 42% building 6/16 entries 23325/23415 dependencies 4995/8363 modules
<s> [webpack.Progress] 44% building 6/16 entries 24694/24700 dependencies 5522/8871 modules
<s> [webpack.Progress] 43% building 6/16 entries 26200/26265 dependencies 5694/9270 modules
<s> [webpack.Progress] 45% building 6/16 entries 27800/27940 dependencies 6208/9570 modules
<s> [webpack.Progress] 47% building 6/16 entries 29300/29335 dependencies 6862/10017 modules
<s> [webpack.Progress] 47% building 6/16 entries 30737/30800 dependencies 7153/10538 modules
<s> [webpack.Progress] 47% building 6/16 entries 32000/32031 dependencies 7487/10891 modules
<s> [webpack.Progress] 47% building 6/16 entries 33251/33400 dependencies 7766/11270 modules
<s> [webpack.Progress] 47% building 6/16 entries 34933/35000 dependencies 8238/11970 modules
<s> [webpack.Progress] 48% building 6/16 entries 36378/36400 dependencies 8611/12276 modules
<s> [webpack.Progress] 48% building 6/16 entries 36751/36800 dependencies 8675/12328 modules
<s> [webpack.Progress] 48% building 6/16 entries 36826/37000 dependencies 8676/12328 modules
<s> [webpack.Progress] 48% building 6/16 entries 37200/37269 dependencies 8716/12358 modules
<s> [webpack.Progress] 48% building 6/16 entries 37500/37673 dependencies 8732/12387 modules
<s> [webpack.Progress] 48% building 6/16 entries 37900/38051 dependencies 8797/12471 modules
<s> [webpack.Progress] 48% building 6/16 entries 38200/38278 dependencies 8856/12538 modules
<s> [webpack.Progress] 49% building 6/16 entries 39300/39389 dependencies 9080/12756 modules
<s> [webpack.Progress] 49% building 6/16 entries 40500/40577 dependencies 9298/13081 modules
<s> [webpack.Progress] 49% building 6/16 entries 42500/42575 dependencies 9640/13330 modules
<s> [webpack.Progress] 50% building 6/16 entries 44199/44200 dependencies 10229/13983 modules
<s> [webpack.Progress] 51% building 6/16 entries 45394/45400 dependencies 10639/14172 modules
<s> [webpack.Progress] 52% building 6/16 entries 47086/47100 dependencies 11110/14399 modules
<s> [webpack.Progress] 53% building 7/16 entries 48082/48094 dependencies 11590/14509 modules
<s> [webpack.Progress] 55% building 7/16 entries 49575/49589 dependencies 12300/14813 modules
<s> [webpack.Progress] 56% building 7/16 entries 50700/50875 dependencies 12771/15111 modules
<s> [webpack.Progress] 57% building 7/16 entries 51877/51900 dependencies 13230/15366 modules
<s> [webpack.Progress] 58% building 7/16 entries 53800/53841 dependencies 13678/15624 modules
<s> [webpack.Progress] 58% building 7/16 entries 55044/55100 dependencies 13986/15972 modules
<s> [webpack.Progress] 58% building 7/16 entries 56494/56500 dependencies 14454/16229 modules
<s> [webpack.Progress] 58% building 7/16 entries 58195/58200 dependencies 14764/16756 modules
<s> [webpack.Progress] 59% building 7/16 entries 59771/59800 dependencies 15409/17027 modules
<s> [webpack.Progress] 59% building 7/16 entries 62114/62200 dependencies 15584/17186 modules
<s> [webpack.Progress] 62% building 7/16 entries 63900/63995 dependencies 16534/17429 modules
<s> [webpack.Progress] 62% building 8/16 entries 64095/64186 dependencies 16642/17496 modules
<s> [webpack.Progress] 62% building 9/16 entries 64096/64186 dependencies 16642/17496 modules
<s> [webpack.Progress] 62% building 10/16 entries 64483/64543 dependencies 16917/17575 modules
<s> [webpack.Progress] 62% building 11/16 entries 64483/64543 dependencies 16918/17575 modules
<s> [webpack.Progress] 63% building 11/16 entries 66034/66100 dependencies 17620/17957 modules
<s> [webpack.Progress] 64% building 12/16 entries 66743/66743 dependencies 18046/18050 modules
<s> [webpack.Progress] 64% building 13/16 entries 66743/66743 dependencies 18047/18050 modules
<s> [webpack.Progress] 64% building 14/16 entries 66743/66743 dependencies 18048/18050 modules
<s> [webpack.Progress] 64% building 15/16 entries 66743/66743 dependencies 18049/18050 modules
<s> [webpack.Progress] 65% building 16/16 entries 66743/66743 dependencies 18050/18050 modules
<s> [webpack.Progress] 65% building
<s> [webpack.Progress] 69% building finish
<s> [webpack.Progress] 69% building finish
<s> [webpack.Progress] 70% sealing finish module graph
<s> [webpack.Progress] 70% sealing finish module graph ResolverCachePlugin
<s> [webpack.Progress] 70% sealing finish module graph InferAsyncModulesPlugin
<s> [webpack.Progress] 70% sealing finish module graph FlagDependencyExportsPlugin
<s> [webpack.Progress] 70% sealing finish module graph InnerGraphPlugin
<s> [webpack.Progress] 70% sealing finish module graph WasmFinalizeExportsPlugin
<s> [webpack.Progress] 70% sealing finish module graph ExportPropertyLibraryPlugin
<s> [webpack.Progress] 70% sealing finish module graph JsonpLibraryPlugin
<s> [webpack.Progress] 70% sealing finish module graph
<s> [webpack.Progress] 70% sealing plugins
<s> [webpack.Progress] 70% sealing plugins WarnCaseSensitiveModulesPlugin
<s> [webpack.Progress] 70% sealing plugins
<s> [webpack.Progress] 71% sealing dependencies optimization
<s> [webpack.Progress] 71% sealing dependencies optimization SideEffectsFlagPlugin
<s> [webpack.Progress] 71% sealing dependencies optimization FlagDependencyUsagePlugin
<s> [webpack.Progress] 71% sealing dependencies optimization
<s> [webpack.Progress] 71% sealing after dependencies optimization
<s> [webpack.Progress] 71% sealing after dependencies optimization
<s> [webpack.Progress] 72% sealing chunk graph
<s> [webpack.Progress] 72% sealing chunk graph
<s> [webpack.Progress] 73% sealing after chunk graph
<s> [webpack.Progress] 73% sealing after chunk graph
<s> [webpack.Progress] 73% sealing optimizing
<s> [webpack.Progress] 73% sealing optimizing
<s> [webpack.Progress] 74% sealing module optimization
<s> [webpack.Progress] 74% sealing module optimization
<s> [webpack.Progress] 75% sealing after module optimization
<s> [webpack.Progress] 75% sealing after module optimization
<s> [webpack.Progress] 75% sealing chunk optimization
<s> [webpack.Progress] 75% sealing chunk optimization EnsureChunkConditionsPlugin
<s> [webpack.Progress] 75% sealing chunk optimization RemoveParentModulesPlugin
<s> [webpack.Progress] 75% sealing chunk optimization RemoveEmptyChunksPlugin
<s> [webpack.Progress] 75% sealing chunk optimization MergeDuplicateChunksPlugin
<s> [webpack.Progress] 75% sealing chunk optimization SplitChunksPlugin
<s> [webpack.Progress] 75% sealing chunk optimization RemoveEmptyChunksPlugin
<s> [webpack.Progress] 75% sealing chunk optimization
<s> [webpack.Progress] 76% sealing after chunk optimization
<s> [webpack.Progress] 76% sealing after chunk optimization
<s> [webpack.Progress] 77% sealing module and chunk tree optimization
<s> [webpack.Progress] 77% sealing module and chunk tree optimization
<s> [webpack.Progress] 77% sealing after module and chunk tree optimization
<s> [webpack.Progress] 77% sealing after module and chunk tree optimization
<s> [webpack.Progress] 78% sealing chunk modules optimization
<s> [webpack.Progress] 78% sealing chunk modules optimization
<s> [webpack.Progress] 78% sealing after chunk modules optimization
<s> [webpack.Progress] 78% sealing after chunk modules optimization
<s> [webpack.Progress] 79% sealing module reviving
<s> [webpack.Progress] 79% sealing module reviving RecordIdsPlugin
<s> [webpack.Progress] 79% sealing module reviving
<s> [webpack.Progress] 80% sealing before module ids
<s> [webpack.Progress] 80% sealing before module ids
<s> [webpack.Progress] 80% sealing module ids
<s> [webpack.Progress] 80% sealing module ids DeterministicModuleIdsPlugin
<s> [webpack.Progress] 80% sealing module ids
<s> [webpack.Progress] 81% sealing module id optimization
<s> [webpack.Progress] 81% sealing module id optimization
<s> [webpack.Progress] 82% sealing module id optimization
<s> [webpack.Progress] 82% sealing module id optimization
<s> [webpack.Progress] 82% sealing chunk reviving
<s> [webpack.Progress] 82% sealing chunk reviving RecordIdsPlugin
<s> [webpack.Progress] 82% sealing chunk reviving
<s> [webpack.Progress] 83% sealing before chunk ids
<s> [webpack.Progress] 83% sealing before chunk ids
<s> [webpack.Progress] 84% sealing chunk ids
<s> [webpack.Progress] 84% sealing chunk ids DeterministicChunkIdsPlugin
<s> [webpack.Progress] 84% sealing chunk ids
<s> [webpack.Progress] 84% sealing chunk id optimization
<s> [webpack.Progress] 84% sealing chunk id optimization FlagIncludedChunksPlugin
<s> [webpack.Progress] 84% sealing chunk id optimization
<s> [webpack.Progress] 85% sealing after chunk id optimization
<s> [webpack.Progress] 85% sealing after chunk id optimization LavaMoatPlugin
<s> [webpack.Progress] 85% sealing after chunk id optimization
<s> [webpack.Progress] 86% sealing record modules
<s> [webpack.Progress] 86% sealing record modules RecordIdsPlugin
<s> [webpack.Progress] 86% sealing record modules
<s> [webpack.Progress] 86% sealing record chunks
<s> [webpack.Progress] 86% sealing record chunks RecordIdsPlugin
<s> [webpack.Progress] 86% sealing record chunks
<s> [webpack.Progress] 87% sealing module hashing
<s> [webpack.Progress] 87% sealing module hashing
<s> [webpack.Progress] 87% sealing code generation
<s> [webpack.Progress] 87% sealing code generation
<s> [webpack.Progress] 88% sealing runtime requirements
<s> [webpack.Progress] 88% sealing runtime requirements
<s> [webpack.Progress] 89% sealing hashing
<s> [webpack.Progress] 89% sealing hashing
<s> [webpack.Progress] 89% sealing after hashing
<s> [webpack.Progress] 89% sealing after hashing
<s> [webpack.Progress] 90% sealing record hash
<s> [webpack.Progress] 90% sealing record hash
<s> [webpack.Progress] 91% sealing module assets processing
<s> [webpack.Progress] 91% sealing module assets processing
<s> [webpack.Progress] 91% sealing chunk assets processing
<s> [webpack.Progress] 91% sealing chunk assets processing
<s> [webpack.Progress] 92% sealing asset processing
<s> [webpack.Progress] 92% sealing asset processing CopyPlugin
<s> [webpack.Progress] 92% sealing asset processing LavaMoatPlugin
<s> [webpack.Progress] 92% sealing asset processing TerserPlugin
<s> [webpack.Progress] 92% sealing asset processing html-bundler-webpack-plugin
<s> [webpack.Progress] 92% sealing asset processing LavaMoatPlugin
<s> [webpack.Progress] 92% sealing asset processing SourceMapDevToolPlugin
<s> [webpack.Progress] 92% sealing asset processing SourceMapDevToolPlugin
<s> [webpack.Progress] 92% sealing asset processing SourceMapDevToolPlugin scripts/contentscript.js generate SourceMap
<s> [webpack.Progress] 92% sealing asset processing SourceMapDevToolPlugin scripts/contentscript.js generated SourceMap
<s> [webpack.Progress] 92% sealing asset processing SourceMapDevToolPlugin scripts/inpage.js generate SourceMap
<s> [webpack.Progress] 92% sealing asset processing SourceMapDevToolPlugin scripts/inpage.js generated SourceMap
<s> [webpack.Progress] 92% sealing asset processing SourceMapDevToolPlugin vendor/trezor/content-script.js generate SourceMap
<s> [webpack.Progress] 92% sealing asset processing SourceMapDevToolPlugin vendor/trezor/content-script.js generated SourceMap
<s> [webpack.Progress] 92% sealing asset processing SourceMapDevToolPlugin service-worker.js generate SourceMap
<s> [webpack.Progress] 92% sealing asset processing SourceMapDevToolPlugin service-worker.js generated SourceMap
<s> [webpack.Progress] 92% sealing asset processing SourceMapDevToolPlugin index.css generate SourceMap
<s> [webpack.Progress] 92% sealing asset processing SourceMapDevToolPlugin index.css generated SourceMap
<s> [webpack.Progress] 92% sealing asset processing SourceMapDevToolPlugin bootstrap.25b15f18331d123ce8d0.js generate SourceMap
<s> [webpack.Progress] 92% sealing asset processing SourceMapDevToolPlugin bootstrap.25b15f18331d123ce8d0.js generated SourceMap
<s> [webpack.Progress] 92% sealing asset processing SourceMapDevToolPlugin ui.5b45d300a2d127b67774.js generate SourceMap
<s> [webpack.Progress] 92% sealing asset processing SourceMapDevToolPlugin ui.5b45d300a2d127b67774.js generated SourceMap
<s> [webpack.Progress] 92% sealing asset processing SourceMapDevToolPlugin offscreen.1.f7eb9ac4e590d470dc7f.js generate SourceMap
<s> [webpack.Progress] 92% sealing asset processing SourceMapDevToolPlugin offscreen.1.f7eb9ac4e590d470dc7f.js generated SourceMap
<s> [webpack.Progress] 92% sealing asset processing SourceMapDevToolPlugin usb-permissions.14a24bd06d951d40c3c8.js generate SourceMap
<s> [webpack.Progress] 92% sealing asset processing SourceMapDevToolPlugin usb-permissions.14a24bd06d951d40c3c8.js generated SourceMap
<s> [webpack.Progress] 92% sealing asset processing SourceMapDevToolPlugin runtime.a634a4efb0085f247e09.js generate SourceMap
<s> [webpack.Progress] 92% sealing asset processing SourceMapDevToolPlugin runtime.a634a4efb0085f247e09.js generated SourceMap
<s> [webpack.Progress] 92% sealing asset processing SourceMapDevToolPlugin 9380.759b6ba3ae0235839c90.js generate SourceMap
<s> [webpack.Progress] 92% sealing asset processing SourceMapDevToolPlugin 9380.759b6ba3ae0235839c90.js generated SourceMap
<s> [webpack.Progress] 92% sealing asset processing SourceMapDevToolPlugin 1122.b6b8487dc545f772a665.js generate SourceMap
<s> [webpack.Progress] 92% sealing asset processing SourceMapDevToolPlugin 1122.b6b8487dc545f772a665.js generated SourceMap
<s> [webpack.Progress] 92% sealing asset processing SourceMapDevToolPlugin 2721.b2629f19ec0ea5f37370.js generate SourceMap
<s> [webpack.Progress] 92% sealing asset processing SourceMapDevToolPlugin 2721.b2629f19ec0ea5f37370.js generated SourceMap
<s> [webpack.Progress] 92% sealing asset processing SourceMapDevToolPlugin 7160.f737b819cf889f47e16f.js generate SourceMap
<s> [webpack.Progress] 92% sealing asset processing SourceMapDevToolPlugin 7160.f737b819cf889f47e16f.js generated SourceMap
<s> [webpack.Progress] 92% sealing asset processing SourceMapDevToolPlugin 8792.a2b45a9cc18b67dcf0b9.js generate SourceMap
<s> [webpack.Progress] 92% sealing asset processing SourceMapDevToolPlugin 8792.a2b45a9cc18b67dcf0b9.js generated SourceMap
<s> [webpack.Progress] 92% sealing asset processing SourceMapDevToolPlugin 5657.4a1364e563b7259a47d0.js generate SourceMap
<s> [webpack.Progress] 92% sealing asset processing SourceMapDevToolPlugin 5657.4a1364e563b7259a47d0.js generated SourceMap
<s> [webpack.Progress] 92% sealing asset processing SourceMapDevToolPlugin 2962.0daa9e6418dbfc9cc42b.js generate SourceMap
<s> [webpack.Progress] 92% sealing asset processing SourceMapDevToolPlugin 2962.0daa9e6418dbfc9cc42b.js generated SourceMap
<s> [webpack.Progress] 92% sealing asset processing SourceMapDevToolPlugin 5671.210a003c51a996650546.js generate SourceMap
<s> [webpack.Progress] 92% sealing asset processing SourceMapDevToolPlugin 5671.210a003c51a996650546.js generated SourceMap
<s> [webpack.Progress] 92% sealing asset processing SourceMapDevToolPlugin 6565.43bb993cd06bf14b7bd0.js generate SourceMap
<s> [webpack.Progress] 92% sealing asset processing SourceMapDevToolPlugin 6565.43bb993cd06bf14b7bd0.js generated SourceMap
<s> [webpack.Progress] 92% sealing asset processing SourceMapDevToolPlugin 4593.d62b1a4b8c8d6348ae36.js generate SourceMap
<s> [webpack.Progress] 92% sealing asset processing SourceMapDevToolPlugin 4593.d62b1a4b8c8d6348ae36.js generated SourceMap
<s> [webpack.Progress] 92% sealing asset processing SourceMapDevToolPlugin 2213.b40a1da5543fe641367f.js generate SourceMap
<s> [webpack.Progress] 92% sealing asset processing SourceMapDevToolPlugin 2213.b40a1da5543fe641367f.js generated SourceMap
<s> [webpack.Progress] 92% sealing asset processing SourceMapDevToolPlugin 2445.a408788e19e66c2e1f59.js generate SourceMap
<s> [webpack.Progress] 92% sealing asset processing SourceMapDevToolPlugin 2445.a408788e19e66c2e1f59.js generated SourceMap
<s> [webpack.Progress] 92% sealing asset processing SourceMapDevToolPlugin 891.b89f43288942eb5f37f0.js generate SourceMap
<s> [webpack.Progress] 92% sealing asset processing SourceMapDevToolPlugin 891.b89f43288942eb5f37f0.js generated SourceMap
<s> [webpack.Progress] 92% sealing asset processing SourceMapDevToolPlugin 4073.68c1820a59d6cc348f2d.js generate SourceMap
<s> [webpack.Progress] 92% sealing asset processing SourceMapDevToolPlugin 4073.68c1820a59d6cc348f2d.js generated SourceMap
<s> [webpack.Progress] 92% sealing asset processing SourceMapDevToolPlugin 9949.45b9a655224516c781ee.js generate SourceMap
<s> [webpack.Progress] 92% sealing asset processing SourceMapDevToolPlugin 9949.45b9a655224516c781ee.js generated SourceMap
<s> [webpack.Progress] 92% sealing asset processing SourceMapDevToolPlugin 4781.ff0a9f8197e747ee1573.js generate SourceMap
<s> [webpack.Progress] 92% sealing asset processing SourceMapDevToolPlugin 4781.ff0a9f8197e747ee1573.js generated SourceMap
<s> [webpack.Progress] 92% sealing asset processing SourceMapDevToolPlugin 343.899f8a7b4a26cb4f35d1.js generate SourceMap
<s> [webpack.Progress] 92% sealing asset processing SourceMapDevToolPlugin 343.899f8a7b4a26cb4f35d1.js generated SourceMap
<s> [webpack.Progress] 92% sealing asset processing SourceMapDevToolPlugin 1331.666a584c4d5cce050953.js generate SourceMap
<s> [webpack.Progress] 92% sealing asset processing SourceMapDevToolPlugin 1331.666a584c4d5cce050953.js generated SourceMap
<s> [webpack.Progress] 92% sealing asset processing SourceMapDevToolPlugin 133.53248e43d9749a871ade.js generate SourceMap
<s> [webpack.Progress] 92% sealing asset processing SourceMapDevToolPlugin 133.53248e43d9749a871ade.js generated SourceMap
<s> [webpack.Progress] 92% sealing asset processing SourceMapDevToolPlugin 483.5690013647b918af75e7.js generate SourceMap
<s> [webpack.Progress] 92% sealing asset processing SourceMapDevToolPlugin 483.5690013647b918af75e7.js generated SourceMap
<s> [webpack.Progress] 92% sealing asset processing SourceMapDevToolPlugin 6053.8dea2a5147d7df80aebc.js generate SourceMap
<s> [webpack.Progress] 92% sealing asset processing SourceMapDevToolPlugin 6053.8dea2a5147d7df80aebc.js generated SourceMap
<s> [webpack.Progress] 92% sealing asset processing SourceMapDevToolPlugin 5337.1b6df67009a5002d76e7.js generate SourceMap
<s> [webpack.Progress] 92% sealing asset processing SourceMapDevToolPlugin 5337.1b6df67009a5002d76e7.js generated SourceMap
<s> [webpack.Progress] 92% sealing asset processing SourceMapDevToolPlugin 1598.88532b93858218db4bc9.js generate SourceMap
<s> [webpack.Progress] 92% sealing asset processing SourceMapDevToolPlugin 1598.88532b93858218db4bc9.js generated SourceMap
<s> [webpack.Progress] 92% sealing asset processing SourceMapDevToolPlugin 9165.87e8c53b19711ecf9363.js generate SourceMap
<s> [webpack.Progress] 92% sealing asset processing SourceMapDevToolPlugin 9165.87e8c53b19711ecf9363.js generated SourceMap
<s> [webpack.Progress] 92% sealing asset processing SourceMapDevToolPlugin 7064.534de52c414855b3000b.js generate SourceMap
<s> [webpack.Progress] 92% sealing asset processing SourceMapDevToolPlugin 7064.534de52c414855b3000b.js generated SourceMap
<s> [webpack.Progress] 92% sealing asset processing SourceMapDevToolPlugin 6401.10793b2835ed2adb37e5.js generate SourceMap
<s> [webpack.Progress] 92% sealing asset processing SourceMapDevToolPlugin 6401.10793b2835ed2adb37e5.js generated SourceMap
<s> [webpack.Progress] 92% sealing asset processing SourceMapDevToolPlugin 1826.26d3674abaa2d058d644.js generate SourceMap
<s> [webpack.Progress] 92% sealing asset processing SourceMapDevToolPlugin 1826.26d3674abaa2d058d644.js generated SourceMap
<s> [webpack.Progress] 92% sealing asset processing SourceMapDevToolPlugin 2747.e94806882c9e03d3121e.js generate SourceMap
<s> [webpack.Progress] 92% sealing asset processing SourceMapDevToolPlugin 2747.e94806882c9e03d3121e.js generated SourceMap
<s> [webpack.Progress] 92% sealing asset processing SourceMapDevToolPlugin 2449.0ec6b2c1b53f0730b7c9.js generate SourceMap
<s> [webpack.Progress] 92% sealing asset processing SourceMapDevToolPlugin 2449.0ec6b2c1b53f0730b7c9.js generated SourceMap
<s> [webpack.Progress] 92% sealing asset processing SourceMapDevToolPlugin 2222.6dbc8ced3e6be773232f.js generate SourceMap
<s> [webpack.Progress] 92% sealing asset processing SourceMapDevToolPlugin 2222.6dbc8ced3e6be773232f.js generated SourceMap
<s> [webpack.Progress] 92% sealing asset processing SourceMapDevToolPlugin 1822.b6a08ce8e74441e6e552.js generate SourceMap
<s> [webpack.Progress] 92% sealing asset processing SourceMapDevToolPlugin 1822.b6a08ce8e74441e6e552.js generated SourceMap
<s> [webpack.Progress] 92% sealing asset processing SourceMapDevToolPlugin 305.c1a271014101e9c3c2bd.js generate SourceMap
<s> [webpack.Progress] 92% sealing asset processing SourceMapDevToolPlugin 305.c1a271014101e9c3c2bd.js generated SourceMap
<s> [webpack.Progress] 92% sealing asset processing SourceMapDevToolPlugin 2598.8e3b7a6a90a33f4a9e4e.js generate SourceMap
<s> [webpack.Progress] 92% sealing asset processing SourceMapDevToolPlugin 2598.8e3b7a6a90a33f4a9e4e.js generated SourceMap
<s> [webpack.Progress] 92% sealing asset processing SourceMapDevToolPlugin 3756.d9d013b64b0be4af8d56.js generate SourceMap
<s> [webpack.Progress] 92% sealing asset processing SourceMapDevToolPlugin 3756.d9d013b64b0be4af8d56.js generated SourceMap
<s> [webpack.Progress] 92% sealing asset processing SourceMapDevToolPlugin 6998.99981308bb456484d39a.js generate SourceMap
<s> [webpack.Progress] 92% sealing asset processing SourceMapDevToolPlugin 6998.99981308bb456484d39a.js generated SourceMap
<s> [webpack.Progress] 92% sealing asset processing SourceMapDevToolPlugin 4579.96ffaf5a4c71cb816aa3.js generate SourceMap
<s> [webpack.Progress] 92% sealing asset processing SourceMapDevToolPlugin 4579.96ffaf5a4c71cb816aa3.js generated SourceMap
<s> [webpack.Progress] 92% sealing asset processing SourceMapDevToolPlugin 4520.10d79f657a41bd4bcf5e.js generate SourceMap
<s> [webpack.Progress] 92% sealing asset processing SourceMapDevToolPlugin 4520.10d79f657a41bd4bcf5e.js generated SourceMap
<s> [webpack.Progress] 92% sealing asset processing SourceMapDevToolPlugin 339.54329602fc46e06b1aa6.js generate SourceMap
<s> [webpack.Progress] 92% sealing asset processing SourceMapDevToolPlugin 339.54329602fc46e06b1aa6.js generated SourceMap
<s> [webpack.Progress] 92% sealing asset processing SourceMapDevToolPlugin 8063.d160cfc7d87d70692188.js generate SourceMap
<s> [webpack.Progress] 92% sealing asset processing SourceMapDevToolPlugin 8063.d160cfc7d87d70692188.js generated SourceMap
<s> [webpack.Progress] 92% sealing asset processing SourceMapDevToolPlugin 9737.9f5788c9f4f046522a33.js generate SourceMap
<s> [webpack.Progress] 92% sealing asset processing SourceMapDevToolPlugin 9737.9f5788c9f4f046522a33.js generated SourceMap
<s> [webpack.Progress] 92% sealing asset processing SourceMapDevToolPlugin 4052.52e308be42944f95d738.js generate SourceMap
<s> [webpack.Progress] 92% sealing asset processing SourceMapDevToolPlugin 4052.52e308be42944f95d738.js generated SourceMap
<s> [webpack.Progress] 92% sealing asset processing SourceMapDevToolPlugin 3885.79ce51d70df1f1d00bea.js generate SourceMap
<s> [webpack.Progress] 92% sealing asset processing SourceMapDevToolPlugin 3885.79ce51d70df1f1d00bea.js generated SourceMap
<s> [webpack.Progress] 92% sealing asset processing SourceMapDevToolPlugin 5297.396817614e5c6555b9c6.js generate SourceMap
<s> [webpack.Progress] 92% sealing asset processing SourceMapDevToolPlugin 5297.396817614e5c6555b9c6.js generated SourceMap
<s> [webpack.Progress] 92% sealing asset processing SourceMapDevToolPlugin 9600.3c6c1a566a37678c443d.js generate SourceMap
<s> [webpack.Progress] 92% sealing asset processing SourceMapDevToolPlugin 9600.3c6c1a566a37678c443d.js generated SourceMap
<s> [webpack.Progress] 92% sealing asset processing SourceMapDevToolPlugin 8927.0678aad75b589a398c7b.js generate SourceMap
<s> [webpack.Progress] 92% sealing asset processing SourceMapDevToolPlugin 8927.0678aad75b589a398c7b.js generated SourceMap
<s> [webpack.Progress] 92% sealing asset processing SourceMapDevToolPlugin 3740.3d277004b265e0e33519.js generate SourceMap
<s> [webpack.Progress] 92% sealing asset processing SourceMapDevToolPlugin 3740.3d277004b265e0e33519.js generated SourceMap
<s> [webpack.Progress] 92% sealing asset processing SourceMapDevToolPlugin 1864.34171aa2d17962da5641.js generate SourceMap
<s> [webpack.Progress] 92% sealing asset processing SourceMapDevToolPlugin 1864.34171aa2d17962da5641.js generated SourceMap
<s> [webpack.Progress] 92% sealing asset processing SourceMapDevToolPlugin 5964.eafb5289e7d9eee9db3d.js generate SourceMap
<s> [webpack.Progress] 92% sealing asset processing SourceMapDevToolPlugin 5964.eafb5289e7d9eee9db3d.js generated SourceMap
<s> [webpack.Progress] 92% sealing asset processing SourceMapDevToolPlugin 5762.8f220e043d49c7817f71.js generate SourceMap
<s> [webpack.Progress] 92% sealing asset processing SourceMapDevToolPlugin 5762.8f220e043d49c7817f71.js generated SourceMap
<s> [webpack.Progress] 92% sealing asset processing SourceMapDevToolPlugin 4323.0eef3efb12c7dee3b6d1.js generate SourceMap
<s> [webpack.Progress] 92% sealing asset processing SourceMapDevToolPlugin 4323.0eef3efb12c7dee3b6d1.js generated SourceMap
<s> [webpack.Progress] 92% sealing asset processing SourceMapDevToolPlugin 3404.b75d263c450d498d3675.js generate SourceMap
<s> [webpack.Progress] 92% sealing asset processing SourceMapDevToolPlugin 3404.b75d263c450d498d3675.js generated SourceMap
<s> [webpack.Progress] 92% sealing asset processing SourceMapDevToolPlugin 6649.3b2e594a99ce32dcaeae.js generate SourceMap
<s> [webpack.Progress] 92% sealing asset processing SourceMapDevToolPlugin 6649.3b2e594a99ce32dcaeae.js generated SourceMap
<s> [webpack.Progress] 92% sealing asset processing SourceMapDevToolPlugin 2203.cc7228f6faaa80a982b7.js generate SourceMap
<s> [webpack.Progress] 92% sealing asset processing SourceMapDevToolPlugin 2203.cc7228f6faaa80a982b7.js generated SourceMap
<s> [webpack.Progress] 92% sealing asset processing SourceMapDevToolPlugin 5458.4b78be267f53dbbfed07.js generate SourceMap
<s> [webpack.Progress] 92% sealing asset processing SourceMapDevToolPlugin 5458.4b78be267f53dbbfed07.js generated SourceMap
<s> [webpack.Progress] 92% sealing asset processing SourceMapDevToolPlugin 229.a2ae66b7a2e41d1dad61.js generate SourceMap
<s> [webpack.Progress] 92% sealing asset processing SourceMapDevToolPlugin 229.a2ae66b7a2e41d1dad61.js generated SourceMap
<s> [webpack.Progress] 92% sealing asset processing SourceMapDevToolPlugin 1309.dd1f35d40a976f3ed884.js generate SourceMap
<s> [webpack.Progress] 92% sealing asset processing SourceMapDevToolPlugin 1309.dd1f35d40a976f3ed884.js generated SourceMap
<s> [webpack.Progress] 92% sealing asset processing SourceMapDevToolPlugin 8093.8a1bc28351ae3739bafb.js generate SourceMap
<s> [webpack.Progress] 92% sealing asset processing SourceMapDevToolPlugin 8093.8a1bc28351ae3739bafb.js generated SourceMap
<s> [webpack.Progress] 92% sealing asset processing SourceMapDevToolPlugin 3785.47d60b7dc4032dab20df.js generate SourceMap
<s> [webpack.Progress] 92% sealing asset processing SourceMapDevToolPlugin 3785.47d60b7dc4032dab20df.js generated SourceMap
<s> [webpack.Progress] 92% sealing asset processing SourceMapDevToolPlugin 7651.00467a05edaa4fe079ea.js generate SourceMap
<s> [webpack.Progress] 92% sealing asset processing SourceMapDevToolPlugin 7651.00467a05edaa4fe079ea.js generated SourceMap
<s> [webpack.Progress] 92% sealing asset processing SourceMapDevToolPlugin 7755.99e708d686e65122a39a.js generate SourceMap
<s> [webpack.Progress] 92% sealing asset processing SourceMapDevToolPlugin 7755.99e708d686e65122a39a.js generated SourceMap
<s> [webpack.Progress] 92% sealing asset processing SourceMapDevToolPlugin 3956.73691e7d148d02ddcd7d.js generate SourceMap
<s> [webpack.Progress] 92% sealing asset processing SourceMapDevToolPlugin 3956.73691e7d148d02ddcd7d.js generated SourceMap
<s> [webpack.Progress] 92% sealing asset processing SourceMapDevToolPlugin 5175.63870faa435cf65a1000.js generate SourceMap
<s> [webpack.Progress] 92% sealing asset processing SourceMapDevToolPlugin 5175.63870faa435cf65a1000.js generated SourceMap
<s> [webpack.Progress] 92% sealing asset processing SourceMapDevToolPlugin 461.aac590956969883f4536.js generate SourceMap
<s> [webpack.Progress] 92% sealing asset processing SourceMapDevToolPlugin 461.aac590956969883f4536.js generated SourceMap
<s> [webpack.Progress] 92% sealing asset processing SourceMapDevToolPlugin 2186.ac2e62f5dee8ec7cb3b4.js generate SourceMap
<s> [webpack.Progress] 92% sealing asset processing SourceMapDevToolPlugin 2186.ac2e62f5dee8ec7cb3b4.js generated SourceMap
<s> [webpack.Progress] 92% sealing asset processing SourceMapDevToolPlugin 2638.ac545fc9c77def563fcc.js generate SourceMap
<s> [webpack.Progress] 92% sealing asset processing SourceMapDevToolPlugin 2638.ac545fc9c77def563fcc.js generated SourceMap
<s> [webpack.Progress] 92% sealing asset processing SourceMapDevToolPlugin 9957.d61c586fe799f8944cb4.js generate SourceMap
<s> [webpack.Progress] 92% sealing asset processing SourceMapDevToolPlugin 9957.d61c586fe799f8944cb4.js generated SourceMap
<s> [webpack.Progress] 92% sealing asset processing SourceMapDevToolPlugin 1507.0817fc4156bd8669d592.js generate SourceMap
<s> [webpack.Progress] 92% sealing asset processing SourceMapDevToolPlugin 1507.0817fc4156bd8669d592.js generated SourceMap
<s> [webpack.Progress] 92% sealing asset processing SourceMapDevToolPlugin 425.5ff289b1482add941954.js generate SourceMap
<s> [webpack.Progress] 92% sealing asset processing SourceMapDevToolPlugin 425.5ff289b1482add941954.js generated SourceMap
<s> [webpack.Progress] 92% sealing asset processing SourceMapDevToolPlugin 6622.693d47005c37f017e738.js generate SourceMap
<s> [webpack.Progress] 92% sealing asset processing SourceMapDevToolPlugin 6622.693d47005c37f017e738.js generated SourceMap
<s> [webpack.Progress] 92% sealing asset processing SourceMapDevToolPlugin 9038.8b0aa0d1305a4c4579d5.js generate SourceMap
<s> [webpack.Progress] 92% sealing asset processing SourceMapDevToolPlugin 9038.8b0aa0d1305a4c4579d5.js generated SourceMap
<s> [webpack.Progress] 92% sealing asset processing SourceMapDevToolPlugin 2584.676f7af577b12743c4c5.js generate SourceMap
<s> [webpack.Progress] 92% sealing asset processing SourceMapDevToolPlugin 2584.676f7af577b12743c4c5.js generated SourceMap
<s> [webpack.Progress] 92% sealing asset processing SourceMapDevToolPlugin 6828.f70dc8594ddc0f1a8fa4.js generate SourceMap
<s> [webpack.Progress] 92% sealing asset processing SourceMapDevToolPlugin 6828.f70dc8594ddc0f1a8fa4.js generated SourceMap
<s> [webpack.Progress] 92% sealing asset processing SourceMapDevToolPlugin 407.8d2349cdf31d26dcff8a.js generate SourceMap
<s> [webpack.Progress] 92% sealing asset processing SourceMapDevToolPlugin 407.8d2349cdf31d26dcff8a.js generated SourceMap
<s> [webpack.Progress] 92% sealing asset processing SourceMapDevToolPlugin 9689.616b20f1c2971bbbfb6f.js generate SourceMap
<s> [webpack.Progress] 92% sealing asset processing SourceMapDevToolPlugin 9689.616b20f1c2971bbbfb6f.js generated SourceMap
<s> [webpack.Progress] 92% sealing asset processing SourceMapDevToolPlugin 670.b2f7a847303a807b670e.js generate SourceMap
<s> [webpack.Progress] 92% sealing asset processing SourceMapDevToolPlugin 670.b2f7a847303a807b670e.js generated SourceMap
<s> [webpack.Progress] 92% sealing asset processing SourceMapDevToolPlugin 8935.b77adb5c47013a965b20.js generate SourceMap
<s> [webpack.Progress] 92% sealing asset processing SourceMapDevToolPlugin 8935.b77adb5c47013a965b20.js generated SourceMap
<s> [webpack.Progress] 92% sealing asset processing SourceMapDevToolPlugin 9060.82cb4ba110b50746a5c8.js generate SourceMap
<s> [webpack.Progress] 92% sealing asset processing SourceMapDevToolPlugin 9060.82cb4ba110b50746a5c8.js generated SourceMap
<s> [webpack.Progress] 92% sealing asset processing SourceMapDevToolPlugin 4274.61fae43054dbb3f925db.js generate SourceMap
<s> [webpack.Progress] 92% sealing asset processing SourceMapDevToolPlugin 4274.61fae43054dbb3f925db.js generated SourceMap
<s> [webpack.Progress] 92% sealing asset processing SourceMapDevToolPlugin 2160.79628126632725338b9f.js generate SourceMap
<s> [webpack.Progress] 92% sealing asset processing SourceMapDevToolPlugin 2160.79628126632725338b9f.js generated SourceMap
<s> [webpack.Progress] 92% sealing asset processing SourceMapDevToolPlugin 7449.370dba4839d61da0100d.js generate SourceMap
<s> [webpack.Progress] 92% sealing asset processing SourceMapDevToolPlugin 7449.370dba4839d61da0100d.js generated SourceMap
<s> [webpack.Progress] 92% sealing asset processing SourceMapDevToolPlugin 904.9310cb98a80f5e547b68.js generate SourceMap
<s> [webpack.Progress] 92% sealing asset processing SourceMapDevToolPlugin 904.9310cb98a80f5e547b68.js generated SourceMap
<s> [webpack.Progress] 92% sealing asset processing SourceMapDevToolPlugin 659.cf4dd80dc4cebaa7f7af.js generate SourceMap
<s> [webpack.Progress] 92% sealing asset processing SourceMapDevToolPlugin 659.cf4dd80dc4cebaa7f7af.js generated SourceMap
<s> [webpack.Progress] 92% sealing asset processing SourceMapDevToolPlugin 7899.a403c8f2799336a6c31d.js generate SourceMap
<s> [webpack.Progress] 92% sealing asset processing SourceMapDevToolPlugin 7899.a403c8f2799336a6c31d.js generated SourceMap
<s> [webpack.Progress] 92% sealing asset processing SourceMapDevToolPlugin 8994.975039e31812f48fcb52.js generate SourceMap
<s> [webpack.Progress] 92% sealing asset processing SourceMapDevToolPlugin 8994.975039e31812f48fcb52.js generated SourceMap
<s> [webpack.Progress] 92% sealing asset processing SourceMapDevToolPlugin 2189.fcd4437a50f89bfa34d5.js generate SourceMap
<s> [webpack.Progress] 92% sealing asset processing SourceMapDevToolPlugin 2189.fcd4437a50f89bfa34d5.js generated SourceMap
<s> [webpack.Progress] 92% sealing asset processing SourceMapDevToolPlugin 6358.9d54cf0524a8b445b7df.js generate SourceMap
<s> [webpack.Progress] 92% sealing asset processing SourceMapDevToolPlugin 6358.9d54cf0524a8b445b7df.js generated SourceMap
<s> [webpack.Progress] 92% sealing asset processing SourceMapDevToolPlugin 3375.4a45e5dbe3be93ee4ddc.js generate SourceMap
<s> [webpack.Progress] 92% sealing asset processing SourceMapDevToolPlugin 3375.4a45e5dbe3be93ee4ddc.js generated SourceMap
<s> [webpack.Progress] 92% sealing asset processing SourceMapDevToolPlugin js-de2d6f9a.9cbf7e5cf03376f16d79.js generate SourceMap
<s> [webpack.Progress] 92% sealing asset processing SourceMapDevToolPlugin js-de2d6f9a.9cbf7e5cf03376f16d79.js generated SourceMap
<s> [webpack.Progress] 92% sealing asset processing SourceMapDevToolPlugin vendor-a5ce148e.e9c706bb86b1cebac41e.js generate SourceMap
<s> [webpack.Progress] 92% sealing asset processing SourceMapDevToolPlugin vendor-a5ce148e.e9c706bb86b1cebac41e.js generated SourceMap
<s> [webpack.Progress] 92% sealing asset processing SourceMapDevToolPlugin 1290.45f7180fa0a945c119ec.js generate SourceMap
<s> [webpack.Progress] 92% sealing asset processing SourceMapDevToolPlugin 1290.45f7180fa0a945c119ec.js generated SourceMap
<s> [webpack.Progress] 92% sealing asset processing SourceMapDevToolPlugin 427.b2586ba433cf703f9f27.js generate SourceMap
<s> [webpack.Progress] 92% sealing asset processing SourceMapDevToolPlugin 427.b2586ba433cf703f9f27.js generated SourceMap
<s> [webpack.Progress] 92% sealing asset processing SourceMapDevToolPlugin 9289.e1e57cb11649f485085d.js generate SourceMap
<s> [webpack.Progress] 92% sealing asset processing SourceMapDevToolPlugin 9289.e1e57cb11649f485085d.js generated SourceMap
<s> [webpack.Progress] 92% sealing asset processing SourceMapDevToolPlugin 9232.65f055d6ff8cc0dff23b.js generate SourceMap
<s> [webpack.Progress] 92% sealing asset processing SourceMapDevToolPlugin 9232.65f055d6ff8cc0dff23b.js generated SourceMap
<s> [webpack.Progress] 92% sealing asset processing SourceMapDevToolPlugin 7555.36622985ddebb8081d8e.js generate SourceMap
<s> [webpack.Progress] 92% sealing asset processing SourceMapDevToolPlugin 7555.36622985ddebb8081d8e.js generated SourceMap
<s> [webpack.Progress] 92% sealing asset processing SourceMapDevToolPlugin 418.9e916b14d6d2c8363ca2.js generate SourceMap
<s> [webpack.Progress] 92% sealing asset processing SourceMapDevToolPlugin 418.9e916b14d6d2c8363ca2.js generated SourceMap
<s> [webpack.Progress] 92% sealing asset processing SourceMapDevToolPlugin 2710.c02229fad0fa071008fd.js generate SourceMap
<s> [webpack.Progress] 92% sealing asset processing SourceMapDevToolPlugin 2710.c02229fad0fa071008fd.js generated SourceMap
<s> [webpack.Progress] 92% sealing asset processing SourceMapDevToolPlugin 8734.0429d71445e64f9b408a.js generate SourceMap
<s> [webpack.Progress] 92% sealing asset processing SourceMapDevToolPlugin 8734.0429d71445e64f9b408a.js generated SourceMap
<s> [webpack.Progress] 92% sealing asset processing SourceMapDevToolPlugin 6802.a020487d565ec502c9d1.js generate SourceMap
<s> [webpack.Progress] 92% sealing asset processing SourceMapDevToolPlugin 6802.a020487d565ec502c9d1.js generated SourceMap
<s> [webpack.Progress] 92% sealing asset processing SourceMapDevToolPlugin 7980.0f4ce21c4b661e8989b0.js generate SourceMap
<s> [webpack.Progress] 92% sealing asset processing SourceMapDevToolPlugin 7980.0f4ce21c4b661e8989b0.js generated SourceMap
<s> [webpack.Progress] 92% sealing asset processing SourceMapDevToolPlugin 7115.de3c7662bc703a265fbb.js generate SourceMap
<s> [webpack.Progress] 92% sealing asset processing SourceMapDevToolPlugin 7115.de3c7662bc703a265fbb.js generated SourceMap
<s> [webpack.Progress] 92% sealing asset processing SourceMapDevToolPlugin 1523.856d24b5161e371353bf.js generate SourceMap
<s> [webpack.Progress] 92% sealing asset processing SourceMapDevToolPlugin 1523.856d24b5161e371353bf.js generated SourceMap
<s> [webpack.Progress] 92% sealing asset processing SourceMapDevToolPlugin 8650.d1615b96aaa0682ec286.js generate SourceMap
<s> [webpack.Progress] 92% sealing asset processing SourceMapDevToolPlugin 8650.d1615b96aaa0682ec286.js generated SourceMap
<s> [webpack.Progress] 92% sealing asset processing SourceMapDevToolPlugin 5087.6af16e95d5bb974cbed3.js generate SourceMap
<s> [webpack.Progress] 92% sealing asset processing SourceMapDevToolPlugin 5087.6af16e95d5bb974cbed3.js generated SourceMap
<s> [webpack.Progress] 92% sealing asset processing SourceMapDevToolPlugin 2664.1228e22267a70011b3b3.js generate SourceMap
<s> [webpack.Progress] 92% sealing asset processing SourceMapDevToolPlugin 2664.1228e22267a70011b3b3.js generated SourceMap
<s> [webpack.Progress] 92% sealing asset processing SourceMapDevToolPlugin 8811.f7447e8475aaeffd37e5.js generate SourceMap
<s> [webpack.Progress] 92% sealing asset processing SourceMapDevToolPlugin 8811.f7447e8475aaeffd37e5.js generated SourceMap
<s> [webpack.Progress] 92% sealing asset processing SourceMapDevToolPlugin 6141.0ea9b64814365674702b.js generate SourceMap
<s> [webpack.Progress] 92% sealing asset processing SourceMapDevToolPlugin 6141.0ea9b64814365674702b.js generated SourceMap
<s> [webpack.Progress] 92% sealing asset processing SourceMapDevToolPlugin 9277.72d9e5e063e53847db28.js generate SourceMap
<s> [webpack.Progress] 92% sealing asset processing SourceMapDevToolPlugin 9277.72d9e5e063e53847db28.js generated SourceMap
<s> [webpack.Progress] 92% sealing asset processing SourceMapDevToolPlugin 4753.cd1084102e9d71dd761b.js generate SourceMap
<s> [webpack.Progress] 92% sealing asset processing SourceMapDevToolPlugin 4753.cd1084102e9d71dd761b.js generated SourceMap
<s> [webpack.Progress] 92% sealing asset processing SourceMapDevToolPlugin 8359.03721bf8d215b9a84cc3.js generate SourceMap
<s> [webpack.Progress] 92% sealing asset processing SourceMapDevToolPlugin 8359.03721bf8d215b9a84cc3.js generated SourceMap
<s> [webpack.Progress] 92% sealing asset processing SourceMapDevToolPlugin 308.9bc3e5b9c3d1f24bfdfa.js generate SourceMap
<s> [webpack.Progress] 92% sealing asset processing SourceMapDevToolPlugin 308.9bc3e5b9c3d1f24bfdfa.js generated SourceMap
<s> [webpack.Progress] 92% sealing asset processing SourceMapDevToolPlugin 1768.26d302e906ba4e57d22b.js generate SourceMap
<s> [webpack.Progress] 92% sealing asset processing SourceMapDevToolPlugin 1768.26d302e906ba4e57d22b.js generated SourceMap
<s> [webpack.Progress] 92% sealing asset processing SourceMapDevToolPlugin 2250.dd96ccdae2254d14b473.js generate SourceMap
<s> [webpack.Progress] 92% sealing asset processing SourceMapDevToolPlugin 2250.dd96ccdae2254d14b473.js generated SourceMap
<s> [webpack.Progress] 92% sealing asset processing SourceMapDevToolPlugin 9354.30d5573407967fa9bdbb.js generate SourceMap
<s> [webpack.Progress] 92% sealing asset processing SourceMapDevToolPlugin 9354.30d5573407967fa9bdbb.js generated SourceMap
<s> [webpack.Progress] 92% sealing asset processing SourceMapDevToolPlugin 1391.36ee94ac3a2e7e2e739c.js generate SourceMap
<s> [webpack.Progress] 92% sealing asset processing SourceMapDevToolPlugin 1391.36ee94ac3a2e7e2e739c.js generated SourceMap
<s> [webpack.Progress] 92% sealing asset processing SourceMapDevToolPlugin 8015.531dcdf8c1bacd0cc9bd.js generate SourceMap
<s> [webpack.Progress] 92% sealing asset processing SourceMapDevToolPlugin 8015.531dcdf8c1bacd0cc9bd.js generated SourceMap
<s> [webpack.Progress] 92% sealing asset processing SourceMapDevToolPlugin 110.e7c7326acfa7a4d1a6bf.js generate SourceMap
<s> [webpack.Progress] 92% sealing asset processing SourceMapDevToolPlugin 110.e7c7326acfa7a4d1a6bf.js generated SourceMap
<s> [webpack.Progress] 92% sealing asset processing SourceMapDevToolPlugin 3139.cbeba2d8158915329118.js generate SourceMap
<s> [webpack.Progress] 92% sealing asset processing SourceMapDevToolPlugin 3139.cbeba2d8158915329118.js generated SourceMap
<s> [webpack.Progress] 92% sealing asset processing SourceMapDevToolPlugin 3931.8412dc5a4f8afca149d5.js generate SourceMap
<s> [webpack.Progress] 92% sealing asset processing SourceMapDevToolPlugin 3931.8412dc5a4f8afca149d5.js generated SourceMap
<s> [webpack.Progress] 92% sealing asset processing SourceMapDevToolPlugin 3809.bf3057d512ae2802dc5b.js generate SourceMap
<s> [webpack.Progress] 92% sealing asset processing SourceMapDevToolPlugin 3809.bf3057d512ae2802dc5b.js generated SourceMap
<s> [webpack.Progress] 92% sealing asset processing SourceMapDevToolPlugin 7226.efff73717df87d7a9bd0.js generate SourceMap
<s> [webpack.Progress] 92% sealing asset processing SourceMapDevToolPlugin 7226.efff73717df87d7a9bd0.js generated SourceMap
<s> [webpack.Progress] 92% sealing asset processing SourceMapDevToolPlugin 185.e8e012882d469a34b82d.js generate SourceMap
<s> [webpack.Progress] 92% sealing asset processing SourceMapDevToolPlugin 185.e8e012882d469a34b82d.js generated SourceMap
<s> [webpack.Progress] 92% sealing asset processing SourceMapDevToolPlugin 8946.e50059486f0e6fa923d1.js generate SourceMap
<s> [webpack.Progress] 92% sealing asset processing SourceMapDevToolPlugin 8946.e50059486f0e6fa923d1.js generated SourceMap
<s> [webpack.Progress] 92% sealing asset processing SourceMapDevToolPlugin 5925.5bf133b9664888971604.js generate SourceMap
<s> [webpack.Progress] 92% sealing asset processing SourceMapDevToolPlugin 5925.5bf133b9664888971604.js generated SourceMap
<s> [webpack.Progress] 92% sealing asset processing SourceMapDevToolPlugin 9807.c80b91cda0d83343e3b8.js generate SourceMap
<s> [webpack.Progress] 92% sealing asset processing SourceMapDevToolPlugin 9807.c80b91cda0d83343e3b8.js generated SourceMap
<s> [webpack.Progress] 92% sealing asset processing SourceMapDevToolPlugin 5151.c9e485aff3b861eeef7b.js generate SourceMap
<s> [webpack.Progress] 92% sealing asset processing SourceMapDevToolPlugin 5151.c9e485aff3b861eeef7b.js generated SourceMap
<s> [webpack.Progress] 92% sealing asset processing SourceMapDevToolPlugin 463.a70c28c0cdc217695946.js generate SourceMap
<s> [webpack.Progress] 92% sealing asset processing SourceMapDevToolPlugin 463.a70c28c0cdc217695946.js generated SourceMap
<s> [webpack.Progress] 92% sealing asset processing SourceMapDevToolPlugin 1791.1c2d2b3c328d7a1d45f8.js generate SourceMap
<s> [webpack.Progress] 92% sealing asset processing SourceMapDevToolPlugin 1791.1c2d2b3c328d7a1d45f8.js generated SourceMap
<s> [webpack.Progress] 92% sealing asset processing SourceMapDevToolPlugin 1474.8bee5dda448f742c6ebc.js generate SourceMap
<s> [webpack.Progress] 92% sealing asset processing SourceMapDevToolPlugin 1474.8bee5dda448f742c6ebc.js generated SourceMap
<s> [webpack.Progress] 92% sealing asset processing SourceMapDevToolPlugin 5404.0cbb1d8a49c7e379914b.js generate SourceMap
<s> [webpack.Progress] 92% sealing asset processing SourceMapDevToolPlugin 5404.0cbb1d8a49c7e379914b.js generated SourceMap
<s> [webpack.Progress] 92% sealing asset processing SourceMapDevToolPlugin 1105.8e8475d426ccb05eb49e.js generate SourceMap
<s> [webpack.Progress] 92% sealing asset processing SourceMapDevToolPlugin 1105.8e8475d426ccb05eb49e.js generated SourceMap
<s> [webpack.Progress] 92% sealing asset processing SourceMapDevToolPlugin 3104.850a8c648562e5dfb3a5.js generate SourceMap
<s> [webpack.Progress] 92% sealing asset processing SourceMapDevToolPlugin 3104.850a8c648562e5dfb3a5.js generated SourceMap
<s> [webpack.Progress] 92% sealing asset processing SourceMapDevToolPlugin 5098.3e98a4a3d3c74aae57bc.js generate SourceMap
<s> [webpack.Progress] 92% sealing asset processing SourceMapDevToolPlugin 5098.3e98a4a3d3c74aae57bc.js generated SourceMap
<s> [webpack.Progress] 92% sealing asset processing SourceMapDevToolPlugin 4655.b0f5413cea7b5f15ca0e.js generate SourceMap
<s> [webpack.Progress] 92% sealing asset processing SourceMapDevToolPlugin 4655.b0f5413cea7b5f15ca0e.js generated SourceMap
<s> [webpack.Progress] 92% sealing asset processing SourceMapDevToolPlugin 1887.48d40fc8afae5253de80.js generate SourceMap
<s> [webpack.Progress] 92% sealing asset processing SourceMapDevToolPlugin 1887.48d40fc8afae5253de80.js generated SourceMap
<s> [webpack.Progress] 92% sealing asset processing SourceMapDevToolPlugin 46.9742d457addf14039056.js generate SourceMap
<s> [webpack.Progress] 92% sealing asset processing SourceMapDevToolPlugin 46.9742d457addf14039056.js generated SourceMap
<s> [webpack.Progress] 92% sealing asset processing SourceMapDevToolPlugin 6906.e731086b7a18488941e9.js generate SourceMap
<s> [webpack.Progress] 92% sealing asset processing SourceMapDevToolPlugin 6906.e731086b7a18488941e9.js generated SourceMap
<s> [webpack.Progress] 92% sealing asset processing SourceMapDevToolPlugin 7133.ae2a6c3fe3bc760b387b.js generate SourceMap
<s> [webpack.Progress] 92% sealing asset processing SourceMapDevToolPlugin 7133.ae2a6c3fe3bc760b387b.js generated SourceMap
<s> [webpack.Progress] 92% sealing asset processing SourceMapDevToolPlugin 2514.6e5abae81f531554b829.js generate SourceMap
<s> [webpack.Progress] 92% sealing asset processing SourceMapDevToolPlugin 2514.6e5abae81f531554b829.js generated SourceMap
<s> [webpack.Progress] 92% sealing asset processing SourceMapDevToolPlugin 5437.3e9d345329b64847a8d5.js generate SourceMap
<s> [webpack.Progress] 92% sealing asset processing SourceMapDevToolPlugin 5437.3e9d345329b64847a8d5.js generated SourceMap
<s> [webpack.Progress] 92% sealing asset processing SourceMapDevToolPlugin 5609.f79d03070765dd82391b.js generate SourceMap
<s> [webpack.Progress] 92% sealing asset processing SourceMapDevToolPlugin 5609.f79d03070765dd82391b.js generated SourceMap
<s> [webpack.Progress] 92% sealing asset processing SourceMapDevToolPlugin 4113.19b95cd984e3496b674a.js generate SourceMap
<s> [webpack.Progress] 92% sealing asset processing SourceMapDevToolPlugin 4113.19b95cd984e3496b674a.js generated SourceMap
<s> [webpack.Progress] 92% sealing asset processing SourceMapDevToolPlugin 1938.36d3337259f9ced6cd2a.js generate SourceMap
<s> [webpack.Progress] 92% sealing asset processing SourceMapDevToolPlugin 1938.36d3337259f9ced6cd2a.js generated SourceMap
<s> [webpack.Progress] 92% sealing asset processing SourceMapDevToolPlugin 836.e01dba2827456aedd3e5.js generate SourceMap
<s> [webpack.Progress] 92% sealing asset processing SourceMapDevToolPlugin 836.e01dba2827456aedd3e5.js generated SourceMap
<s> [webpack.Progress] 92% sealing asset processing SourceMapDevToolPlugin 1476.cd26f582f958d8538f1c.js generate SourceMap
<s> [webpack.Progress] 92% sealing asset processing SourceMapDevToolPlugin 1476.cd26f582f958d8538f1c.js generated SourceMap
<s> [webpack.Progress] 92% sealing asset processing SourceMapDevToolPlugin 2317.2c826f94c0cf2afdb315.js generate SourceMap
<s> [webpack.Progress] 92% sealing asset processing SourceMapDevToolPlugin 2317.2c826f94c0cf2afdb315.js generated SourceMap
<s> [webpack.Progress] 92% sealing asset processing SourceMapDevToolPlugin 3396.eb517e50ea1120285f4e.js generate SourceMap
<s> [webpack.Progress] 92% sealing asset processing SourceMapDevToolPlugin 3396.eb517e50ea1120285f4e.js generated SourceMap
<s> [webpack.Progress] 92% sealing asset processing SourceMapDevToolPlugin 4480.a109439b780798233565.js generate SourceMap
<s> [webpack.Progress] 92% sealing asset processing SourceMapDevToolPlugin 4480.a109439b780798233565.js generated SourceMap
<s> [webpack.Progress] 92% sealing asset processing SourceMapDevToolPlugin 4859.e488c387f516c7803694.js generate SourceMap
<s> [webpack.Progress] 92% sealing asset processing SourceMapDevToolPlugin 4859.e488c387f516c7803694.js generated SourceMap
<s> [webpack.Progress] 92% sealing asset processing SourceMapDevToolPlugin 3442.bf463f01cce006281cac.js generate SourceMap
<s> [webpack.Progress] 92% sealing asset processing SourceMapDevToolPlugin 3442.bf463f01cce006281cac.js generated SourceMap
<s> [webpack.Progress] 92% sealing asset processing SourceMapDevToolPlugin 7219.01c25676c9156e97a5b5.js generate SourceMap
<s> [webpack.Progress] 92% sealing asset processing SourceMapDevToolPlugin 7219.01c25676c9156e97a5b5.js generated SourceMap
<s> [webpack.Progress] 92% sealing asset processing SourceMapDevToolPlugin js-5fa74877.998beb60d9cdb62963bd.js generate SourceMap
<s> [webpack.Progress] 92% sealing asset processing SourceMapDevToolPlugin js-5fa74877.998beb60d9cdb62963bd.js generated SourceMap
<s> [webpack.Progress] 92% sealing asset processing SourceMapDevToolPlugin js-2c7117ce.bfd041d43ffd5c0e19d6.js generate SourceMap
<s> [webpack.Progress] 92% sealing asset processing SourceMapDevToolPlugin js-2c7117ce.bfd041d43ffd5c0e19d6.js generated SourceMap
<s> [webpack.Progress] 92% sealing asset processing SourceMapDevToolPlugin js-84e32abe.c0c8422eb984b20eb5e8.js generate SourceMap
<s> [webpack.Progress] 92% sealing asset processing SourceMapDevToolPlugin js-84e32abe.c0c8422eb984b20eb5e8.js generated SourceMap
<s> [webpack.Progress] 92% sealing asset processing SourceMapDevToolPlugin js-71051298.c8d2708c5999f4332876.js generate SourceMap
<s> [webpack.Progress] 92% sealing asset processing SourceMapDevToolPlugin js-71051298.c8d2708c5999f4332876.js generated SourceMap
<s> [webpack.Progress] 92% sealing asset processing SourceMapDevToolPlugin js-319e4a23.917b94388591369fae19.js generate SourceMap
<s> [webpack.Progress] 92% sealing asset processing SourceMapDevToolPlugin js-319e4a23.917b94388591369fae19.js generated SourceMap
<s> [webpack.Progress] 92% sealing asset processing SourceMapDevToolPlugin vendor-cdd60c62.41971c10e93d845d7440.js generate SourceMap
<s> [webpack.Progress] 92% sealing asset processing SourceMapDevToolPlugin vendor-cdd60c62.41971c10e93d845d7440.js generated SourceMap
<s> [webpack.Progress] 92% sealing asset processing SourceMapDevToolPlugin vendor-d2eb5610.7cecc8fb6b7c0d6db16d.js generate SourceMap
<s> [webpack.Progress] 92% sealing asset processing SourceMapDevToolPlugin vendor-d2eb5610.7cecc8fb6b7c0d6db16d.js generated SourceMap
<s> [webpack.Progress] 92% sealing asset processing SourceMapDevToolPlugin vendor-24e2b4df.64a4a917951b1dc96653.js generate SourceMap
<s> [webpack.Progress] 92% sealing asset processing SourceMapDevToolPlugin vendor-24e2b4df.64a4a917951b1dc96653.js generated SourceMap
<s> [webpack.Progress] 92% sealing asset processing SourceMapDevToolPlugin vendor-6fff978b.c64f90dd7a009600b6d2.js generate SourceMap
<s> [webpack.Progress] 92% sealing asset processing SourceMapDevToolPlugin vendor-6fff978b.c64f90dd7a009600b6d2.js generated SourceMap
<s> [webpack.Progress] 92% sealing asset processing SourceMapDevToolPlugin vendor-9241dc7c.ed54002f7e63b1df7327.js generate SourceMap
<s> [webpack.Progress] 92% sealing asset processing SourceMapDevToolPlugin vendor-9241dc7c.ed54002f7e63b1df7327.js generated SourceMap
<s> [webpack.Progress] 92% sealing asset processing SourceMapDevToolPlugin vendor-059be3de.d9afb03197522afd2af9.js generate SourceMap
<s> [webpack.Progress] 92% sealing asset processing SourceMapDevToolPlugin vendor-059be3de.d9afb03197522afd2af9.js generated SourceMap
<s> [webpack.Progress] 92% sealing asset processing SourceMapDevToolPlugin vendor-9fdd03a1.142770d3c05ae5b01348.js generate SourceMap
<s> [webpack.Progress] 92% sealing asset processing SourceMapDevToolPlugin vendor-9fdd03a1.142770d3c05ae5b01348.js generated SourceMap
<s> [webpack.Progress] 92% sealing asset processing SourceMapDevToolPlugin vendor-d55b92e6.84ae6500c25a00773252.js generate SourceMap
<s> [webpack.Progress] 92% sealing asset processing SourceMapDevToolPlugin vendor-d55b92e6.84ae6500c25a00773252.js generated SourceMap
<s> [webpack.Progress] 92% sealing asset processing SourceMapDevToolPlugin vendor-cafe9547.4dc3b21d4dc5e5325848.js generate SourceMap
<s> [webpack.Progress] 92% sealing asset processing SourceMapDevToolPlugin vendor-cafe9547.4dc3b21d4dc5e5325848.js generated SourceMap
<s> [webpack.Progress] 92% sealing asset processing SourceMapDevToolPlugin vendor-0c1fb56a.1f5747f1f10386f51d28.js generate SourceMap
<s> [webpack.Progress] 92% sealing asset processing SourceMapDevToolPlugin vendor-0c1fb56a.1f5747f1f10386f51d28.js generated SourceMap
<s> [webpack.Progress] 92% sealing asset processing SourceMapDevToolPlugin vendor-a58ebfdb.6bf6d8a1be882cbf7cb3.js generate SourceMap
<s> [webpack.Progress] 92% sealing asset processing SourceMapDevToolPlugin vendor-a58ebfdb.6bf6d8a1be882cbf7cb3.js generated SourceMap
<s> [webpack.Progress] 92% sealing asset processing SourceMapDevToolPlugin vendor-da2abae2.b7eb115f0cc0fbd80d7f.js generate SourceMap
<s> [webpack.Progress] 92% sealing asset processing SourceMapDevToolPlugin vendor-da2abae2.b7eb115f0cc0fbd80d7f.js generated SourceMap
<s> [webpack.Progress] 92% sealing asset processing SourceMapDevToolPlugin vendor-0bc0478e.876412825db76fadd92e.js generate SourceMap
<s> [webpack.Progress] 92% sealing asset processing SourceMapDevToolPlugin vendor-0bc0478e.876412825db76fadd92e.js generated SourceMap
<s> [webpack.Progress] 92% sealing asset processing SourceMapDevToolPlugin vendor-5a94f17d.4a178459ed7da5470f95.js generate SourceMap
<s> [webpack.Progress] 92% sealing asset processing SourceMapDevToolPlugin vendor-5a94f17d.4a178459ed7da5470f95.js generated SourceMap
<s> [webpack.Progress] 92% sealing asset processing SourceMapDevToolPlugin vendor-eaa8b4e8.cc07c309c7fd766ba37f.js generate SourceMap
<s> [webpack.Progress] 92% sealing asset processing SourceMapDevToolPlugin vendor-eaa8b4e8.cc07c309c7fd766ba37f.js generated SourceMap
<s> [webpack.Progress] 92% sealing asset processing SourceMapDevToolPlugin vendor-229eafb5.c572e3b5f474e14636bc.js generate SourceMap
<s> [webpack.Progress] 92% sealing asset processing SourceMapDevToolPlugin vendor-229eafb5.c572e3b5f474e14636bc.js generated SourceMap
<s> [webpack.Progress] 92% sealing asset processing SourceMapDevToolPlugin 8554.eaac101a716079feffa5.js generate SourceMap
<s> [webpack.Progress] 92% sealing asset processing SourceMapDevToolPlugin 8554.eaac101a716079feffa5.js generated SourceMap
<s> [webpack.Progress] 92% sealing asset processing SourceMapDevToolPlugin 1245.180ed6a99eea832f36e4.js generate SourceMap
<s> [webpack.Progress] 92% sealing asset processing SourceMapDevToolPlugin 1245.180ed6a99eea832f36e4.js generated SourceMap
<s> [webpack.Progress] 92% sealing asset processing SourceMapDevToolPlugin 1089.6c915581818ae5e7f4fb.js generate SourceMap
<s> [webpack.Progress] 92% sealing asset processing SourceMapDevToolPlugin 1089.6c915581818ae5e7f4fb.js generated SourceMap
<s> [webpack.Progress] 92% sealing asset processing SourceMapDevToolPlugin 2267.b3879f22828184f3494a.js generate SourceMap
<s> [webpack.Progress] 92% sealing asset processing SourceMapDevToolPlugin 2267.b3879f22828184f3494a.js generated SourceMap
<s> [webpack.Progress] 92% sealing asset processing SourceMapDevToolPlugin 9523.71b4e5338d6f796be89b.js generate SourceMap
<s> [webpack.Progress] 92% sealing asset processing SourceMapDevToolPlugin 9523.71b4e5338d6f796be89b.js generated SourceMap
<s> [webpack.Progress] 92% sealing asset processing SourceMapDevToolPlugin 9525.9e9da94ef317ffa5487d.js generate SourceMap
<s> [webpack.Progress] 92% sealing asset processing SourceMapDevToolPlugin 9525.9e9da94ef317ffa5487d.js generated SourceMap
<s> [webpack.Progress] 92% sealing asset processing SourceMapDevToolPlugin 782.914d3ca88f0307307ca6.js generate SourceMap
<s> [webpack.Progress] 92% sealing asset processing SourceMapDevToolPlugin 782.914d3ca88f0307307ca6.js generated SourceMap
<s> [webpack.Progress] 92% sealing asset processing SourceMapDevToolPlugin 2913.a2a313f76f0decd801be.js generate SourceMap
<s> [webpack.Progress] 92% sealing asset processing SourceMapDevToolPlugin 2913.a2a313f76f0decd801be.js generated SourceMap
<s> [webpack.Progress] 92% sealing asset processing SourceMapDevToolPlugin 4594.f8ca38681a68b97e7c22.js generate SourceMap
<s> [webpack.Progress] 92% sealing asset processing SourceMapDevToolPlugin 4594.f8ca38681a68b97e7c22.js generated SourceMap
<s> [webpack.Progress] 92% sealing asset processing SourceMapDevToolPlugin 2806.6b8792394318e8e47925.js generate SourceMap
<s> [webpack.Progress] 92% sealing asset processing SourceMapDevToolPlugin 2806.6b8792394318e8e47925.js generated SourceMap
<s> [webpack.Progress] 92% sealing asset processing SourceMapDevToolPlugin 8190.119838abda6f806c699f.js generate SourceMap
<s> [webpack.Progress] 92% sealing asset processing SourceMapDevToolPlugin 8190.119838abda6f806c699f.js generated SourceMap
<s> [webpack.Progress] 92% sealing asset processing SourceMapDevToolPlugin 268.dbc2a38c4833aba34466.js generate SourceMap
<s> [webpack.Progress] 92% sealing asset processing SourceMapDevToolPlugin 268.dbc2a38c4833aba34466.js generated SourceMap
<s> [webpack.Progress] 92% sealing asset processing SourceMapDevToolPlugin 9417.26300b950447a80be574.js generate SourceMap
<s> [webpack.Progress] 92% sealing asset processing SourceMapDevToolPlugin 9417.26300b950447a80be574.js generated SourceMap
<s> [webpack.Progress] 92% sealing asset processing SourceMapDevToolPlugin 3841.ff129be3c544870f9578.js generate SourceMap
<s> [webpack.Progress] 92% sealing asset processing SourceMapDevToolPlugin 3841.ff129be3c544870f9578.js generated SourceMap
<s> [webpack.Progress] 92% sealing asset processing SourceMapDevToolPlugin 388.f73f2eade0a6c47706a9.js generate SourceMap
<s> [webpack.Progress] 92% sealing asset processing SourceMapDevToolPlugin 388.f73f2eade0a6c47706a9.js generated SourceMap
<s> [webpack.Progress] 92% sealing asset processing SourceMapDevToolPlugin 4544.1d25570566ca799fbd95.js generate SourceMap
<s> [webpack.Progress] 92% sealing asset processing SourceMapDevToolPlugin 4544.1d25570566ca799fbd95.js generated SourceMap
<s> [webpack.Progress] 92% sealing asset processing SourceMapDevToolPlugin snaps/bundle.js generate SourceMap
<s> [webpack.Progress] 92% sealing asset processing SourceMapDevToolPlugin snaps/bundle.js generated SourceMap
<s> [webpack.Progress] 92% sealing asset processing SourceMapDevToolPlugin resolve sources
<s> [webpack.Progress] 92% sealing asset processing SourceMapDevToolPlugin scripts/contentscript.js attach SourceMap
<s> [webpack.Progress] 92% sealing asset processing SourceMapDevToolPlugin scripts/contentscript.js attached SourceMap
<s> [webpack.Progress] 92% sealing asset processing SourceMapDevToolPlugin scripts/inpage.js attach SourceMap
<s> [webpack.Progress] 92% sealing asset processing SourceMapDevToolPlugin scripts/inpage.js attached SourceMap
<s> [webpack.Progress] 92% sealing asset processing SourceMapDevToolPlugin vendor/trezor/content-script.js attach SourceMap
<s> [webpack.Progress] 92% sealing asset processing SourceMapDevToolPlugin vendor/trezor/content-script.js attached SourceMap
<s> [webpack.Progress] 92% sealing asset processing SourceMapDevToolPlugin service-worker.js attach SourceMap
<s> [webpack.Progress] 92% sealing asset processing SourceMapDevToolPlugin service-worker.js attached SourceMap
<s> [webpack.Progress] 92% sealing asset processing SourceMapDevToolPlugin index.css attach SourceMap
<s> [webpack.Progress] 92% sealing asset processing SourceMapDevToolPlugin index.css attached SourceMap
<s> [webpack.Progress] 92% sealing asset processing SourceMapDevToolPlugin bootstrap.25b15f18331d123ce8d0.js attach SourceMap
<s> [webpack.Progress] 92% sealing asset processing SourceMapDevToolPlugin bootstrap.25b15f18331d123ce8d0.js attached SourceMap
<s> [webpack.Progress] 92% sealing asset processing SourceMapDevToolPlugin ui.5b45d300a2d127b67774.js attach SourceMap
<s> [webpack.Progress] 92% sealing asset processing SourceMapDevToolPlugin ui.5b45d300a2d127b67774.js attached SourceMap
<s> [webpack.Progress] 92% sealing asset processing SourceMapDevToolPlugin offscreen.1.f7eb9ac4e590d470dc7f.js attach SourceMap
<s> [webpack.Progress] 92% sealing asset processing SourceMapDevToolPlugin offscreen.1.f7eb9ac4e590d470dc7f.js attached SourceMap
<s> [webpack.Progress] 92% sealing asset processing SourceMapDevToolPlugin runtime.a634a4efb0085f247e09.js attach SourceMap
<s> [webpack.Progress] 92% sealing asset processing SourceMapDevToolPlugin runtime.a634a4efb0085f247e09.js attached SourceMap
<s> [webpack.Progress] 92% sealing asset processing SourceMapDevToolPlugin 9380.759b6ba3ae0235839c90.js attach SourceMap
<s> [webpack.Progress] 92% sealing asset processing SourceMapDevToolPlugin 9380.759b6ba3ae0235839c90.js attached SourceMap
<s> [webpack.Progress] 92% sealing asset processing SourceMapDevToolPlugin 1122.b6b8487dc545f772a665.js attach SourceMap
<s> [webpack.Progress] 92% sealing asset processing SourceMapDevToolPlugin 1122.b6b8487dc545f772a665.js attached SourceMap
<s> [webpack.Progress] 92% sealing asset processing SourceMapDevToolPlugin 2721.b2629f19ec0ea5f37370.js attach SourceMap
<s> [webpack.Progress] 92% sealing asset processing SourceMapDevToolPlugin 2721.b2629f19ec0ea5f37370.js attached SourceMap
<s> [webpack.Progress] 92% sealing asset processing SourceMapDevToolPlugin 7160.f737b819cf889f47e16f.js attach SourceMap
<s> [webpack.Progress] 92% sealing asset processing SourceMapDevToolPlugin 7160.f737b819cf889f47e16f.js attached SourceMap
<s> [webpack.Progress] 92% sealing asset processing SourceMapDevToolPlugin 8792.a2b45a9cc18b67dcf0b9.js attach SourceMap
<s> [webpack.Progress] 92% sealing asset processing SourceMapDevToolPlugin 8792.a2b45a9cc18b67dcf0b9.js attached SourceMap
<s> [webpack.Progress] 92% sealing asset processing SourceMapDevToolPlugin 5657.4a1364e563b7259a47d0.js attach SourceMap
<s> [webpack.Progress] 92% sealing asset processing SourceMapDevToolPlugin 5657.4a1364e563b7259a47d0.js attached SourceMap
<s> [webpack.Progress] 92% sealing asset processing SourceMapDevToolPlugin 2962.0daa9e6418dbfc9cc42b.js attach SourceMap
<s> [webpack.Progress] 92% sealing asset processing SourceMapDevToolPlugin 2962.0daa9e6418dbfc9cc42b.js attached SourceMap
<s> [webpack.Progress] 92% sealing asset processing SourceMapDevToolPlugin 5671.210a003c51a996650546.js attach SourceMap
<s> [webpack.Progress] 92% sealing asset processing SourceMapDevToolPlugin 5671.210a003c51a996650546.js attached SourceMap
<s> [webpack.Progress] 92% sealing asset processing SourceMapDevToolPlugin 6565.43bb993cd06bf14b7bd0.js attach SourceMap
<s> [webpack.Progress] 92% sealing asset processing SourceMapDevToolPlugin 6565.43bb993cd06bf14b7bd0.js attached SourceMap
<s> [webpack.Progress] 92% sealing asset processing SourceMapDevToolPlugin 4593.d62b1a4b8c8d6348ae36.js attach SourceMap
<s> [webpack.Progress] 92% sealing asset processing SourceMapDevToolPlugin 4593.d62b1a4b8c8d6348ae36.js attached SourceMap
<s> [webpack.Progress] 92% sealing asset processing SourceMapDevToolPlugin 2213.b40a1da5543fe641367f.js attach SourceMap
<s> [webpack.Progress] 92% sealing asset processing SourceMapDevToolPlugin 2213.b40a1da5543fe641367f.js attached SourceMap
<s> [webpack.Progress] 92% sealing asset processing SourceMapDevToolPlugin 2445.a408788e19e66c2e1f59.js attach SourceMap
<s> [webpack.Progress] 92% sealing asset processing SourceMapDevToolPlugin 2445.a408788e19e66c2e1f59.js attached SourceMap
<s> [webpack.Progress] 92% sealing asset processing SourceMapDevToolPlugin 891.b89f43288942eb5f37f0.js attach SourceMap
<s> [webpack.Progress] 92% sealing asset processing SourceMapDevToolPlugin 891.b89f43288942eb5f37f0.js attached SourceMap
<s> [webpack.Progress] 92% sealing asset processing SourceMapDevToolPlugin 4073.68c1820a59d6cc348f2d.js attach SourceMap
<s> [webpack.Progress] 92% sealing asset processing SourceMapDevToolPlugin 4073.68c1820a59d6cc348f2d.js attached SourceMap
<s> [webpack.Progress] 92% sealing asset processing SourceMapDevToolPlugin 9949.45b9a655224516c781ee.js attach SourceMap
<s> [webpack.Progress] 92% sealing asset processing SourceMapDevToolPlugin 9949.45b9a655224516c781ee.js attached SourceMap
<s> [webpack.Progress] 92% sealing asset processing SourceMapDevToolPlugin 4781.ff0a9f8197e747ee1573.js attach SourceMap
<s> [webpack.Progress] 92% sealing asset processing SourceMapDevToolPlugin 4781.ff0a9f8197e747ee1573.js attached SourceMap
<s> [webpack.Progress] 92% sealing asset processing SourceMapDevToolPlugin 343.899f8a7b4a26cb4f35d1.js attach SourceMap
<s> [webpack.Progress] 92% sealing asset processing SourceMapDevToolPlugin 343.899f8a7b4a26cb4f35d1.js attached SourceMap
<s> [webpack.Progress] 92% sealing asset processing SourceMapDevToolPlugin 1331.666a584c4d5cce050953.js attach SourceMap
<s> [webpack.Progress] 92% sealing asset processing SourceMapDevToolPlugin 1331.666a584c4d5cce050953.js attached SourceMap
<s> [webpack.Progress] 92% sealing asset processing SourceMapDevToolPlugin 133.53248e43d9749a871ade.js attach SourceMap
<s> [webpack.Progress] 92% sealing asset processing SourceMapDevToolPlugin 133.53248e43d9749a871ade.js attached SourceMap
<s> [webpack.Progress] 92% sealing asset processing SourceMapDevToolPlugin 483.5690013647b918af75e7.js attach SourceMap
<s> [webpack.Progress] 92% sealing asset processing SourceMapDevToolPlugin 483.5690013647b918af75e7.js attached SourceMap
<s> [webpack.Progress] 92% sealing asset processing SourceMapDevToolPlugin 6053.8dea2a5147d7df80aebc.js attach SourceMap
<s> [webpack.Progress] 92% sealing asset processing SourceMapDevToolPlugin 6053.8dea2a5147d7df80aebc.js attached SourceMap
<s> [webpack.Progress] 92% sealing asset processing SourceMapDevToolPlugin 5337.1b6df67009a5002d76e7.js attach SourceMap
<s> [webpack.Progress] 92% sealing asset processing SourceMapDevToolPlugin 5337.1b6df67009a5002d76e7.js attached SourceMap
<s> [webpack.Progress] 92% sealing asset processing SourceMapDevToolPlugin 1598.88532b93858218db4bc9.js attach SourceMap
<s> [webpack.Progress] 92% sealing asset processing SourceMapDevToolPlugin 1598.88532b93858218db4bc9.js attached SourceMap
<s> [webpack.Progress] 92% sealing asset processing SourceMapDevToolPlugin 9165.87e8c53b19711ecf9363.js attach SourceMap
<s> [webpack.Progress] 92% sealing asset processing SourceMapDevToolPlugin 9165.87e8c53b19711ecf9363.js attached SourceMap
<s> [webpack.Progress] 92% sealing asset processing SourceMapDevToolPlugin 7064.534de52c414855b3000b.js attach SourceMap
<s> [webpack.Progress] 92% sealing asset processing SourceMapDevToolPlugin 7064.534de52c414855b3000b.js attached SourceMap
<s> [webpack.Progress] 92% sealing asset processing SourceMapDevToolPlugin 1826.26d3674abaa2d058d644.js attach SourceMap
<s> [webpack.Progress] 92% sealing asset processing SourceMapDevToolPlugin 1826.26d3674abaa2d058d644.js attached SourceMap
<s> [webpack.Progress] 92% sealing asset processing SourceMapDevToolPlugin 2747.e94806882c9e03d3121e.js attach SourceMap
<s> [webpack.Progress] 92% sealing asset processing SourceMapDevToolPlugin 2747.e94806882c9e03d3121e.js attached SourceMap
<s> [webpack.Progress] 92% sealing asset processing SourceMapDevToolPlugin 2449.0ec6b2c1b53f0730b7c9.js attach SourceMap
<s> [webpack.Progress] 92% sealing asset processing SourceMapDevToolPlugin 2449.0ec6b2c1b53f0730b7c9.js attached SourceMap
<s> [webpack.Progress] 92% sealing asset processing SourceMapDevToolPlugin 2222.6dbc8ced3e6be773232f.js attach SourceMap
<s> [webpack.Progress] 92% sealing asset processing SourceMapDevToolPlugin 2222.6dbc8ced3e6be773232f.js attached SourceMap
<s> [webpack.Progress] 92% sealing asset processing SourceMapDevToolPlugin 1822.b6a08ce8e74441e6e552.js attach SourceMap
<s> [webpack.Progress] 92% sealing asset processing SourceMapDevToolPlugin 1822.b6a08ce8e74441e6e552.js attached SourceMap
<s> [webpack.Progress] 92% sealing asset processing SourceMapDevToolPlugin 305.c1a271014101e9c3c2bd.js attach SourceMap
<s> [webpack.Progress] 92% sealing asset processing SourceMapDevToolPlugin 305.c1a271014101e9c3c2bd.js attached SourceMap
<s> [webpack.Progress] 92% sealing asset processing SourceMapDevToolPlugin 2598.8e3b7a6a90a33f4a9e4e.js attach SourceMap
<s> [webpack.Progress] 92% sealing asset processing SourceMapDevToolPlugin 2598.8e3b7a6a90a33f4a9e4e.js attached SourceMap
<s> [webpack.Progress] 92% sealing asset processing SourceMapDevToolPlugin 3756.d9d013b64b0be4af8d56.js attach SourceMap
<s> [webpack.Progress] 92% sealing asset processing SourceMapDevToolPlugin 3756.d9d013b64b0be4af8d56.js attached SourceMap
<s> [webpack.Progress] 92% sealing asset processing SourceMapDevToolPlugin 6998.99981308bb456484d39a.js attach SourceMap
<s> [webpack.Progress] 92% sealing asset processing SourceMapDevToolPlugin 6998.99981308bb456484d39a.js attached SourceMap
<s> [webpack.Progress] 92% sealing asset processing SourceMapDevToolPlugin 4579.96ffaf5a4c71cb816aa3.js attach SourceMap
<s> [webpack.Progress] 92% sealing asset processing SourceMapDevToolPlugin 4579.96ffaf5a4c71cb816aa3.js attached SourceMap
<s> [webpack.Progress] 92% sealing asset processing SourceMapDevToolPlugin 4520.10d79f657a41bd4bcf5e.js attach SourceMap
<s> [webpack.Progress] 92% sealing asset processing SourceMapDevToolPlugin 4520.10d79f657a41bd4bcf5e.js attached SourceMap
<s> [webpack.Progress] 92% sealing asset processing SourceMapDevToolPlugin 339.54329602fc46e06b1aa6.js attach SourceMap
<s> [webpack.Progress] 92% sealing asset processing SourceMapDevToolPlugin 339.54329602fc46e06b1aa6.js attached SourceMap
<s> [webpack.Progress] 92% sealing asset processing SourceMapDevToolPlugin 8063.d160cfc7d87d70692188.js attach SourceMap
<s> [webpack.Progress] 92% sealing asset processing SourceMapDevToolPlugin 8063.d160cfc7d87d70692188.js attached SourceMap
<s> [webpack.Progress] 92% sealing asset processing SourceMapDevToolPlugin 9737.9f5788c9f4f046522a33.js attach SourceMap
<s> [webpack.Progress] 92% sealing asset processing SourceMapDevToolPlugin 9737.9f5788c9f4f046522a33.js attached SourceMap
<s> [webpack.Progress] 92% sealing asset processing SourceMapDevToolPlugin 4052.52e308be42944f95d738.js attach SourceMap
<s> [webpack.Progress] 92% sealing asset processing SourceMapDevToolPlugin 4052.52e308be42944f95d738.js attached SourceMap
<s> [webpack.Progress] 92% sealing asset processing SourceMapDevToolPlugin 3885.79ce51d70df1f1d00bea.js attach SourceMap
<s> [webpack.Progress] 92% sealing asset processing SourceMapDevToolPlugin 3885.79ce51d70df1f1d00bea.js attached SourceMap
<s> [webpack.Progress] 92% sealing asset processing SourceMapDevToolPlugin 5297.396817614e5c6555b9c6.js attach SourceMap
<s> [webpack.Progress] 92% sealing asset processing SourceMapDevToolPlugin 5297.396817614e5c6555b9c6.js attached SourceMap
<s> [webpack.Progress] 92% sealing asset processing SourceMapDevToolPlugin 9600.3c6c1a566a37678c443d.js attach SourceMap
<s> [webpack.Progress] 92% sealing asset processing SourceMapDevToolPlugin 9600.3c6c1a566a37678c443d.js attached SourceMap
<s> [webpack.Progress] 92% sealing asset processing SourceMapDevToolPlugin 8927.0678aad75b589a398c7b.js attach SourceMap
<s> [webpack.Progress] 92% sealing asset processing SourceMapDevToolPlugin 8927.0678aad75b589a398c7b.js attached SourceMap
<s> [webpack.Progress] 92% sealing asset processing SourceMapDevToolPlugin 3740.3d277004b265e0e33519.js attach SourceMap
<s> [webpack.Progress] 92% sealing asset processing SourceMapDevToolPlugin 3740.3d277004b265e0e33519.js attached SourceMap
<s> [webpack.Progress] 92% sealing asset processing SourceMapDevToolPlugin 1864.34171aa2d17962da5641.js attach SourceMap
<s> [webpack.Progress] 92% sealing asset processing SourceMapDevToolPlugin 1864.34171aa2d17962da5641.js attached SourceMap
<s> [webpack.Progress] 92% sealing asset processing SourceMapDevToolPlugin 5964.eafb5289e7d9eee9db3d.js attach SourceMap
<s> [webpack.Progress] 92% sealing asset processing SourceMapDevToolPlugin 5964.eafb5289e7d9eee9db3d.js attached SourceMap
<s> [webpack.Progress] 92% sealing asset processing SourceMapDevToolPlugin 5762.8f220e043d49c7817f71.js attach SourceMap
<s> [webpack.Progress] 92% sealing asset processing SourceMapDevToolPlugin 5762.8f220e043d49c7817f71.js attached SourceMap
<s> [webpack.Progress] 92% sealing asset processing SourceMapDevToolPlugin 4323.0eef3efb12c7dee3b6d1.js attach SourceMap
<s> [webpack.Progress] 92% sealing asset processing SourceMapDevToolPlugin 4323.0eef3efb12c7dee3b6d1.js attached SourceMap
<s> [webpack.Progress] 92% sealing asset processing SourceMapDevToolPlugin 3404.b75d263c450d498d3675.js attach SourceMap
<s> [webpack.Progress] 92% sealing asset processing SourceMapDevToolPlugin 3404.b75d263c450d498d3675.js attached SourceMap
<s> [webpack.Progress] 92% sealing asset processing SourceMapDevToolPlugin 6649.3b2e594a99ce32dcaeae.js attach SourceMap
<s> [webpack.Progress] 92% sealing asset processing SourceMapDevToolPlugin 6649.3b2e594a99ce32dcaeae.js attached SourceMap
<s> [webpack.Progress] 92% sealing asset processing SourceMapDevToolPlugin 2203.cc7228f6faaa80a982b7.js attach SourceMap
<s> [webpack.Progress] 92% sealing asset processing SourceMapDevToolPlugin 2203.cc7228f6faaa80a982b7.js attached SourceMap
<s> [webpack.Progress] 92% sealing asset processing SourceMapDevToolPlugin 5458.4b78be267f53dbbfed07.js attach SourceMap
<s> [webpack.Progress] 92% sealing asset processing SourceMapDevToolPlugin 5458.4b78be267f53dbbfed07.js attached SourceMap
<s> [webpack.Progress] 92% sealing asset processing SourceMapDevToolPlugin 229.a2ae66b7a2e41d1dad61.js attach SourceMap
<s> [webpack.Progress] 92% sealing asset processing SourceMapDevToolPlugin 229.a2ae66b7a2e41d1dad61.js attached SourceMap
<s> [webpack.Progress] 92% sealing asset processing SourceMapDevToolPlugin 1309.dd1f35d40a976f3ed884.js attach SourceMap
<s> [webpack.Progress] 92% sealing asset processing SourceMapDevToolPlugin 1309.dd1f35d40a976f3ed884.js attached SourceMap
<s> [webpack.Progress] 92% sealing asset processing SourceMapDevToolPlugin 8093.8a1bc28351ae3739bafb.js attach SourceMap
<s> [webpack.Progress] 92% sealing asset processing SourceMapDevToolPlugin 8093.8a1bc28351ae3739bafb.js attached SourceMap
<s> [webpack.Progress] 92% sealing asset processing SourceMapDevToolPlugin 3785.47d60b7dc4032dab20df.js attach SourceMap
<s> [webpack.Progress] 92% sealing asset processing SourceMapDevToolPlugin 3785.47d60b7dc4032dab20df.js attached SourceMap
<s> [webpack.Progress] 92% sealing asset processing SourceMapDevToolPlugin 7651.00467a05edaa4fe079ea.js attach SourceMap
<s> [webpack.Progress] 92% sealing asset processing SourceMapDevToolPlugin 7651.00467a05edaa4fe079ea.js attached SourceMap
<s> [webpack.Progress] 92% sealing asset processing SourceMapDevToolPlugin 7755.99e708d686e65122a39a.js attach SourceMap
<s> [webpack.Progress] 92% sealing asset processing SourceMapDevToolPlugin 7755.99e708d686e65122a39a.js attached SourceMap
<s> [webpack.Progress] 92% sealing asset processing SourceMapDevToolPlugin 3956.73691e7d148d02ddcd7d.js attach SourceMap
<s> [webpack.Progress] 92% sealing asset processing SourceMapDevToolPlugin 3956.73691e7d148d02ddcd7d.js attached SourceMap
<s> [webpack.Progress] 92% sealing asset processing SourceMapDevToolPlugin 5175.63870faa435cf65a1000.js attach SourceMap
<s> [webpack.Progress] 92% sealing asset processing SourceMapDevToolPlugin 5175.63870faa435cf65a1000.js attached SourceMap
<s> [webpack.Progress] 92% sealing asset processing SourceMapDevToolPlugin 461.aac590956969883f4536.js attach SourceMap
<s> [webpack.Progress] 92% sealing asset processing SourceMapDevToolPlugin 461.aac590956969883f4536.js attached SourceMap
<s> [webpack.Progress] 92% sealing asset processing SourceMapDevToolPlugin 2186.ac2e62f5dee8ec7cb3b4.js attach SourceMap
<s> [webpack.Progress] 92% sealing asset processing SourceMapDevToolPlugin 2186.ac2e62f5dee8ec7cb3b4.js attached SourceMap
<s> [webpack.Progress] 92% sealing asset processing SourceMapDevToolPlugin 2638.ac545fc9c77def563fcc.js attach SourceMap
<s> [webpack.Progress] 92% sealing asset processing SourceMapDevToolPlugin 2638.ac545fc9c77def563fcc.js attached SourceMap
<s> [webpack.Progress] 92% sealing asset processing SourceMapDevToolPlugin 9957.d61c586fe799f8944cb4.js attach SourceMap
<s> [webpack.Progress] 92% sealing asset processing SourceMapDevToolPlugin 9957.d61c586fe799f8944cb4.js attached SourceMap
<s> [webpack.Progress] 92% sealing asset processing SourceMapDevToolPlugin 1507.0817fc4156bd8669d592.js attach SourceMap
<s> [webpack.Progress] 92% sealing asset processing SourceMapDevToolPlugin 1507.0817fc4156bd8669d592.js attached SourceMap
<s> [webpack.Progress] 92% sealing asset processing SourceMapDevToolPlugin 425.5ff289b1482add941954.js attach SourceMap
<s> [webpack.Progress] 92% sealing asset processing SourceMapDevToolPlugin 425.5ff289b1482add941954.js attached SourceMap
<s> [webpack.Progress] 92% sealing asset processing SourceMapDevToolPlugin 6622.693d47005c37f017e738.js attach SourceMap
<s> [webpack.Progress] 92% sealing asset processing SourceMapDevToolPlugin 6622.693d47005c37f017e738.js attached SourceMap
<s> [webpack.Progress] 92% sealing asset processing SourceMapDevToolPlugin 9038.8b0aa0d1305a4c4579d5.js attach SourceMap
<s> [webpack.Progress] 92% sealing asset processing SourceMapDevToolPlugin 9038.8b0aa0d1305a4c4579d5.js attached SourceMap
<s> [webpack.Progress] 92% sealing asset processing SourceMapDevToolPlugin 2584.676f7af577b12743c4c5.js attach SourceMap
<s> [webpack.Progress] 92% sealing asset processing SourceMapDevToolPlugin 2584.676f7af577b12743c4c5.js attached SourceMap
<s> [webpack.Progress] 92% sealing asset processing SourceMapDevToolPlugin 6828.f70dc8594ddc0f1a8fa4.js attach SourceMap
<s> [webpack.Progress] 92% sealing asset processing SourceMapDevToolPlugin 6828.f70dc8594ddc0f1a8fa4.js attached SourceMap
<s> [webpack.Progress] 92% sealing asset processing SourceMapDevToolPlugin 407.8d2349cdf31d26dcff8a.js attach SourceMap
<s> [webpack.Progress] 92% sealing asset processing SourceMapDevToolPlugin 407.8d2349cdf31d26dcff8a.js attached SourceMap
<s> [webpack.Progress] 92% sealing asset processing SourceMapDevToolPlugin 9689.616b20f1c2971bbbfb6f.js attach SourceMap
<s> [webpack.Progress] 92% sealing asset processing SourceMapDevToolPlugin 9689.616b20f1c2971bbbfb6f.js attached SourceMap
<s> [webpack.Progress] 92% sealing asset processing SourceMapDevToolPlugin 670.b2f7a847303a807b670e.js attach SourceMap
<s> [webpack.Progress] 92% sealing asset processing SourceMapDevToolPlugin 670.b2f7a847303a807b670e.js attached SourceMap
<s> [webpack.Progress] 92% sealing asset processing SourceMapDevToolPlugin 8935.b77adb5c47013a965b20.js attach SourceMap
<s> [webpack.Progress] 92% sealing asset processing SourceMapDevToolPlugin 8935.b77adb5c47013a965b20.js attached SourceMap
<s> [webpack.Progress] 92% sealing asset processing SourceMapDevToolPlugin 9060.82cb4ba110b50746a5c8.js attach SourceMap
<s> [webpack.Progress] 92% sealing asset processing SourceMapDevToolPlugin 9060.82cb4ba110b50746a5c8.js attached SourceMap
<s> [webpack.Progress] 92% sealing asset processing SourceMapDevToolPlugin 4274.61fae43054dbb3f925db.js attach SourceMap
<s> [webpack.Progress] 92% sealing asset processing SourceMapDevToolPlugin 4274.61fae43054dbb3f925db.js attached SourceMap
<s> [webpack.Progress] 92% sealing asset processing SourceMapDevToolPlugin 2160.79628126632725338b9f.js attach SourceMap
<s> [webpack.Progress] 92% sealing asset processing SourceMapDevToolPlugin 2160.79628126632725338b9f.js attached SourceMap
<s> [webpack.Progress] 92% sealing asset processing SourceMapDevToolPlugin 7449.370dba4839d61da0100d.js attach SourceMap
<s> [webpack.Progress] 92% sealing asset processing SourceMapDevToolPlugin 7449.370dba4839d61da0100d.js attached SourceMap
<s> [webpack.Progress] 92% sealing asset processing SourceMapDevToolPlugin 904.9310cb98a80f5e547b68.js attach SourceMap
<s> [webpack.Progress] 92% sealing asset processing SourceMapDevToolPlugin 904.9310cb98a80f5e547b68.js attached SourceMap
<s> [webpack.Progress] 92% sealing asset processing SourceMapDevToolPlugin 659.cf4dd80dc4cebaa7f7af.js attach SourceMap
<s> [webpack.Progress] 92% sealing asset processing SourceMapDevToolPlugin 659.cf4dd80dc4cebaa7f7af.js attached SourceMap
<s> [webpack.Progress] 92% sealing asset processing SourceMapDevToolPlugin 7899.a403c8f2799336a6c31d.js attach SourceMap
<s> [webpack.Progress] 92% sealing asset processing SourceMapDevToolPlugin 7899.a403c8f2799336a6c31d.js attached SourceMap
<s> [webpack.Progress] 92% sealing asset processing SourceMapDevToolPlugin 8994.975039e31812f48fcb52.js attach SourceMap
<s> [webpack.Progress] 92% sealing asset processing SourceMapDevToolPlugin 8994.975039e31812f48fcb52.js attached SourceMap
<s> [webpack.Progress] 92% sealing asset processing SourceMapDevToolPlugin 2189.fcd4437a50f89bfa34d5.js attach SourceMap
<s> [webpack.Progress] 92% sealing asset processing SourceMapDevToolPlugin 2189.fcd4437a50f89bfa34d5.js attached SourceMap
<s> [webpack.Progress] 92% sealing asset processing SourceMapDevToolPlugin 6358.9d54cf0524a8b445b7df.js attach SourceMap
<s> [webpack.Progress] 92% sealing asset processing SourceMapDevToolPlugin 6358.9d54cf0524a8b445b7df.js attached SourceMap
<s> [webpack.Progress] 92% sealing asset processing SourceMapDevToolPlugin 3375.4a45e5dbe3be93ee4ddc.js attach SourceMap
<s> [webpack.Progress] 92% sealing asset processing SourceMapDevToolPlugin 3375.4a45e5dbe3be93ee4ddc.js attached SourceMap
<s> [webpack.Progress] 92% sealing asset processing SourceMapDevToolPlugin js-de2d6f9a.9cbf7e5cf03376f16d79.js attach SourceMap
<s> [webpack.Progress] 92% sealing asset processing SourceMapDevToolPlugin js-de2d6f9a.9cbf7e5cf03376f16d79.js attached SourceMap
<s> [webpack.Progress] 92% sealing asset processing SourceMapDevToolPlugin vendor-a5ce148e.e9c706bb86b1cebac41e.js attach SourceMap
<s> [webpack.Progress] 92% sealing asset processing SourceMapDevToolPlugin vendor-a5ce148e.e9c706bb86b1cebac41e.js attached SourceMap
<s> [webpack.Progress] 92% sealing asset processing SourceMapDevToolPlugin 1290.45f7180fa0a945c119ec.js attach SourceMap
<s> [webpack.Progress] 92% sealing asset processing SourceMapDevToolPlugin 1290.45f7180fa0a945c119ec.js attached SourceMap
<s> [webpack.Progress] 92% sealing asset processing SourceMapDevToolPlugin 427.b2586ba433cf703f9f27.js attach SourceMap
<s> [webpack.Progress] 92% sealing asset processing SourceMapDevToolPlugin 427.b2586ba433cf703f9f27.js attached SourceMap
<s> [webpack.Progress] 92% sealing asset processing SourceMapDevToolPlugin 9289.e1e57cb11649f485085d.js attach SourceMap
<s> [webpack.Progress] 92% sealing asset processing SourceMapDevToolPlugin 9289.e1e57cb11649f485085d.js attached SourceMap
<s> [webpack.Progress] 92% sealing asset processing SourceMapDevToolPlugin 9232.65f055d6ff8cc0dff23b.js attach SourceMap
<s> [webpack.Progress] 92% sealing asset processing SourceMapDevToolPlugin 9232.65f055d6ff8cc0dff23b.js attached SourceMap
<s> [webpack.Progress] 92% sealing asset processing SourceMapDevToolPlugin 7555.36622985ddebb8081d8e.js attach SourceMap
<s> [webpack.Progress] 92% sealing asset processing SourceMapDevToolPlugin 7555.36622985ddebb8081d8e.js attached SourceMap
<s> [webpack.Progress] 92% sealing asset processing SourceMapDevToolPlugin 418.9e916b14d6d2c8363ca2.js attach SourceMap
<s> [webpack.Progress] 92% sealing asset processing SourceMapDevToolPlugin 418.9e916b14d6d2c8363ca2.js attached SourceMap
<s> [webpack.Progress] 92% sealing asset processing SourceMapDevToolPlugin 2710.c02229fad0fa071008fd.js attach SourceMap
<s> [webpack.Progress] 92% sealing asset processing SourceMapDevToolPlugin 2710.c02229fad0fa071008fd.js attached SourceMap
<s> [webpack.Progress] 92% sealing asset processing SourceMapDevToolPlugin 8734.0429d71445e64f9b408a.js attach SourceMap
<s> [webpack.Progress] 92% sealing asset processing SourceMapDevToolPlugin 8734.0429d71445e64f9b408a.js attached SourceMap
<s> [webpack.Progress] 92% sealing asset processing SourceMapDevToolPlugin 6802.a020487d565ec502c9d1.js attach SourceMap
<s> [webpack.Progress] 92% sealing asset processing SourceMapDevToolPlugin 6802.a020487d565ec502c9d1.js attached SourceMap
<s> [webpack.Progress] 92% sealing asset processing SourceMapDevToolPlugin 7980.0f4ce21c4b661e8989b0.js attach SourceMap
<s> [webpack.Progress] 92% sealing asset processing SourceMapDevToolPlugin 7980.0f4ce21c4b661e8989b0.js attached SourceMap
<s> [webpack.Progress] 92% sealing asset processing SourceMapDevToolPlugin 7115.de3c7662bc703a265fbb.js attach SourceMap
<s> [webpack.Progress] 92% sealing asset processing SourceMapDevToolPlugin 7115.de3c7662bc703a265fbb.js attached SourceMap
<s> [webpack.Progress] 92% sealing asset processing SourceMapDevToolPlugin 1523.856d24b5161e371353bf.js attach SourceMap
<s> [webpack.Progress] 92% sealing asset processing SourceMapDevToolPlugin 1523.856d24b5161e371353bf.js attached SourceMap
<s> [webpack.Progress] 92% sealing asset processing SourceMapDevToolPlugin 8650.d1615b96aaa0682ec286.js attach SourceMap
<s> [webpack.Progress] 92% sealing asset processing SourceMapDevToolPlugin 8650.d1615b96aaa0682ec286.js attached SourceMap
<s> [webpack.Progress] 92% sealing asset processing SourceMapDevToolPlugin 5087.6af16e95d5bb974cbed3.js attach SourceMap
<s> [webpack.Progress] 92% sealing asset processing SourceMapDevToolPlugin 5087.6af16e95d5bb974cbed3.js attached SourceMap
<s> [webpack.Progress] 92% sealing asset processing SourceMapDevToolPlugin 2664.1228e22267a70011b3b3.js attach SourceMap
<s> [webpack.Progress] 92% sealing asset processing SourceMapDevToolPlugin 2664.1228e22267a70011b3b3.js attached SourceMap
<s> [webpack.Progress] 92% sealing asset processing SourceMapDevToolPlugin 8811.f7447e8475aaeffd37e5.js attach SourceMap
<s> [webpack.Progress] 92% sealing asset processing SourceMapDevToolPlugin 8811.f7447e8475aaeffd37e5.js attached SourceMap
<s> [webpack.Progress] 92% sealing asset processing SourceMapDevToolPlugin 6141.0ea9b64814365674702b.js attach SourceMap
<s> [webpack.Progress] 92% sealing asset processing SourceMapDevToolPlugin 6141.0ea9b64814365674702b.js attached SourceMap
<s> [webpack.Progress] 92% sealing asset processing SourceMapDevToolPlugin 9277.72d9e5e063e53847db28.js attach SourceMap
<s> [webpack.Progress] 92% sealing asset processing SourceMapDevToolPlugin 9277.72d9e5e063e53847db28.js attached SourceMap
<s> [webpack.Progress] 92% sealing asset processing SourceMapDevToolPlugin 4753.cd1084102e9d71dd761b.js attach SourceMap
<s> [webpack.Progress] 92% sealing asset processing SourceMapDevToolPlugin 4753.cd1084102e9d71dd761b.js attached SourceMap
<s> [webpack.Progress] 92% sealing asset processing SourceMapDevToolPlugin 8359.03721bf8d215b9a84cc3.js attach SourceMap
<s> [webpack.Progress] 92% sealing asset processing SourceMapDevToolPlugin 8359.03721bf8d215b9a84cc3.js attached SourceMap
<s> [webpack.Progress] 92% sealing asset processing SourceMapDevToolPlugin 308.9bc3e5b9c3d1f24bfdfa.js attach SourceMap
<s> [webpack.Progress] 92% sealing asset processing SourceMapDevToolPlugin 308.9bc3e5b9c3d1f24bfdfa.js attached SourceMap
<s> [webpack.Progress] 92% sealing asset processing SourceMapDevToolPlugin 1768.26d302e906ba4e57d22b.js attach SourceMap
<s> [webpack.Progress] 92% sealing asset processing SourceMapDevToolPlugin 1768.26d302e906ba4e57d22b.js attached SourceMap
<s> [webpack.Progress] 92% sealing asset processing SourceMapDevToolPlugin 2250.dd96ccdae2254d14b473.js attach SourceMap
<s> [webpack.Progress] 92% sealing asset processing SourceMapDevToolPlugin 2250.dd96ccdae2254d14b473.js attached SourceMap
<s> [webpack.Progress] 92% sealing asset processing SourceMapDevToolPlugin 9354.30d5573407967fa9bdbb.js attach SourceMap
<s> [webpack.Progress] 92% sealing asset processing SourceMapDevToolPlugin 9354.30d5573407967fa9bdbb.js attached SourceMap
<s> [webpack.Progress] 92% sealing asset processing SourceMapDevToolPlugin 1391.36ee94ac3a2e7e2e739c.js attach SourceMap
<s> [webpack.Progress] 92% sealing asset processing SourceMapDevToolPlugin 1391.36ee94ac3a2e7e2e739c.js attached SourceMap
<s> [webpack.Progress] 92% sealing asset processing SourceMapDevToolPlugin 8015.531dcdf8c1bacd0cc9bd.js attach SourceMap
<s> [webpack.Progress] 92% sealing asset processing SourceMapDevToolPlugin 8015.531dcdf8c1bacd0cc9bd.js attached SourceMap
<s> [webpack.Progress] 92% sealing asset processing SourceMapDevToolPlugin 110.e7c7326acfa7a4d1a6bf.js attach SourceMap
<s> [webpack.Progress] 92% sealing asset processing SourceMapDevToolPlugin 110.e7c7326acfa7a4d1a6bf.js attached SourceMap
<s> [webpack.Progress] 92% sealing asset processing SourceMapDevToolPlugin 3139.cbeba2d8158915329118.js attach SourceMap
<s> [webpack.Progress] 92% sealing asset processing SourceMapDevToolPlugin 3139.cbeba2d8158915329118.js attached SourceMap
<s> [webpack.Progress] 92% sealing asset processing SourceMapDevToolPlugin 3931.8412dc5a4f8afca149d5.js attach SourceMap
<s> [webpack.Progress] 92% sealing asset processing SourceMapDevToolPlugin 3931.8412dc5a4f8afca149d5.js attached SourceMap
<s> [webpack.Progress] 92% sealing asset processing SourceMapDevToolPlugin 3809.bf3057d512ae2802dc5b.js attach SourceMap
<s> [webpack.Progress] 92% sealing asset processing SourceMapDevToolPlugin 3809.bf3057d512ae2802dc5b.js attached SourceMap
<s> [webpack.Progress] 92% sealing asset processing SourceMapDevToolPlugin 7226.efff73717df87d7a9bd0.js attach SourceMap
<s> [webpack.Progress] 92% sealing asset processing SourceMapDevToolPlugin 7226.efff73717df87d7a9bd0.js attached SourceMap
<s> [webpack.Progress] 92% sealing asset processing SourceMapDevToolPlugin 185.e8e012882d469a34b82d.js attach SourceMap
<s> [webpack.Progress] 92% sealing asset processing SourceMapDevToolPlugin 185.e8e012882d469a34b82d.js attached SourceMap
<s> [webpack.Progress] 92% sealing asset processing SourceMapDevToolPlugin 8946.e50059486f0e6fa923d1.js attach SourceMap
<s> [webpack.Progress] 92% sealing asset processing SourceMapDevToolPlugin 8946.e50059486f0e6fa923d1.js attached SourceMap
<s> [webpack.Progress] 92% sealing asset processing SourceMapDevToolPlugin 5925.5bf133b9664888971604.js attach SourceMap
<s> [webpack.Progress] 92% sealing asset processing SourceMapDevToolPlugin 5925.5bf133b9664888971604.js attached SourceMap
<s> [webpack.Progress] 92% sealing asset processing SourceMapDevToolPlugin 9807.c80b91cda0d83343e3b8.js attach SourceMap
<s> [webpack.Progress] 92% sealing asset processing SourceMapDevToolPlugin 9807.c80b91cda0d83343e3b8.js attached SourceMap
<s> [webpack.Progress] 92% sealing asset processing SourceMapDevToolPlugin 5151.c9e485aff3b861eeef7b.js attach SourceMap
<s> [webpack.Progress] 92% sealing asset processing SourceMapDevToolPlugin 5151.c9e485aff3b861eeef7b.js attached SourceMap
<s> [webpack.Progress] 92% sealing asset processing SourceMapDevToolPlugin 463.a70c28c0cdc217695946.js attach SourceMap
<s> [webpack.Progress] 92% sealing asset processing SourceMapDevToolPlugin 463.a70c28c0cdc217695946.js attached SourceMap
<s> [webpack.Progress] 92% sealing asset processing SourceMapDevToolPlugin 1791.1c2d2b3c328d7a1d45f8.js attach SourceMap
<s> [webpack.Progress] 92% sealing asset processing SourceMapDevToolPlugin 1791.1c2d2b3c328d7a1d45f8.js attached SourceMap
<s> [webpack.Progress] 92% sealing asset processing SourceMapDevToolPlugin 1474.8bee5dda448f742c6ebc.js attach SourceMap
<s> [webpack.Progress] 92% sealing asset processing SourceMapDevToolPlugin 1474.8bee5dda448f742c6ebc.js attached SourceMap
<s> [webpack.Progress] 92% sealing asset processing SourceMapDevToolPlugin 5404.0cbb1d8a49c7e379914b.js attach SourceMap
<s> [webpack.Progress] 92% sealing asset processing SourceMapDevToolPlugin 5404.0cbb1d8a49c7e379914b.js attached SourceMap
<s> [webpack.Progress] 92% sealing asset processing SourceMapDevToolPlugin 1105.8e8475d426ccb05eb49e.js attach SourceMap
<s> [webpack.Progress] 92% sealing asset processing SourceMapDevToolPlugin 1105.8e8475d426ccb05eb49e.js attached SourceMap
<s> [webpack.Progress] 92% sealing asset processing SourceMapDevToolPlugin 3104.850a8c648562e5dfb3a5.js attach SourceMap
<s> [webpack.Progress] 92% sealing asset processing SourceMapDevToolPlugin 3104.850a8c648562e5dfb3a5.js attached SourceMap
<s> [webpack.Progress] 92% sealing asset processing SourceMapDevToolPlugin 5098.3e98a4a3d3c74aae57bc.js attach SourceMap
<s> [webpack.Progress] 92% sealing asset processing SourceMapDevToolPlugin 5098.3e98a4a3d3c74aae57bc.js attached SourceMap
<s> [webpack.Progress] 92% sealing asset processing SourceMapDevToolPlugin 4655.b0f5413cea7b5f15ca0e.js attach SourceMap
<s> [webpack.Progress] 92% sealing asset processing SourceMapDevToolPlugin 4655.b0f5413cea7b5f15ca0e.js attached SourceMap
<s> [webpack.Progress] 92% sealing asset processing SourceMapDevToolPlugin 1887.48d40fc8afae5253de80.js attach SourceMap
<s> [webpack.Progress] 92% sealing asset processing SourceMapDevToolPlugin 1887.48d40fc8afae5253de80.js attached SourceMap
<s> [webpack.Progress] 92% sealing asset processing SourceMapDevToolPlugin 46.9742d457addf14039056.js attach SourceMap
<s> [webpack.Progress] 92% sealing asset processing SourceMapDevToolPlugin 46.9742d457addf14039056.js attached SourceMap
<s> [webpack.Progress] 92% sealing asset processing SourceMapDevToolPlugin 6906.e731086b7a18488941e9.js attach SourceMap
<s> [webpack.Progress] 92% sealing asset processing SourceMapDevToolPlugin 6906.e731086b7a18488941e9.js attached SourceMap
<s> [webpack.Progress] 92% sealing asset processing SourceMapDevToolPlugin 7133.ae2a6c3fe3bc760b387b.js attach SourceMap
<s> [webpack.Progress] 92% sealing asset processing SourceMapDevToolPlugin 7133.ae2a6c3fe3bc760b387b.js attached SourceMap
<s> [webpack.Progress] 92% sealing asset processing SourceMapDevToolPlugin 2514.6e5abae81f531554b829.js attach SourceMap
<s> [webpack.Progress] 92% sealing asset processing SourceMapDevToolPlugin 2514.6e5abae81f531554b829.js attached SourceMap
<s> [webpack.Progress] 92% sealing asset processing SourceMapDevToolPlugin 5437.3e9d345329b64847a8d5.js attach SourceMap
<s> [webpack.Progress] 92% sealing asset processing SourceMapDevToolPlugin 5437.3e9d345329b64847a8d5.js attached SourceMap
<s> [webpack.Progress] 92% sealing asset processing SourceMapDevToolPlugin 5609.f79d03070765dd82391b.js attach SourceMap
<s> [webpack.Progress] 92% sealing asset processing SourceMapDevToolPlugin 5609.f79d03070765dd82391b.js attached SourceMap
<s> [webpack.Progress] 92% sealing asset processing SourceMapDevToolPlugin 4113.19b95cd984e3496b674a.js attach SourceMap
<s> [webpack.Progress] 92% sealing asset processing SourceMapDevToolPlugin 4113.19b95cd984e3496b674a.js attached SourceMap
<s> [webpack.Progress] 92% sealing asset processing SourceMapDevToolPlugin 1938.36d3337259f9ced6cd2a.js attach SourceMap
<s> [webpack.Progress] 92% sealing asset processing SourceMapDevToolPlugin 1938.36d3337259f9ced6cd2a.js attached SourceMap
<s> [webpack.Progress] 92% sealing asset processing SourceMapDevToolPlugin 836.e01dba2827456aedd3e5.js attach SourceMap
<s> [webpack.Progress] 92% sealing asset processing SourceMapDevToolPlugin 836.e01dba2827456aedd3e5.js attached SourceMap
<s> [webpack.Progress] 92% sealing asset processing SourceMapDevToolPlugin 1476.cd26f582f958d8538f1c.js attach SourceMap
<s> [webpack.Progress] 92% sealing asset processing SourceMapDevToolPlugin 1476.cd26f582f958d8538f1c.js attached SourceMap
<s> [webpack.Progress] 92% sealing asset processing SourceMapDevToolPlugin 2317.2c826f94c0cf2afdb315.js attach SourceMap
<s> [webpack.Progress] 92% sealing asset processing SourceMapDevToolPlugin 2317.2c826f94c0cf2afdb315.js attached SourceMap
<s> [webpack.Progress] 92% sealing asset processing SourceMapDevToolPlugin 3396.eb517e50ea1120285f4e.js attach SourceMap
<s> [webpack.Progress] 92% sealing asset processing SourceMapDevToolPlugin 3396.eb517e50ea1120285f4e.js attached SourceMap
<s> [webpack.Progress] 92% sealing asset processing SourceMapDevToolPlugin 4480.a109439b780798233565.js attach SourceMap
<s> [webpack.Progress] 92% sealing asset processing SourceMapDevToolPlugin 4480.a109439b780798233565.js attached SourceMap
<s> [webpack.Progress] 92% sealing asset processing SourceMapDevToolPlugin 4859.e488c387f516c7803694.js attach SourceMap
<s> [webpack.Progress] 92% sealing asset processing SourceMapDevToolPlugin 4859.e488c387f516c7803694.js attached SourceMap
<s> [webpack.Progress] 92% sealing asset processing SourceMapDevToolPlugin 3442.bf463f01cce006281cac.js attach SourceMap
<s> [webpack.Progress] 92% sealing asset processing SourceMapDevToolPlugin 3442.bf463f01cce006281cac.js attached SourceMap
<s> [webpack.Progress] 92% sealing asset processing SourceMapDevToolPlugin 7219.01c25676c9156e97a5b5.js attach SourceMap
<s> [webpack.Progress] 92% sealing asset processing SourceMapDevToolPlugin 7219.01c25676c9156e97a5b5.js attached SourceMap
<s> [webpack.Progress] 92% sealing asset processing SourceMapDevToolPlugin js-5fa74877.998beb60d9cdb62963bd.js attach SourceMap
<s> [webpack.Progress] 92% sealing asset processing SourceMapDevToolPlugin js-5fa74877.998beb60d9cdb62963bd.js attached SourceMap
<s> [webpack.Progress] 92% sealing asset processing SourceMapDevToolPlugin js-2c7117ce.bfd041d43ffd5c0e19d6.js attach SourceMap
<s> [webpack.Progress] 92% sealing asset processing SourceMapDevToolPlugin js-2c7117ce.bfd041d43ffd5c0e19d6.js attached SourceMap
<s> [webpack.Progress] 92% sealing asset processing SourceMapDevToolPlugin js-84e32abe.c0c8422eb984b20eb5e8.js attach SourceMap
<s> [webpack.Progress] 92% sealing asset processing SourceMapDevToolPlugin js-84e32abe.c0c8422eb984b20eb5e8.js attached SourceMap
<s> [webpack.Progress] 92% sealing asset processing SourceMapDevToolPlugin js-71051298.c8d2708c5999f4332876.js attach SourceMap
<s> [webpack.Progress] 92% sealing asset processing SourceMapDevToolPlugin js-71051298.c8d2708c5999f4332876.js attached SourceMap
<s> [webpack.Progress] 92% sealing asset processing SourceMapDevToolPlugin js-319e4a23.917b94388591369fae19.js attach SourceMap
<s> [webpack.Progress] 92% sealing asset processing SourceMapDevToolPlugin js-319e4a23.917b94388591369fae19.js attached SourceMap
<s> [webpack.Progress] 92% sealing asset processing SourceMapDevToolPlugin vendor-cdd60c62.41971c10e93d845d7440.js attach SourceMap
<s> [webpack.Progress] 92% sealing asset processing SourceMapDevToolPlugin vendor-cdd60c62.41971c10e93d845d7440.js attached SourceMap
<s> [webpack.Progress] 92% sealing asset processing SourceMapDevToolPlugin vendor-d2eb5610.7cecc8fb6b7c0d6db16d.js attach SourceMap
<s> [webpack.Progress] 92% sealing asset processing SourceMapDevToolPlugin vendor-d2eb5610.7cecc8fb6b7c0d6db16d.js attached SourceMap
<s> [webpack.Progress] 92% sealing asset processing SourceMapDevToolPlugin vendor-24e2b4df.64a4a917951b1dc96653.js attach SourceMap
<s> [webpack.Progress] 92% sealing asset processing SourceMapDevToolPlugin vendor-24e2b4df.64a4a917951b1dc96653.js attached SourceMap
<s> [webpack.Progress] 92% sealing asset processing SourceMapDevToolPlugin vendor-6fff978b.c64f90dd7a009600b6d2.js attach SourceMap
<s> [webpack.Progress] 92% sealing asset processing SourceMapDevToolPlugin vendor-6fff978b.c64f90dd7a009600b6d2.js attached SourceMap
<s> [webpack.Progress] 92% sealing asset processing SourceMapDevToolPlugin vendor-9241dc7c.ed54002f7e63b1df7327.js attach SourceMap
<s> [webpack.Progress] 92% sealing asset processing SourceMapDevToolPlugin vendor-9241dc7c.ed54002f7e63b1df7327.js attached SourceMap
<s> [webpack.Progress] 92% sealing asset processing SourceMapDevToolPlugin vendor-059be3de.d9afb03197522afd2af9.js attach SourceMap
<s> [webpack.Progress] 92% sealing asset processing SourceMapDevToolPlugin vendor-059be3de.d9afb03197522afd2af9.js attached SourceMap
<s> [webpack.Progress] 92% sealing asset processing SourceMapDevToolPlugin vendor-9fdd03a1.142770d3c05ae5b01348.js attach SourceMap
<s> [webpack.Progress] 92% sealing asset processing SourceMapDevToolPlugin vendor-9fdd03a1.142770d3c05ae5b01348.js attached SourceMap
<s> [webpack.Progress] 92% sealing asset processing SourceMapDevToolPlugin vendor-d55b92e6.84ae6500c25a00773252.js attach SourceMap
<s> [webpack.Progress] 92% sealing asset processing SourceMapDevToolPlugin vendor-d55b92e6.84ae6500c25a00773252.js attached SourceMap
<s> [webpack.Progress] 92% sealing asset processing SourceMapDevToolPlugin vendor-cafe9547.4dc3b21d4dc5e5325848.js attach SourceMap
<s> [webpack.Progress] 92% sealing asset processing SourceMapDevToolPlugin vendor-cafe9547.4dc3b21d4dc5e5325848.js attached SourceMap
<s> [webpack.Progress] 92% sealing asset processing SourceMapDevToolPlugin vendor-0c1fb56a.1f5747f1f10386f51d28.js attach SourceMap
<s> [webpack.Progress] 92% sealing asset processing SourceMapDevToolPlugin vendor-0c1fb56a.1f5747f1f10386f51d28.js attached SourceMap
<s> [webpack.Progress] 92% sealing asset processing SourceMapDevToolPlugin vendor-a58ebfdb.6bf6d8a1be882cbf7cb3.js attach SourceMap
<s> [webpack.Progress] 92% sealing asset processing SourceMapDevToolPlugin vendor-a58ebfdb.6bf6d8a1be882cbf7cb3.js attached SourceMap
<s> [webpack.Progress] 92% sealing asset processing SourceMapDevToolPlugin vendor-da2abae2.b7eb115f0cc0fbd80d7f.js attach SourceMap
<s> [webpack.Progress] 92% sealing asset processing SourceMapDevToolPlugin vendor-da2abae2.b7eb115f0cc0fbd80d7f.js attached SourceMap
<s> [webpack.Progress] 92% sealing asset processing SourceMapDevToolPlugin vendor-0bc0478e.876412825db76fadd92e.js attach SourceMap
<s> [webpack.Progress] 92% sealing asset processing SourceMapDevToolPlugin vendor-0bc0478e.876412825db76fadd92e.js attached SourceMap
<s> [webpack.Progress] 92% sealing asset processing SourceMapDevToolPlugin vendor-5a94f17d.4a178459ed7da5470f95.js attach SourceMap
<s> [webpack.Progress] 92% sealing asset processing SourceMapDevToolPlugin vendor-5a94f17d.4a178459ed7da5470f95.js attached SourceMap
<s> [webpack.Progress] 92% sealing asset processing SourceMapDevToolPlugin vendor-eaa8b4e8.cc07c309c7fd766ba37f.js attach SourceMap
<s> [webpack.Progress] 92% sealing asset processing SourceMapDevToolPlugin vendor-eaa8b4e8.cc07c309c7fd766ba37f.js attached SourceMap
<s> [webpack.Progress] 92% sealing asset processing SourceMapDevToolPlugin vendor-229eafb5.c572e3b5f474e14636bc.js attach SourceMap
<s> [webpack.Progress] 92% sealing asset processing SourceMapDevToolPlugin vendor-229eafb5.c572e3b5f474e14636bc.js attached SourceMap
<s> [webpack.Progress] 92% sealing asset processing SourceMapDevToolPlugin 8554.eaac101a716079feffa5.js attach SourceMap
<s> [webpack.Progress] 92% sealing asset processing SourceMapDevToolPlugin 8554.eaac101a716079feffa5.js attached SourceMap
<s> [webpack.Progress] 92% sealing asset processing SourceMapDevToolPlugin 1245.180ed6a99eea832f36e4.js attach SourceMap
<s> [webpack.Progress] 92% sealing asset processing SourceMapDevToolPlugin 1245.180ed6a99eea832f36e4.js attached SourceMap
<s> [webpack.Progress] 92% sealing asset processing SourceMapDevToolPlugin 1089.6c915581818ae5e7f4fb.js attach SourceMap
<s> [webpack.Progress] 92% sealing asset processing SourceMapDevToolPlugin 1089.6c915581818ae5e7f4fb.js attached SourceMap
<s> [webpack.Progress] 92% sealing asset processing SourceMapDevToolPlugin 2267.b3879f22828184f3494a.js attach SourceMap
<s> [webpack.Progress] 92% sealing asset processing SourceMapDevToolPlugin 2267.b3879f22828184f3494a.js attached SourceMap
<s> [webpack.Progress] 92% sealing asset processing SourceMapDevToolPlugin 9523.71b4e5338d6f796be89b.js attach SourceMap
<s> [webpack.Progress] 92% sealing asset processing SourceMapDevToolPlugin 9523.71b4e5338d6f796be89b.js attached SourceMap
<s> [webpack.Progress] 92% sealing asset processing SourceMapDevToolPlugin 9525.9e9da94ef317ffa5487d.js attach SourceMap
<s> [webpack.Progress] 92% sealing asset processing SourceMapDevToolPlugin 9525.9e9da94ef317ffa5487d.js attached SourceMap
<s> [webpack.Progress] 92% sealing asset processing SourceMapDevToolPlugin 782.914d3ca88f0307307ca6.js attach SourceMap
<s> [webpack.Progress] 92% sealing asset processing SourceMapDevToolPlugin 782.914d3ca88f0307307ca6.js attached SourceMap
<s> [webpack.Progress] 92% sealing asset processing SourceMapDevToolPlugin 2913.a2a313f76f0decd801be.js attach SourceMap
<s> [webpack.Progress] 92% sealing asset processing SourceMapDevToolPlugin 2913.a2a313f76f0decd801be.js attached SourceMap
<s> [webpack.Progress] 92% sealing asset processing SourceMapDevToolPlugin 4594.f8ca38681a68b97e7c22.js attach SourceMap
<s> [webpack.Progress] 92% sealing asset processing SourceMapDevToolPlugin 4594.f8ca38681a68b97e7c22.js attached SourceMap
<s> [webpack.Progress] 92% sealing asset processing SourceMapDevToolPlugin 2806.6b8792394318e8e47925.js attach SourceMap
<s> [webpack.Progress] 92% sealing asset processing SourceMapDevToolPlugin 2806.6b8792394318e8e47925.js attached SourceMap
<s> [webpack.Progress] 92% sealing asset processing SourceMapDevToolPlugin 8190.119838abda6f806c699f.js attach SourceMap
<s> [webpack.Progress] 92% sealing asset processing SourceMapDevToolPlugin 8190.119838abda6f806c699f.js attached SourceMap
<s> [webpack.Progress] 92% sealing asset processing SourceMapDevToolPlugin 268.dbc2a38c4833aba34466.js attach SourceMap
<s> [webpack.Progress] 92% sealing asset processing SourceMapDevToolPlugin 268.dbc2a38c4833aba34466.js attached SourceMap
<s> [webpack.Progress] 92% sealing asset processing SourceMapDevToolPlugin 9417.26300b950447a80be574.js attach SourceMap
<s> [webpack.Progress] 92% sealing asset processing SourceMapDevToolPlugin 9417.26300b950447a80be574.js attached SourceMap
<s> [webpack.Progress] 92% sealing asset processing SourceMapDevToolPlugin 3841.ff129be3c544870f9578.js attach SourceMap
<s> [webpack.Progress] 92% sealing asset processing SourceMapDevToolPlugin 3841.ff129be3c544870f9578.js attached SourceMap
<s> [webpack.Progress] 92% sealing asset processing SourceMapDevToolPlugin 388.f73f2eade0a6c47706a9.js attach SourceMap
<s> [webpack.Progress] 92% sealing asset processing SourceMapDevToolPlugin 388.f73f2eade0a6c47706a9.js attached SourceMap
<s> [webpack.Progress] 92% sealing asset processing SourceMapDevToolPlugin 4544.1d25570566ca799fbd95.js attach SourceMap
<s> [webpack.Progress] 92% sealing asset processing SourceMapDevToolPlugin 4544.1d25570566ca799fbd95.js attached SourceMap
<s> [webpack.Progress] 92% sealing asset processing SourceMapDevToolPlugin
<s> [webpack.Progress] 92% sealing asset processing SourceMapDevToolPlugin
<s> [webpack.Progress] 92% sealing asset processing SourceMapDevToolPlugin resolve sources
<s> [webpack.Progress] 92% sealing asset processing SourceMapDevToolPlugin
<s> [webpack.Progress] 92% sealing asset processing RealContentHashPlugin
<s> [webpack.Progress] 92% sealing asset processing RealContentHashPlugin
<s> [webpack.Progress] 92% sealing asset processing RealContentHashPlugin usb-permissions.276d3937ce9d41f04055.js generate SourceMap
<s> [webpack.Progress] 92% sealing asset processing RealContentHashPlugin usb-permissions.276d3937ce9d41f04055.js generated SourceMap
<s> [webpack.Progress] 92% sealing asset processing RealContentHashPlugin 6401.fd0961664f365a281da4.js generate SourceMap
<s> [webpack.Progress] 92% sealing asset processing RealContentHashPlugin 6401.fd0961664f365a281da4.js generated SourceMap
<s> [webpack.Progress] 92% sealing asset processing RealContentHashPlugin resolve sources
<s> [webpack.Progress] 92% sealing asset processing RealContentHashPlugin
<s> [webpack.Progress] 92% sealing asset processing html-bundler-webpack-plugin
<s> [webpack.Progress] 92% sealing asset processing ManifestPlugin
<s> [webpack.Progress] 92% sealing asset processing ManifestPlugin
<s> [webpack.Progress] 92% sealing asset processing ManifestPlugin chrome/snaps/bundle.js generate SourceMap
<s> [webpack.Progress] 92% sealing asset processing ManifestPlugin chrome/snaps/bundle.js generated SourceMap
<s> [webpack.Progress] 92% sealing asset processing ManifestPlugin chrome/usb-permissions.276d3937ce9d41f04055.js generate SourceMap
<s> [webpack.Progress] 92% sealing asset processing ManifestPlugin chrome/usb-permissions.276d3937ce9d41f04055.js generated SourceMap
<s> [webpack.Progress] 92% sealing asset processing ManifestPlugin chrome/6401.fd0961664f365a281da4.js generate SourceMap
<s> [webpack.Progress] 92% sealing asset processing ManifestPlugin chrome/6401.fd0961664f365a281da4.js generated SourceMap
<s> [webpack.Progress] 92% sealing asset processing ManifestPlugin resolve sources
<s> [webpack.Progress] 92% sealing asset processing ManifestPlugin
<s> [webpack.Progress] 92% sealing asset processing
<s> [webpack.Progress] 93% sealing after asset optimization
<s> [webpack.Progress] 93% sealing after asset optimization
<s> [webpack.Progress] 93% sealing recording
<s> [webpack.Progress] 93% sealing recording
<s> [webpack.Progress] 94% sealing after seal
<s> [webpack.Progress] 94% sealing after seal
<s> [webpack.Progress] 95% emitting emit
<s> [webpack.Progress] 95% emitting emit CleanPlugin
<s> [webpack.Progress] 95% emitting emit
<s> [webpack.Progress] 98% emitting after emit
<s> [webpack.Progress] 98% emitting after emit html-bundler-webpack-plugin
<s> [webpack.Progress] 98% emitting after emit SizeLimitsPlugin
<s> [webpack.Progress] 98% emitting after emit
<s> [webpack.Progress] 99% done plugins
<s> [webpack.Progress] 99% done plugins html-bundler-webpack-plugin
<s> [webpack.Progress] 99% done plugins
<s> [webpack.Progress] 99% 

<s> [webpack.Progress] 99% cache store build dependencies
<s> [webpack.Progress] 99% cache store build dependencies
<s> [webpack.Progress] 99% cache begin idle
<s> [webpack.Progress] 99% cache begin idle
<s> [webpack.Progress] 100% 

WARNING in ../ui/css/index.scss
Module Warning (from ../node_modules/sass-loader/dist/cjs.js):
Deprecation Warning on line 3, column 8 of file:///Users/deeeed/dev/metamask/metamask-extension-2/ui/css/index.scss:3:8:
Sass @import rules are deprecated and will be removed in Dart Sass 3.0.0.

More info and automated migrator: https://sass-lang.com/d/import

3 | @import './tailwind';


file:///Users/deeeed/dev/metamask/metamask-extension-2/ui/css/index.scss 4:9  root stylesheet

WARNING in ../ui/css/index.scss
Module Warning (from ../node_modules/sass-loader/dist/cjs.js):
Deprecation Warning on line 4, column 8 of file:///Users/deeeed/dev/metamask/metamask-extension-2/ui/css/index.scss:4:8:
Sass @import rules are deprecated and will be removed in Dart Sass 3.0.0.

More info and automated migrator: https://sass-lang.com/d/import

4 | @import './utilities/fonts.scss';


file:///Users/deeeed/dev/metamask/metamask-extension-2/ui/css/index.scss 5:9  root stylesheet

WARNING in ../ui/css/index.scss
Module Warning (from ../node_modules/sass-loader/dist/cjs.js):
Deprecation Warning on line 5, column 8 of file:///Users/deeeed/dev/metamask/metamask-extension-2/ui/css/index.scss:5:8:
Sass @import rules are deprecated and will be removed in Dart Sass 3.0.0.

More info and automated migrator: https://sass-lang.com/d/import

5 | @import './utilities/colors.scss';


file:///Users/deeeed/dev/metamask/metamask-extension-2/ui/css/index.scss 6:9  root stylesheet

WARNING in ../ui/css/index.scss
Module Warning (from ../node_modules/sass-loader/dist/cjs.js):
Deprecation Warning on line 5, column 15 of file:///Users/deeeed/dev/metamask/metamask-extension-2/ui/css/utilities/fonts.scss:5:15:
The Sass if() syntax is deprecated in favor of the modern CSS syntax.

Suggestion: if(sass(meta.function-exists("-mm-fa-path")): -mm-fa-path())

More info: https://sass-lang.com/d/if-function

5 | $fa-font-path: if(meta.function-exists('-mm-fa-path'), -mm-fa-path(), null);


file:///Users/deeeed/dev/metamask/metamask-extension-2/ui/css/utilities/fonts.scss 6:16  @import
file:///Users/deeeed/dev/metamask/metamask-extension-2/ui/css/index.scss 5:9             root stylesheet

WARNING in ../ui/css/index.scss
Module Warning (from ../node_modules/sass-loader/dist/cjs.js):
Deprecation Warning on line 6, column 8 of file:///Users/deeeed/dev/metamask/metamask-extension-2/ui/css/index.scss:6:8:
Sass @import rules are deprecated and will be removed in Dart Sass 3.0.0.

More info and automated migrator: https://sass-lang.com/d/import

6 | @import './utilities/opacity.scss';


file:///Users/deeeed/dev/metamask/metamask-extension-2/ui/css/index.scss 7:9  root stylesheet

WARNING in ../ui/css/index.scss
Module Warning (from ../node_modules/sass-loader/dist/cjs.js):
Deprecation Warning on line 7, column 8 of file:///Users/deeeed/dev/metamask/metamask-extension-2/ui/css/index.scss:7:8:
Sass @import rules are deprecated and will be removed in Dart Sass 3.0.0.

More info and automated migrator: https://sass-lang.com/d/import

7 | @import './utilities/page-transitions.scss';


file:///Users/deeeed/dev/metamask/metamask-extension-2/ui/css/index.scss 8:9  root stylesheet

WARNING in ../ui/css/index.scss
Module Warning (from ../node_modules/sass-loader/dist/cjs.js):
Deprecation Warning on line 17, column 15 of file:///Users/deeeed/dev/metamask/metamask-extension-2/ui/css/design-system/_typography.scss:17:15:
Global built-in functions are deprecated and will be removed in Dart Sass 3.0.0.
Use map.get instead.

More info and automated migrator: https://sass-lang.com/d/import

17 | $font-size-h1: map-get($typography-variants, 'h1');


file:///Users/deeeed/dev/metamask/metamask-extension-2/ui/css/design-system/_typography.scss 18:16  @forward
file:///Users/deeeed/dev/metamask/metamask-extension-2/ui/css/design-system/_index.scss 4:1         @use
file:///Users/deeeed/dev/metamask/metamask-extension-2/ui/css/base-styles.scss 1:36                 @import
file:///Users/deeeed/dev/metamask/metamask-extension-2/ui/css/index.scss 9:9                        root stylesheet

WARNING in ../ui/css/index.scss
Module Warning (from ../node_modules/sass-loader/dist/cjs.js):
Deprecation Warning on line 18, column 15 of file:///Users/deeeed/dev/metamask/metamask-extension-2/ui/css/design-system/_typography.scss:18:15:
Global built-in functions are deprecated and will be removed in Dart Sass 3.0.0.
Use map.get instead.

More info and automated migrator: https://sass-lang.com/d/import

18 | $font-size-h2: map-get($typography-variants, 'h2');


file:///Users/deeeed/dev/metamask/metamask-extension-2/ui/css/design-system/_typography.scss 19:16  @forward
file:///Users/deeeed/dev/metamask/metamask-extension-2/ui/css/design-system/_index.scss 4:1         @use
file:///Users/deeeed/dev/metamask/metamask-extension-2/ui/css/base-styles.scss 1:36                 @import
file:///Users/deeeed/dev/metamask/metamask-extension-2/ui/css/index.scss 9:9                        root stylesheet

WARNING in ../ui/css/index.scss
Module Warning (from ../node_modules/sass-loader/dist/cjs.js):
Deprecation Warning on line 19, column 10 of file:///Users/deeeed/dev/metamask/metamask-extension-2/node_modules/@fortawesome/fontawesome-free/scss/_variables.scss:19:10:
Global built-in functions are deprecated and will be removed in Dart Sass 3.0.0.
Use string.unquote instead.

More info and automated migrator: https://sass-lang.com/d/import

19 |   @return unquote("\"#{ $fa-var }\"");


file:///Users/deeeed/dev/metamask/metamask-extension-2/node_modules/@fortawesome/fontawesome-free/scss/_variables.scss 20:11  fa-content()
file:///Users/deeeed/dev/metamask/metamask-extension-2/node_modules/@fortawesome/fontawesome-free/scss/_icons.scss 4:44       @import
file:///Users/deeeed/dev/metamask/metamask-extension-2/node_modules/@fortawesome/fontawesome-free/scss/fontawesome.scss 15:9  @forward
file:///Users/deeeed/dev/metamask/metamask-extension-2/ui/css/utilities/fonts.scss 11:1                                       @import
file:///Users/deeeed/dev/metamask/metamask-extension-2/ui/css/index.scss 5:9                                                  root stylesheet

WARNING in ../ui/css/index.scss
Module Warning (from ../node_modules/sass-loader/dist/cjs.js):
Deprecation Warning on line 19, column 15 of file:///Users/deeeed/dev/metamask/metamask-extension-2/ui/css/design-system/_typography.scss:19:15:
Global built-in functions are deprecated and will be removed in Dart Sass 3.0.0.
Use map.get instead.

More info and automated migrator: https://sass-lang.com/d/import

19 | $font-size-h3: map-get($typography-variants, 'h3');


file:///Users/deeeed/dev/metamask/metamask-extension-2/ui/css/design-system/_typography.scss 20:16  @forward
file:///Users/deeeed/dev/metamask/metamask-extension-2/ui/css/design-system/_index.scss 4:1         @use
file:///Users/deeeed/dev/metamask/metamask-extension-2/ui/css/base-styles.scss 1:36                 @import
file:///Users/deeeed/dev/metamask/metamask-extension-2/ui/css/index.scss 9:9                        root stylesheet

WARNING in ../ui/css/index.scss
Module Warning (from ../node_modules/sass-loader/dist/cjs.js):
Deprecation Warning on line 20, column 15 of file:///Users/deeeed/dev/metamask/metamask-extension-2/ui/css/design-system/_typography.scss:20:15:
Global built-in functions are deprecated and will be removed in Dart Sass 3.0.0.
Use map.get instead.

More info and automated migrator: https://sass-lang.com/d/import

20 | $font-size-h4: map-get($typography-variants, 'h4');


file:///Users/deeeed/dev/metamask/metamask-extension-2/ui/css/design-system/_typography.scss 21:16  @forward
file:///Users/deeeed/dev/metamask/metamask-extension-2/ui/css/design-system/_index.scss 4:1         @use
file:///Users/deeeed/dev/metamask/metamask-extension-2/ui/css/base-styles.scss 1:36                 @import
file:///Users/deeeed/dev/metamask/metamask-extension-2/ui/css/index.scss 9:9                        root stylesheet

WARNING in ../ui/css/index.scss
Module Warning (from ../node_modules/sass-loader/dist/cjs.js):
Deprecation Warning on line 113, column 27 of file:///Users/deeeed/dev/metamask/metamask-extension-2/ui/components/app/snaps/snap-ui-renderer/index.scss:113:27:
Adjacent compound selectors must be separated by whitespace. This will be an error in Dart Sass 2.0.0. Suggestion:

* div

More info: https://sass-lang.com/d/adjacent-compounds

113 |   .toggle-button--disabled *div {

WARNING in ../ui/css/index.scss
Module Warning (from ../node_modules/sass-loader/dist/cjs.js):
331 repetitive deprecation warnings omitted.
Run in verbose mode to see all warnings.

WARNING in entrypoint size limit: The following entrypoint(s) combined asset size exceeds the recommended limit (244 KiB). This can impact web performance.
Entrypoints:
  scripts/contentscript.js (1.26 MiB)
      chrome/scripts/contentscript.js
  scripts/inpage.js (344 KiB)
      chrome/scripts/inpage.js
  vendor/trezor/content-script.js (285 KiB)
      chrome/vendor/trezor/content-script.js
  service-worker.ts (1.39 MiB)
      chrome/service-worker.js
  home (14.1 MiB)
      chrome/runtime.674513abac87cc3e567e.js
      chrome/js-5fa74877.7caadb6e9f2d61058a7e.js
      chrome/js-2c7117ce.c8f074698be66a403832.js
      chrome/js-84e32abe.f6576c3b7f623a74163b.js
      chrome/js-71051298.23a9e099d3c0e7835f4a.js
      chrome/js-319e4a23.27b03c130b1c72d21b16.js
      chrome/js-de2d6f9a.6ae955c9c6167b7d792c.js
      chrome/vendor-cdd60c62.69fa6ca3984ef02b8846.js
      chrome/vendor-d2eb5610.ff1bd39ab37ce5b46063.js
      chrome/vendor-24e2b4df.98c69e4a7e52cc6b4b02.js
      chrome/vendor-6fff978b.dae41820704c0a20d4cf.js
      chrome/vendor-9241dc7c.5ecda86c79e3ee490513.js
      chrome/vendor-059be3de.3687691f1c7b82d94ed7.js
      chrome/vendor-9fdd03a1.ccd96eeb42a45746fb64.js
      chrome/vendor-d55b92e6.443cbdbb483d4b745e4e.js
      chrome/vendor-cafe9547.652e2e6954d6bb918b9d.js
      chrome/vendor-0c1fb56a.c14f56e5f6bfb5e386e9.js
      chrome/vendor-a58ebfdb.87f9255dfb9841379902.js
      chrome/vendor-da2abae2.40bff82e4da7b12295e5.js
      chrome/vendor-0bc0478e.6062112bddda48d058cc.js
      chrome/vendor-5a94f17d.780e857e348bdec24e59.js
      chrome/vendor-eaa8b4e8.c51b32a3368d2c0fa00f.js
      chrome/vendor-229eafb5.f6527847cc62fe5275f4.js
      chrome/vendor-a5ce148e.546a9bc6d62572dc16c0.js
      chrome/home.html
      chrome/index.css
  loading (785 KiB)
      chrome/runtime.674513abac87cc3e567e.js
      chrome/loading.html
  notification (13.4 MiB)
      chrome/runtime.674513abac87cc3e567e.js
      chrome/js-5fa74877.7caadb6e9f2d61058a7e.js
      chrome/js-2c7117ce.c8f074698be66a403832.js
      chrome/js-84e32abe.f6576c3b7f623a74163b.js
      chrome/js-71051298.23a9e099d3c0e7835f4a.js
      chrome/js-319e4a23.27b03c130b1c72d21b16.js
      chrome/js-de2d6f9a.6ae955c9c6167b7d792c.js
      chrome/vendor-cdd60c62.69fa6ca3984ef02b8846.js
      chrome/vendor-d2eb5610.ff1bd39ab37ce5b46063.js
      chrome/vendor-24e2b4df.98c69e4a7e52cc6b4b02.js
      chrome/vendor-6fff978b.dae41820704c0a20d4cf.js
      chrome/vendor-9241dc7c.5ecda86c79e3ee490513.js
      chrome/vendor-059be3de.3687691f1c7b82d94ed7.js
      chrome/vendor-9fdd03a1.ccd96eeb42a45746fb64.js
      chrome/vendor-d55b92e6.443cbdbb483d4b745e4e.js
      chrome/vendor-cafe9547.652e2e6954d6bb918b9d.js
      chrome/vendor-0c1fb56a.c14f56e5f6bfb5e386e9.js
      chrome/vendor-a58ebfdb.87f9255dfb9841379902.js
      chrome/vendor-da2abae2.40bff82e4da7b12295e5.js
      chrome/vendor-0bc0478e.6062112bddda48d058cc.js
      chrome/vendor-5a94f17d.780e857e348bdec24e59.js
      chrome/vendor-eaa8b4e8.c51b32a3368d2c0fa00f.js
      chrome/vendor-229eafb5.f6527847cc62fe5275f4.js
      chrome/vendor-a5ce148e.546a9bc6d62572dc16c0.js
      chrome/notification.html
  popup-init (785 KiB)
      chrome/runtime.674513abac87cc3e567e.js
      chrome/popup-init.html
  popup (13.4 MiB)
      chrome/runtime.674513abac87cc3e567e.js
      chrome/js-5fa74877.7caadb6e9f2d61058a7e.js
      chrome/js-2c7117ce.c8f074698be66a403832.js
      chrome/js-84e32abe.f6576c3b7f623a74163b.js
      chrome/js-71051298.23a9e099d3c0e7835f4a.js
      chrome/js-319e4a23.27b03c130b1c72d21b16.js
      chrome/js-de2d6f9a.6ae955c9c6167b7d792c.js
      chrome/vendor-cdd60c62.69fa6ca3984ef02b8846.js
      chrome/vendor-d2eb5610.ff1bd39ab37ce5b46063.js
      chrome/vendor-24e2b4df.98c69e4a7e52cc6b4b02.js
      chrome/vendor-6fff978b.dae41820704c0a20d4cf.js
      chrome/vendor-9241dc7c.5ecda86c79e3ee490513.js
      chrome/vendor-059be3de.3687691f1c7b82d94ed7.js
      chrome/vendor-9fdd03a1.ccd96eeb42a45746fb64.js
      chrome/vendor-d55b92e6.443cbdbb483d4b745e4e.js
      chrome/vendor-cafe9547.652e2e6954d6bb918b9d.js
      chrome/vendor-0c1fb56a.c14f56e5f6bfb5e386e9.js
      chrome/vendor-a58ebfdb.87f9255dfb9841379902.js
      chrome/vendor-da2abae2.40bff82e4da7b12295e5.js
      chrome/vendor-0bc0478e.6062112bddda48d058cc.js
      chrome/vendor-5a94f17d.780e857e348bdec24e59.js
      chrome/vendor-eaa8b4e8.c51b32a3368d2c0fa00f.js
      chrome/vendor-229eafb5.f6527847cc62fe5275f4.js
      chrome/vendor-a5ce148e.546a9bc6d62572dc16c0.js
      chrome/popup.html
  sidepanel (13.4 MiB)
      chrome/runtime.674513abac87cc3e567e.js
      chrome/js-5fa74877.7caadb6e9f2d61058a7e.js
      chrome/js-2c7117ce.c8f074698be66a403832.js
      chrome/js-84e32abe.f6576c3b7f623a74163b.js
      chrome/js-71051298.23a9e099d3c0e7835f4a.js
      chrome/js-319e4a23.27b03c130b1c72d21b16.js
      chrome/js-de2d6f9a.6ae955c9c6167b7d792c.js
      chrome/vendor-cdd60c62.69fa6ca3984ef02b8846.js
      chrome/vendor-d2eb5610.ff1bd39ab37ce5b46063.js
      chrome/vendor-24e2b4df.98c69e4a7e52cc6b4b02.js
      chrome/vendor-6fff978b.dae41820704c0a20d4cf.js
      chrome/vendor-9241dc7c.5ecda86c79e3ee490513.js
      chrome/vendor-059be3de.3687691f1c7b82d94ed7.js
      chrome/vendor-9fdd03a1.ccd96eeb42a45746fb64.js
      chrome/vendor-d55b92e6.443cbdbb483d4b745e4e.js
      chrome/vendor-cafe9547.652e2e6954d6bb918b9d.js
      chrome/vendor-0c1fb56a.c14f56e5f6bfb5e386e9.js
      chrome/vendor-a58ebfdb.87f9255dfb9841379902.js
      chrome/vendor-da2abae2.40bff82e4da7b12295e5.js
      chrome/vendor-0bc0478e.6062112bddda48d058cc.js
      chrome/vendor-5a94f17d.780e857e348bdec24e59.js
      chrome/vendor-eaa8b4e8.c51b32a3368d2c0fa00f.js
      chrome/vendor-229eafb5.f6527847cc62fe5275f4.js
      chrome/vendor-a5ce148e.546a9bc6d62572dc16c0.js
      chrome/sidepanel.html
  offscreen (13.4 MiB)
      chrome/runtime.674513abac87cc3e567e.js
      chrome/js-5fa74877.7caadb6e9f2d61058a7e.js
      chrome/js-2c7117ce.c8f074698be66a403832.js
      chrome/js-84e32abe.f6576c3b7f623a74163b.js
      chrome/js-71051298.23a9e099d3c0e7835f4a.js
      chrome/js-319e4a23.27b03c130b1c72d21b16.js
      chrome/js-de2d6f9a.6ae955c9c6167b7d792c.js
      chrome/vendor-cdd60c62.69fa6ca3984ef02b8846.js
      chrome/vendor-d2eb5610.ff1bd39ab37ce5b46063.js
      chrome/vendor-24e2b4df.98c69e4a7e52cc6b4b02.js
      chrome/vendor-6fff978b.dae41820704c0a20d4cf.js
      chrome/vendor-9241dc7c.5ecda86c79e3ee490513.js
      chrome/vendor-059be3de.3687691f1c7b82d94ed7.js
      chrome/vendor-9fdd03a1.ccd96eeb42a45746fb64.js
      chrome/vendor-d55b92e6.443cbdbb483d4b745e4e.js
      chrome/vendor-cafe9547.652e2e6954d6bb918b9d.js
      chrome/vendor-0c1fb56a.c14f56e5f6bfb5e386e9.js
      chrome/vendor-a58ebfdb.87f9255dfb9841379902.js
      chrome/vendor-da2abae2.40bff82e4da7b12295e5.js
      chrome/vendor-0bc0478e.6062112bddda48d058cc.js
      chrome/vendor-5a94f17d.780e857e348bdec24e59.js
      chrome/vendor-eaa8b4e8.c51b32a3368d2c0fa00f.js
      chrome/vendor-229eafb5.f6527847cc62fe5275f4.js
      chrome/vendor-a5ce148e.546a9bc6d62572dc16c0.js
      chrome/offscreen.html
  trezor-usb-permissions (3.99 MiB)
      chrome/runtime.674513abac87cc3e567e.js
      chrome/js-5fa74877.7caadb6e9f2d61058a7e.js
      chrome/js-2c7117ce.c8f074698be66a403832.js
      chrome/js-84e32abe.f6576c3b7f623a74163b.js
      chrome/js-71051298.23a9e099d3c0e7835f4a.js
      chrome/js-319e4a23.27b03c130b1c72d21b16.js
      chrome/js-de2d6f9a.6ae955c9c6167b7d792c.js
      chrome/trezor-usb-permissions.html
  bootstrap (664 KiB)
      chrome/bootstrap.e8b815114282ed005da5.js
  ui (14.2 MiB)
      chrome/runtime.674513abac87cc3e567e.js
      chrome/js-5fa74877.7caadb6e9f2d61058a7e.js
      chrome/js-2c7117ce.c8f074698be66a403832.js
      chrome/js-84e32abe.f6576c3b7f623a74163b.js
      chrome/js-71051298.23a9e099d3c0e7835f4a.js
      chrome/js-319e4a23.27b03c130b1c72d21b16.js
      chrome/js-de2d6f9a.6ae955c9c6167b7d792c.js
      chrome/vendor-cdd60c62.69fa6ca3984ef02b8846.js
      chrome/vendor-d2eb5610.ff1bd39ab37ce5b46063.js
      chrome/vendor-24e2b4df.98c69e4a7e52cc6b4b02.js
      chrome/vendor-6fff978b.dae41820704c0a20d4cf.js
      chrome/vendor-9241dc7c.5ecda86c79e3ee490513.js
      chrome/vendor-059be3de.3687691f1c7b82d94ed7.js
      chrome/vendor-9fdd03a1.ccd96eeb42a45746fb64.js
      chrome/vendor-d55b92e6.443cbdbb483d4b745e4e.js
      chrome/vendor-cafe9547.652e2e6954d6bb918b9d.js
      chrome/vendor-0c1fb56a.c14f56e5f6bfb5e386e9.js
      chrome/vendor-a58ebfdb.87f9255dfb9841379902.js
      chrome/vendor-da2abae2.40bff82e4da7b12295e5.js
      chrome/vendor-0bc0478e.6062112bddda48d058cc.js
      chrome/vendor-5a94f17d.780e857e348bdec24e59.js
      chrome/vendor-eaa8b4e8.c51b32a3368d2c0fa00f.js
      chrome/vendor-229eafb5.f6527847cc62fe5275f4.js
      chrome/vendor-a5ce148e.546a9bc6d62572dc16c0.js
      chrome/ui.eacc0064604569afab3d.js
  offscreen.1 (14.3 MiB)
      chrome/runtime.674513abac87cc3e567e.js
      chrome/js-5fa74877.7caadb6e9f2d61058a7e.js
      chrome/js-2c7117ce.c8f074698be66a403832.js
      chrome/js-84e32abe.f6576c3b7f623a74163b.js
      chrome/js-71051298.23a9e099d3c0e7835f4a.js
      chrome/js-319e4a23.27b03c130b1c72d21b16.js
      chrome/js-de2d6f9a.6ae955c9c6167b7d792c.js
      chrome/vendor-cdd60c62.69fa6ca3984ef02b8846.js
      chrome/vendor-d2eb5610.ff1bd39ab37ce5b46063.js
      chrome/vendor-24e2b4df.98c69e4a7e52cc6b4b02.js
      chrome/vendor-6fff978b.dae41820704c0a20d4cf.js
      chrome/vendor-9241dc7c.5ecda86c79e3ee490513.js
      chrome/vendor-059be3de.3687691f1c7b82d94ed7.js
      chrome/vendor-9fdd03a1.ccd96eeb42a45746fb64.js
      chrome/vendor-d55b92e6.443cbdbb483d4b745e4e.js
      chrome/vendor-cafe9547.652e2e6954d6bb918b9d.js
      chrome/vendor-0c1fb56a.c14f56e5f6bfb5e386e9.js
      chrome/vendor-a58ebfdb.87f9255dfb9841379902.js
      chrome/vendor-da2abae2.40bff82e4da7b12295e5.js
      chrome/vendor-0bc0478e.6062112bddda48d058cc.js
      chrome/vendor-5a94f17d.780e857e348bdec24e59.js
      chrome/vendor-eaa8b4e8.c51b32a3368d2c0fa00f.js
      chrome/vendor-229eafb5.f6527847cc62fe5275f4.js
      chrome/vendor-a5ce148e.546a9bc6d62572dc16c0.js
      chrome/offscreen.1.9685b4d8de292d5a757c.js
  usb-permissions (3.99 MiB)
      chrome/runtime.674513abac87cc3e567e.js
      chrome/js-5fa74877.7caadb6e9f2d61058a7e.js
      chrome/js-2c7117ce.c8f074698be66a403832.js
      chrome/js-84e32abe.f6576c3b7f623a74163b.js
      chrome/js-71051298.23a9e099d3c0e7835f4a.js
      chrome/js-319e4a23.27b03c130b1c72d21b16.js
      chrome/js-de2d6f9a.6ae955c9c6167b7d792c.js
      chrome/usb-permissions.276d3937ce9d41f04055.js

🦊 MetaMask – production compiled with 14 warnings
<s> [webpack.Progress] 99% cache shutdown
<s> [webpack.Progress] 99% cache shutdown MemoryCachePlugin
<s> [webpack.Progress] 99% cache shutdown
<s> [webpack.Progress] 100% 

[recipe-harness] non-test LavaMoat build completed
[recipe-harness] snapshotting dist -> runtime-dist: /Users/deeeed/dev/metamask/metamask-extension-2/temp/recipe/runtime/runtime-dist
[recipe-harness] runtime-dist snapshot complete
Configured runtime Infura credentials through manifest flags.
[fixture] Generated Extension fixture state: accounts=10 selected=dev1
[fixture] Prefilled Extension profile storage for hebhblbkkdabgoldnojllkipeoacjioc (2 keys)
[fixture] chrome.storage is scuttled in the page realm; validating the prefilled profile state instead.
[fixture] CDP validated Extension wallet fixture: accounts=34 selected=Account 1
